program,mutant_id,mutation_type,verdict,rule,safe_status,unsafe_status,soundness_violation
factorial.ml,1,insertion,REJECTED,BAD_OPCODE,N/A,CRASH_IndexError,False
factorial.ml,2,operand_corruption,ACCEPTED,,CLEAN,N/A,False
factorial.ml,3,bit_flip,ACCEPTED,,CLEAN,N/A,False
factorial.ml,4,bit_flip,ACCEPTED,,CLEAN,N/A,False
factorial.ml,5,bit_flip,ACCEPTED,,STEP_LIMIT,N/A,False
factorial.ml,6,metadata_max_stack,REJECTED,STACK_OVERFLOW,N/A,COMPLETED,False
factorial.ml,7,deletion,REJECTED,FALLTHROUGH,N/A,CRASH_IndexError,False
factorial.ml,8,insertion,REJECTED,BAD_OPCODE,N/A,CRASH_IndexError,False
factorial.ml,9,operand_corruption,REJECTED,BAD_OPCODE,N/A,CRASH_IndexError,False
factorial.ml,10,deletion,REJECTED,BAD_OPCODE,N/A,CRASH_ValueError,False
factorial.ml,11,operand_corruption,REJECTED,BAD_OPCODE,N/A,CRASH_IndexError,False
factorial.ml,12,insertion,REJECTED,BAD_JUMP,N/A,COMPLETED,False
factorial.ml,13,insertion,REJECTED,BAD_OPCODE,N/A,CRASH_IndexError,False
factorial.ml,14,metadata_num_locals,REJECTED,LOCAL_RANGE,N/A,COMPLETED,False
factorial.ml,15,bit_flip,REJECTED,BAD_CALL,N/A,CRASH_IndexError,False
factorial.ml,16,bit_flip,ACCEPTED,,CLEAN,N/A,False
factorial.ml,17,truncation,REJECTED,TRUNCATED,N/A,CRASH_error,False
factorial.ml,18,deletion,REJECTED,BAD_OPCODE,N/A,CRASH_ValueError,False
factorial.ml,19,operand_corruption,REJECTED,BAD_OPCODE,N/A,CRASH_ValueError,False
factorial.ml,20,operand_corruption,ACCEPTED,,CLEAN,N/A,False
factorial.ml,21,truncation,REJECTED,TRUNCATED,N/A,CRASH_error,False
factorial.ml,22,deletion,REJECTED,BAD_OPCODE,N/A,CRASH_ValueError,False
factorial.ml,23,insertion,REJECTED,BAD_OPCODE,N/A,CRASH_ValueError,False
factorial.ml,24,metadata_num_locals,ACCEPTED,,CLEAN,N/A,False
factorial.ml,25,opcode_swap,REJECTED,STACK_UNDERFLOW,N/A,CRASH_IndexError,False
factorial.ml,26,truncation,REJECTED,FALLTHROUGH,N/A,CRASH_IndexError,False
factorial.ml,27,metadata_entry_func,REJECTED,BAD_CALL,N/A,CRASH_TypeError,False
factorial.ml,28,truncation,REJECTED,FALLTHROUGH,N/A,CRASH_IndexError,False
factorial.ml,29,byte_replace,ACCEPTED,,CLEAN,N/A,False
factorial.ml,30,opcode_swap,REJECTED,STACK_UNDERFLOW,N/A,CRASH_IndexError,False
factorial.ml,31,byte_replace,ACCEPTED,,CLEAN,N/A,False
factorial.ml,32,opcode_swap,REJECTED,STACK_TYPE,N/A,CRASH_IndexError,False
factorial.ml,33,opcode_swap,REJECTED,STACK_UNDERFLOW,N/A,CRASH_IndexError,False
factorial.ml,34,metadata_max_stack,ACCEPTED,,CLEAN,N/A,False
factorial.ml,35,opcode_swap,REJECTED,BAD_OPCODE,N/A,CRASH_IndexError,False
factorial.ml,36,deletion,REJECTED,BAD_RETURN,N/A,COMPLETED,False
factorial.ml,37,byte_replace,REJECTED,BAD_CALL,N/A,CRASH_IndexError,False
factorial.ml,38,byte_replace,REJECTED,BAD_OPCODE,N/A,CRASH_ValueError,False
factorial.ml,39,metadata_entry_func,REJECTED,BAD_CALL,N/A,CRASH_TypeError,False
factorial.ml,40,bit_flip,REJECTED,BAD_CALL,N/A,CRASH_IndexError,False
factorial.ml,41,bit_flip,ACCEPTED,,CLEAN,N/A,False
factorial.ml,42,metadata_num_locals,REJECTED,LOCAL_RANGE,N/A,COMPLETED,False
factorial.ml,43,metadata_entry_func,ACCEPTED,,CLEAN,N/A,False
factorial.ml,44,operand_corruption,REJECTED,BAD_OPCODE,N/A,CRASH_ValueError,False
factorial.ml,45,metadata_max_stack,REJECTED,STACK_OVERFLOW,N/A,COMPLETED,False
factorial.ml,46,metadata_entry_func,REJECTED,BAD_CALL,N/A,CRASH_TypeError,False
factorial.ml,47,bit_flip,REJECTED,BAD_OPCODE,N/A,CRASH_ValueError,False
factorial.ml,48,truncation,REJECTED,FALLTHROUGH,N/A,CRASH_IndexError,False
factorial.ml,49,opcode_swap,REJECTED,BAD_OPCODE,N/A,CRASH_ValueError,False
factorial.ml,50,opcode_swap,REJECTED,STACK_TYPE,N/A,COMPLETED,False
factorial.ml,51,insertion,REJECTED,BAD_OPCODE,N/A,CRASH_ValueError,False
factorial.ml,52,deletion,REJECTED,TRUNCATED,N/A,CRASH_error,False
factorial.ml,53,metadata_num_locals,REJECTED,LOCAL_RANGE,N/A,COMPLETED,False
factorial.ml,54,truncation,REJECTED,FALLTHROUGH,N/A,CRASH_IndexError,False
factorial.ml,55,deletion,REJECTED,BAD_OPCODE,N/A,CRASH_ValueError,False
factorial.ml,56,deletion,REJECTED,BAD_RETURN,N/A,COMPLETED,False
factorial.ml,57,bit_flip,ACCEPTED,,CLEAN,N/A,False
factorial.ml,58,opcode_swap,REJECTED,BAD_OPCODE,N/A,COMPLETED,False
factorial.ml,59,byte_replace,REJECTED,BAD_OPCODE,N/A,CRASH_ValueError,False
factorial.ml,60,insertion,REJECTED,BAD_OPCODE,N/A,CRASH_IndexError,False
factorial.ml,61,metadata_entry_func,ACCEPTED,,CLEAN,N/A,False
factorial.ml,62,opcode_swap,REJECTED,BAD_OPCODE,N/A,CRASH_ValueError,False
factorial.ml,63,insertion,REJECTED,BAD_OPCODE,N/A,CRASH_IndexError,False
factorial.ml,64,truncation,REJECTED,FALLTHROUGH,N/A,CRASH_IndexError,False
factorial.ml,65,metadata_entry_func,ACCEPTED,,CLEAN,N/A,False
factorial.ml,66,bit_flip,REJECTED,BAD_OPCODE,N/A,CRASH_ValueError,False
factorial.ml,67,deletion,REJECTED,FALLTHROUGH,N/A,CRASH_IndexError,False
factorial.ml,68,truncation,REJECTED,TRUNCATED,N/A,CRASH_error,False
factorial.ml,69,byte_replace,ACCEPTED,,CLEAN,N/A,False
factorial.ml,70,insertion,REJECTED,BAD_OPCODE,N/A,CRASH_IndexError,False
factorial.ml,71,insertion,REJECTED,BAD_OPCODE,N/A,CRASH_ValueError,False
factorial.ml,72,bit_flip,REJECTED,BAD_OPCODE,N/A,CRASH_ValueError,False
factorial.ml,73,metadata_entry_func,REJECTED,BAD_CALL,N/A,CRASH_IndexError,False
factorial.ml,74,insertion,REJECTED,BAD_OPCODE,N/A,CRASH_ValueError,False
factorial.ml,75,deletion,REJECTED,FALLTHROUGH,N/A,CRASH_IndexError,False
factorial.ml,76,deletion,REJECTED,BAD_OPCODE,N/A,CRASH_IndexError,False
factorial.ml,77,opcode_swap,REJECTED,TRUNCATED,N/A,CRASH_IndexError,False
factorial.ml,78,truncation,REJECTED,TRUNCATED,N/A,CRASH_error,False
factorial.ml,79,operand_corruption,ACCEPTED,,CLEAN,N/A,False
factorial.ml,80,byte_replace,REJECTED,BAD_OPCODE,N/A,CRASH_ValueError,False
factorial.ml,81,opcode_swap,ACCEPTED,,CLEAN,N/A,False
factorial.ml,82,insertion,REJECTED,BAD_OPCODE,N/A,CRASH_ValueError,False
factorial.ml,83,insertion,REJECTED,BAD_OPCODE,N/A,CRASH_IndexError,False
factorial.ml,84,metadata_max_stack,ACCEPTED,,CLEAN,N/A,False
factorial.ml,85,operand_corruption,REJECTED,BAD_CALL,N/A,CRASH_IndexError,False
factorial.ml,86,deletion,REJECTED,TRUNCATED,N/A,CRASH_error,False
factorial.ml,87,truncation,REJECTED,TRUNCATED,N/A,CRASH_error,False
factorial.ml,88,metadata_entry_func,REJECTED,BAD_CALL,N/A,CRASH_IndexError,False
factorial.ml,89,metadata_max_stack,REJECTED,STACK_OVERFLOW,N/A,COMPLETED,False
factorial.ml,90,insertion,REJECTED,BAD_OPCODE,N/A,CRASH_IndexError,False
factorial.ml,91,truncation,REJECTED,FALLTHROUGH,N/A,CRASH_IndexError,False
factorial.ml,92,bit_flip,REJECTED,LOCAL_RANGE,N/A,CRASH_IndexError,False
factorial.ml,93,insertion,REJECTED,BAD_OPCODE,N/A,CRASH_ValueError,False
factorial.ml,94,insertion,REJECTED,BAD_OPCODE,N/A,CRASH_ValueError,False
factorial.ml,95,byte_replace,REJECTED,BAD_CALL,N/A,CRASH_IndexError,False
factorial.ml,96,truncation,REJECTED,TRUNCATED,N/A,CRASH_error,False
factorial.ml,97,byte_replace,ACCEPTED,,CLEAN,N/A,False
factorial.ml,98,truncation,REJECTED,TRUNCATED,N/A,CRASH_error,False
factorial.ml,99,opcode_swap,REJECTED,BAD_OPCODE,N/A,CRASH_IndexError,False
factorial.ml,100,byte_replace,REJECTED,BAD_JUMP,N/A,CRASH_IndexError,False
factorial.ml,101,truncation,REJECTED,TRUNCATED,N/A,CRASH_error,False
factorial.ml,102,deletion,REJECTED,BAD_OPCODE,N/A,CRASH_ValueError,False
factorial.ml,103,insertion,REJECTED,BAD_OPCODE,N/A,COMPLETED,False
factorial.ml,104,bit_flip,ACCEPTED,,CLEAN,N/A,False
factorial.ml,105,byte_replace,ACCEPTED,,STEP_LIMIT,N/A,False
factorial.ml,106,opcode_swap,REJECTED,BAD_OPCODE,N/A,COMPLETED,False
factorial.ml,107,opcode_swap,REJECTED,STACK_OVERFLOW,N/A,COMPLETED,False
factorial.ml,108,opcode_swap,REJECTED,STACK_UNDERFLOW,N/A,CRASH_IndexError,False
factorial.ml,109,truncation,REJECTED,TRUNCATED,N/A,CRASH_error,False
factorial.ml,110,opcode_swap,REJECTED,BAD_OPCODE,N/A,CRASH_IndexError,False
factorial.ml,111,operand_corruption,REJECTED,BAD_OPCODE,N/A,CRASH_ValueError,False
factorial.ml,112,byte_replace,ACCEPTED,,CLEAN,N/A,False
factorial.ml,113,bit_flip,REJECTED,BAD_CALL,N/A,CRASH_IndexError,False
factorial.ml,114,insertion,REJECTED,BAD_OPCODE,N/A,CRASH_IndexError,False
factorial.ml,115,metadata_num_locals,ACCEPTED,,CLEAN,N/A,False
factorial.ml,116,metadata_max_stack,ACCEPTED,,CLEAN,N/A,False
factorial.ml,117,insertion,REJECTED,BAD_OPCODE,N/A,CRASH_ValueError,False
factorial.ml,118,metadata_entry_func,ACCEPTED,,CLEAN,N/A,False
factorial.ml,119,opcode_swap,REJECTED,BAD_OPCODE,N/A,CRASH_ValueError,False
factorial.ml,120,metadata_num_locals,REJECTED,LOCAL_RANGE,N/A,COMPLETED,False
factorial.ml,121,truncation,REJECTED,TRUNCATED,N/A,CRASH_error,False
factorial.ml,122,bit_flip,REJECTED,BAD_OPCODE,N/A,CRASH_ValueError,False
factorial.ml,123,truncation,REJECTED,TRUNCATED,N/A,CRASH_error,False
factorial.ml,124,truncation,REJECTED,TRUNCATED,N/A,CRASH_error,False
factorial.ml,125,deletion,REJECTED,BAD_OPCODE,N/A,CRASH_ValueError,False
factorial.ml,126,truncation,REJECTED,FALLTHROUGH,N/A,CRASH_IndexError,False
factorial.ml,127,deletion,REJECTED,BAD_OPCODE,N/A,CRASH_ValueError,False
factorial.ml,128,truncation,REJECTED,TRUNCATED,N/A,CRASH_error,False
factorial.ml,129,operand_corruption,REJECTED,BAD_OPCODE,N/A,CRASH_ValueError,False
factorial.ml,130,truncation,REJECTED,FALLTHROUGH,N/A,CRASH_IndexError,False
factorial.ml,131,operand_corruption,ACCEPTED,,CLEAN,N/A,False
factorial.ml,132,insertion,REJECTED,BAD_OPCODE,N/A,CRASH_IndexError,False
factorial.ml,133,metadata_max_stack,ACCEPTED,,CLEAN,N/A,False
factorial.ml,134,deletion,REJECTED,FALLTHROUGH,N/A,CRASH_IndexError,False
factorial.ml,135,opcode_swap,ACCEPTED,,CLEAN,N/A,False
factorial.ml,136,insertion,REJECTED,BAD_OPCODE,N/A,CRASH_ValueError,False
factorial.ml,137,operand_corruption,REJECTED,BAD_OPCODE,N/A,COMPLETED,False
factorial.ml,138,truncation,REJECTED,FALLTHROUGH,N/A,CRASH_IndexError,False
factorial.ml,139,insertion,REJECTED,BAD_OPCODE,N/A,CRASH_ValueError,False
factorial.ml,140,insertion,REJECTED,BAD_OPCODE,N/A,CRASH_ValueError,False
factorial.ml,141,opcode_swap,ACCEPTED,,CLEAN,N/A,False
factorial.ml,142,insertion,REJECTED,BAD_OPCODE,N/A,CRASH_IndexError,False
factorial.ml,143,metadata_max_stack,REJECTED,STACK_OVERFLOW,N/A,COMPLETED,False
factorial.ml,144,deletion,REJECTED,BAD_OPCODE,N/A,CRASH_ValueError,False
factorial.ml,145,deletion,REJECTED,BAD_OPCODE,N/A,CRASH_ValueError,False
factorial.ml,146,metadata_entry_func,REJECTED,BAD_CALL,N/A,CRASH_TypeError,False
factorial.ml,147,operand_corruption,REJECTED,BAD_OPCODE,N/A,CRASH_ValueError,False
factorial.ml,148,deletion,REJECTED,BAD_OPCODE,N/A,CRASH_ValueError,False
factorial.ml,149,operand_corruption,REJECTED,BAD_OPCODE,N/A,COMPLETED,False
factorial.ml,150,deletion,REJECTED,BAD_RETURN,N/A,COMPLETED,False
factorial.ml,151,bit_flip,ACCEPTED,,CLEAN,N/A,False
factorial.ml,152,byte_replace,REJECTED,STACK_UNDERFLOW,N/A,CRASH_IndexError,False
factorial.ml,153,insertion,REJECTED,BAD_OPCODE,N/A,CRASH_ValueError,False
factorial.ml,154,deletion,REJECTED,BAD_RETURN,N/A,STEP_LIMIT,False
factorial.ml,155,byte_replace,ACCEPTED,,CLEAN,N/A,False
factorial.ml,156,opcode_swap,REJECTED,TRUNCATED,N/A,CRASH_error,False
factorial.ml,157,deletion,REJECTED,TRUNCATED,N/A,CRASH_error,False
factorial.ml,158,byte_replace,REJECTED,BAD_OPCODE,N/A,CRASH_ValueError,False
factorial.ml,159,insertion,REJECTED,BAD_OPCODE,N/A,CRASH_IndexError,False
factorial.ml,160,metadata_max_stack,ACCEPTED,,CLEAN,N/A,False
factorial.ml,161,insertion,REJECTED,BAD_OPCODE,N/A,CRASH_ValueError,False
factorial.ml,162,metadata_entry_func,REJECTED,BAD_CALL,N/A,CRASH_IndexError,False
factorial.ml,163,insertion,REJECTED,BAD_OPCODE,N/A,CRASH_ValueError,False
factorial.ml,164,deletion,REJECTED,BAD_OPCODE,N/A,CRASH_ValueError,False
factorial.ml,165,metadata_entry_func,REJECTED,BAD_CALL,N/A,CRASH_IndexError,False
factorial.ml,166,insertion,REJECTED,BAD_OPCODE,N/A,CRASH_ValueError,False
factorial.ml,167,operand_corruption,REJECTED,BAD_OPCODE,N/A,CRASH_ValueError,False
factorial.ml,168,opcode_swap,REJECTED,BAD_OPCODE,N/A,CRASH_IndexError,False
factorial.ml,169,metadata_num_locals,REJECTED,LOCAL_RANGE,N/A,COMPLETED,False
factorial.ml,170,truncation,REJECTED,TRUNCATED,N/A,CRASH_error,False
factorial.ml,171,operand_corruption,REJECTED,LOCAL_RANGE,N/A,CRASH_IndexError,False
factorial.ml,172,byte_replace,REJECTED,LOCAL_RANGE,N/A,CRASH_IndexError,False
factorial.ml,173,truncation,REJECTED,TRUNCATED,N/A,CRASH_error,False
factorial.ml,174,truncation,REJECTED,FALLTHROUGH,N/A,CRASH_IndexError,False
factorial.ml,175,insertion,REJECTED,BAD_OPCODE,N/A,COMPLETED,False
factorial.ml,176,operand_corruption,REJECTED,BAD_OPCODE,N/A,CRASH_ValueError,False
factorial.ml,177,operand_corruption,REJECTED,BAD_OPCODE,N/A,CRASH_ValueError,False
factorial.ml,178,insertion,REJECTED,BAD_OPCODE,N/A,CRASH_ValueError,False
factorial.ml,179,truncation,REJECTED,FALLTHROUGH,N/A,CRASH_IndexError,False
factorial.ml,180,truncation,REJECTED,FALLTHROUGH,N/A,CRASH_IndexError,False
factorial.ml,181,insertion,REJECTED,BAD_OPCODE,N/A,CRASH_IndexError,False
factorial.ml,182,metadata_entry_func,REJECTED,BAD_CALL,N/A,CRASH_IndexError,False
factorial.ml,183,metadata_num_locals,REJECTED,LOCAL_RANGE,N/A,COMPLETED,False
factorial.ml,184,metadata_entry_func,REJECTED,BAD_CALL,N/A,CRASH_TypeError,False
factorial.ml,185,insertion,REJECTED,BAD_OPCODE,N/A,CRASH_ValueError,False
factorial.ml,186,bit_flip,REJECTED,BAD_OPCODE,N/A,CRASH_ValueError,False
factorial.ml,187,opcode_swap,REJECTED,BAD_OPCODE,N/A,CRASH_IndexError,False
factorial.ml,188,opcode_swap,REJECTED,STACK_OVERFLOW,N/A,COMPLETED,False
factorial.ml,189,insertion,REJECTED,BAD_OPCODE,N/A,CRASH_ValueError,False
factorial.ml,190,opcode_swap,ACCEPTED,,CLEAN,N/A,False
factorial.ml,191,insertion,REJECTED,BAD_OPCODE,N/A,CRASH_ValueError,False
factorial.ml,192,opcode_swap,REJECTED,BAD_OPCODE,N/A,CRASH_IndexError,False
factorial.ml,193,truncation,REJECTED,TRUNCATED,N/A,CRASH_error,False
factorial.ml,194,operand_corruption,ACCEPTED,,CLEAN,N/A,False
factorial.ml,195,metadata_num_locals,REJECTED,LOCAL_RANGE,N/A,COMPLETED,False
factorial.ml,196,opcode_swap,REJECTED,BAD_RETURN,N/A,COMPLETED,False
factorial.ml,197,truncation,REJECTED,FALLTHROUGH,N/A,CRASH_IndexError,False
factorial.ml,198,byte_replace,REJECTED,BAD_JUMP,N/A,CRASH_IndexError,False
factorial.ml,199,deletion,REJECTED,BAD_OPCODE,N/A,CRASH_IndexError,False
factorial.ml,200,metadata_num_locals,REJECTED,LOCAL_RANGE,N/A,COMPLETED,False
factorial.ml,201,opcode_swap,REJECTED,STACK_UNDERFLOW,N/A,CRASH_IndexError,False
factorial.ml,202,deletion,REJECTED,STACK_UNDERFLOW,N/A,CRASH_IndexError,False
factorial.ml,203,deletion,REJECTED,BAD_CALL,N/A,CRASH_IndexError,False
factorial.ml,204,insertion,REJECTED,BAD_OPCODE,N/A,CRASH_IndexError,False
factorial.ml,205,metadata_entry_func,ACCEPTED,,CLEAN,N/A,False
factorial.ml,206,operand_corruption,ACCEPTED,,CLEAN,N/A,False
factorial.ml,207,truncation,REJECTED,FALLTHROUGH,N/A,CRASH_IndexError,False
factorial.ml,208,insertion,REJECTED,BAD_OPCODE,N/A,CRASH_IndexError,False
factorial.ml,209,insertion,REJECTED,BAD_OPCODE,N/A,CRASH_ValueError,False
factorial.ml,210,truncation,REJECTED,FALLTHROUGH,N/A,CRASH_IndexError,False
factorial.ml,211,bit_flip,ACCEPTED,,STEP_LIMIT,N/A,False
factorial.ml,212,insertion,REJECTED,BAD_OPCODE,N/A,CRASH_ValueError,False
factorial.ml,213,truncation,REJECTED,TRUNCATED,N/A,CRASH_error,False
factorial.ml,214,insertion,REJECTED,BAD_OPCODE,N/A,CRASH_IndexError,False
factorial.ml,215,byte_replace,ACCEPTED,,CLEAN,N/A,False
factorial.ml,216,byte_replace,REJECTED,BAD_OPCODE,N/A,CRASH_ValueError,False
factorial.ml,217,insertion,REJECTED,BAD_OPCODE,N/A,CRASH_IndexError,False
factorial.ml,218,truncation,REJECTED,TRUNCATED,N/A,CRASH_error,False
factorial.ml,219,opcode_swap,REJECTED,BAD_OPCODE,N/A,CRASH_IndexError,False
factorial.ml,220,insertion,REJECTED,BAD_OPCODE,N/A,CRASH_ValueError,False
factorial.ml,221,metadata_max_stack,ACCEPTED,,CLEAN,N/A,False
factorial.ml,222,byte_replace,REJECTED,BAD_OPCODE,N/A,CRASH_ValueError,False
factorial.ml,223,metadata_num_locals,REJECTED,LOCAL_RANGE,N/A,COMPLETED,False
factorial.ml,224,byte_replace,REJECTED,BAD_OPCODE,N/A,CRASH_ValueError,False
factorial.ml,225,bit_flip,ACCEPTED,,STEP_LIMIT,N/A,False
factorial.ml,226,operand_corruption,ACCEPTED,,CLEAN,N/A,False
factorial.ml,227,metadata_max_stack,ACCEPTED,,CLEAN,N/A,False
factorial.ml,228,operand_corruption,REJECTED,BAD_OPCODE,N/A,CRASH_IndexError,False
factorial.ml,229,truncation,REJECTED,TRUNCATED,N/A,CRASH_error,False
factorial.ml,230,deletion,REJECTED,BAD_OPCODE,N/A,CRASH_IndexError,False
factorial.ml,231,bit_flip,REJECTED,LOCAL_RANGE,N/A,CRASH_IndexError,False
factorial.ml,232,insertion,REJECTED,BAD_OPCODE,N/A,CRASH_ValueError,False
factorial.ml,233,byte_replace,ACCEPTED,,CLEAN,N/A,False
factorial.ml,234,metadata_max_stack,REJECTED,STACK_OVERFLOW,N/A,COMPLETED,False
factorial.ml,235,metadata_max_stack,ACCEPTED,,CLEAN,N/A,False
factorial.ml,236,metadata_num_locals,ACCEPTED,,CLEAN,N/A,False
factorial.ml,237,operand_corruption,REJECTED,BAD_OPCODE,N/A,CRASH_ValueError,False
factorial.ml,238,bit_flip,REJECTED,BAD_CALL,N/A,CRASH_IndexError,False
factorial.ml,239,bit_flip,REJECTED,BAD_OPCODE,N/A,CRASH_ValueError,False
factorial.ml,240,deletion,REJECTED,BAD_OPCODE,N/A,CRASH_ValueError,False
factorial.ml,241,insertion,REJECTED,BAD_OPCODE,N/A,CRASH_IndexError,False
factorial.ml,242,opcode_swap,REJECTED,BAD_OPCODE,N/A,CRASH_IndexError,False
factorial.ml,243,metadata_entry_func,REJECTED,BAD_CALL,N/A,CRASH_TypeError,False
factorial.ml,244,metadata_entry_func,ACCEPTED,,CLEAN,N/A,False
factorial.ml,245,insertion,REJECTED,BAD_OPCODE,N/A,CRASH_ValueError,False
factorial.ml,246,operand_corruption,ACCEPTED,,STEP_LIMIT,N/A,False
factorial.ml,247,deletion,REJECTED,BAD_OPCODE,N/A,CRASH_ValueError,False
factorial.ml,248,insertion,REJECTED,BAD_OPCODE,N/A,CRASH_ValueError,False
factorial.ml,249,bit_flip,ACCEPTED,,CLEAN,N/A,False
factorial.ml,250,byte_replace,REJECTED,BAD_OPCODE,N/A,CRASH_ValueError,False
factorial.ml,251,metadata_num_locals,REJECTED,LOCAL_RANGE,N/A,COMPLETED,False
factorial.ml,252,metadata_max_stack,REJECTED,STACK_OVERFLOW,N/A,COMPLETED,False
factorial.ml,253,byte_replace,ACCEPTED,,STEP_LIMIT,N/A,False
factorial.ml,254,byte_replace,ACCEPTED,,CLEAN,N/A,False
factorial.ml,255,deletion,REJECTED,BAD_RETURN,N/A,COMPLETED,False
factorial.ml,256,metadata_num_locals,ACCEPTED,,CLEAN,N/A,False
factorial.ml,257,metadata_num_locals,REJECTED,LOCAL_RANGE,N/A,COMPLETED,False
factorial.ml,258,truncation,REJECTED,TRUNCATED,N/A,CRASH_error,False
factorial.ml,259,byte_replace,REJECTED,LOCAL_RANGE,N/A,CRASH_IndexError,False
factorial.ml,260,insertion,REJECTED,BAD_OPCODE,N/A,COMPLETED,False
factorial.ml,261,byte_replace,ACCEPTED,,CLEAN,N/A,False
factorial.ml,262,deletion,REJECTED,STACK_OVERFLOW,N/A,COMPLETED,False
factorial.ml,263,bit_flip,REJECTED,LOCAL_RANGE,N/A,CRASH_IndexError,False
factorial.ml,264,truncation,REJECTED,TRUNCATED,N/A,CRASH_error,False
factorial.ml,265,metadata_entry_func,REJECTED,BAD_CALL,N/A,CRASH_IndexError,False
factorial.ml,266,opcode_swap,REJECTED,STACK_UNDERFLOW,N/A,CRASH_IndexError,False
factorial.ml,267,bit_flip,REJECTED,BAD_OPCODE,N/A,CRASH_ValueError,False
factorial.ml,268,insertion,REJECTED,BAD_OPCODE,N/A,CRASH_IndexError,False
factorial.ml,269,insertion,REJECTED,BAD_OPCODE,N/A,CRASH_ValueError,False
factorial.ml,270,operand_corruption,REJECTED,BAD_OPCODE,N/A,CRASH_ValueError,False
factorial.ml,271,metadata_max_stack,ACCEPTED,,CLEAN,N/A,False
factorial.ml,272,bit_flip,REJECTED,STACK_UNDERFLOW,N/A,CRASH_IndexError,False
factorial.ml,273,bit_flip,ACCEPTED,,CLEAN,N/A,False
factorial.ml,274,opcode_swap,REJECTED,STACK_OVERFLOW,N/A,COMPLETED,False
factorial.ml,275,metadata_max_stack,REJECTED,STACK_OVERFLOW,N/A,COMPLETED,False
factorial.ml,276,truncation,REJECTED,TRUNCATED,N/A,CRASH_error,False
factorial.ml,277,opcode_swap,REJECTED,BAD_OPCODE,N/A,CRASH_IndexError,False
factorial.ml,278,byte_replace,ACCEPTED,,CLEAN,N/A,False
factorial.ml,279,metadata_entry_func,ACCEPTED,,CLEAN,N/A,False
factorial.ml,280,operand_corruption,REJECTED,BAD_OPCODE,N/A,COMPLETED,False
factorial.ml,281,operand_corruption,REJECTED,BAD_OPCODE,N/A,CRASH_ValueError,False
factorial.ml,282,insertion,REJECTED,BAD_OPCODE,N/A,COMPLETED,False
factorial.ml,283,metadata_num_locals,REJECTED,LOCAL_RANGE,N/A,COMPLETED,False
factorial.ml,284,deletion,REJECTED,BAD_OPCODE,N/A,CRASH_ValueError,False
factorial.ml,285,operand_corruption,ACCEPTED,,STEP_LIMIT,N/A,False
factorial.ml,286,deletion,REJECTED,BAD_OPCODE,N/A,CRASH_ValueError,False
factorial.ml,287,opcode_swap,REJECTED,BAD_OPCODE,N/A,CRASH_IndexError,False
factorial.ml,288,opcode_swap,ACCEPTED,,STEP_LIMIT,N/A,False
factorial.ml,289,bit_flip,ACCEPTED,,CLEAN,N/A,False
factorial.ml,290,byte_replace,REJECTED,STACK_TYPE,N/A,COMPLETED,False
factorial.ml,291,metadata_num_locals,ACCEPTED,,CLEAN,N/A,False
factorial.ml,292,metadata_max_stack,REJECTED,STACK_OVERFLOW,N/A,COMPLETED,False
factorial.ml,293,bit_flip,ACCEPTED,,CLEAN,N/A,False
factorial.ml,294,byte_replace,REJECTED,LOCAL_RANGE,N/A,CRASH_IndexError,False
factorial.ml,295,truncation,REJECTED,TRUNCATED,N/A,CRASH_error,False
factorial.ml,296,byte_replace,REJECTED,BAD_OPCODE,N/A,CRASH_ValueError,False
factorial.ml,297,truncation,REJECTED,FALLTHROUGH,N/A,CRASH_IndexError,False
factorial.ml,298,operand_corruption,REJECTED,BAD_OPCODE,N/A,COMPLETED,False
factorial.ml,299,metadata_num_locals,REJECTED,LOCAL_RANGE,N/A,COMPLETED,False
factorial.ml,300,metadata_max_stack,REJECTED,STACK_OVERFLOW,N/A,COMPLETED,False
factorial.ml,301,byte_replace,REJECTED,BAD_CALL,N/A,CRASH_IndexError,False
factorial.ml,302,metadata_num_locals,REJECTED,LOCAL_RANGE,N/A,COMPLETED,False
factorial.ml,303,opcode_swap,REJECTED,STACK_UNDERFLOW,N/A,CRASH_IndexError,False
factorial.ml,304,truncation,REJECTED,TRUNCATED,N/A,CRASH_error,False
factorial.ml,305,opcode_swap,REJECTED,MERGE_MISMATCH,N/A,STEP_LIMIT,False
factorial.ml,306,byte_replace,ACCEPTED,,STEP_LIMIT,N/A,False
factorial.ml,307,deletion,REJECTED,FALLTHROUGH,N/A,CRASH_IndexError,False
factorial.ml,308,bit_flip,ACCEPTED,,CLEAN,N/A,False
factorial.ml,309,byte_replace,REJECTED,BAD_OPCODE,N/A,CRASH_ValueError,False
factorial.ml,310,operand_corruption,REJECTED,BAD_OPCODE,N/A,CRASH_ValueError,False
factorial.ml,311,byte_replace,ACCEPTED,,CLEAN,N/A,False
factorial.ml,312,opcode_swap,REJECTED,BAD_OPCODE,N/A,CRASH_IndexError,False
factorial.ml,313,operand_corruption,ACCEPTED,,CLEAN,N/A,False
factorial.ml,314,opcode_swap,ACCEPTED,,CLEAN,N/A,False
factorial.ml,315,metadata_entry_func,REJECTED,BAD_CALL,N/A,CRASH_IndexError,False
factorial.ml,316,operand_corruption,REJECTED,BAD_OPCODE,N/A,CRASH_ValueError,False
factorial.ml,317,truncation,REJECTED,FALLTHROUGH,N/A,CRASH_IndexError,False
factorial.ml,318,truncation,REJECTED,FALLTHROUGH,N/A,CRASH_IndexError,False
factorial.ml,319,truncation,REJECTED,TRUNCATED,N/A,CRASH_error,False
factorial.ml,320,bit_flip,REJECTED,BAD_OPCODE,N/A,CRASH_ValueError,False
factorial.ml,321,insertion,REJECTED,BAD_OPCODE,N/A,CRASH_ValueError,False
factorial.ml,322,opcode_swap,REJECTED,STACK_UNDERFLOW,N/A,CRASH_IndexError,False
factorial.ml,323,bit_flip,ACCEPTED,,CLEAN,N/A,False
factorial.ml,324,metadata_num_locals,REJECTED,LOCAL_RANGE,N/A,COMPLETED,False
factorial.ml,325,operand_corruption,ACCEPTED,,CLEAN,N/A,False
factorial.ml,326,insertion,REJECTED,BAD_OPCODE,N/A,CRASH_ValueError,False
factorial.ml,327,byte_replace,REJECTED,BAD_OPCODE,N/A,CRASH_ValueError,False
factorial.ml,328,insertion,REJECTED,BAD_OPCODE,N/A,CRASH_ValueError,False
factorial.ml,329,opcode_swap,REJECTED,BAD_OPCODE,N/A,CRASH_IndexError,False
factorial.ml,330,opcode_swap,REJECTED,BAD_OPCODE,N/A,CRASH_IndexError,False
factorial.ml,331,byte_replace,ACCEPTED,,CLEAN,N/A,False
factorial.ml,332,bit_flip,ACCEPTED,,STEP_LIMIT,N/A,False
factorial.ml,333,operand_corruption,REJECTED,BAD_OPCODE,N/A,CRASH_ValueError,False
factorial.ml,334,deletion,REJECTED,BAD_OPCODE,N/A,CRASH_IndexError,False
factorial.ml,335,opcode_swap,REJECTED,BAD_OPCODE,N/A,CRASH_ValueError,False
factorial.ml,336,bit_flip,REJECTED,BAD_CALL,N/A,CRASH_IndexError,False
factorial.ml,337,byte_replace,ACCEPTED,,CLEAN,N/A,False
factorial.ml,338,bit_flip,ACCEPTED,,STEP_LIMIT,N/A,False
factorial.ml,339,truncation,REJECTED,FALLTHROUGH,N/A,CRASH_IndexError,False
factorial.ml,340,metadata_num_locals,REJECTED,LOCAL_RANGE,N/A,COMPLETED,False
factorial.ml,341,operand_corruption,REJECTED,BAD_OPCODE,N/A,CRASH_ValueError,False
factorial.ml,342,operand_corruption,ACCEPTED,,CLEAN,N/A,False
factorial.ml,343,insertion,REJECTED,BAD_OPCODE,N/A,CRASH_ValueError,False
factorial.ml,344,opcode_swap,REJECTED,BAD_OPCODE,N/A,CRASH_IndexError,False
factorial.ml,345,deletion,REJECTED,BAD_RETURN,N/A,COMPLETED,False
factorial.ml,346,operand_corruption,ACCEPTED,,CLEAN,N/A,False
factorial.ml,347,opcode_swap,REJECTED,TRUNCATED,N/A,CRASH_error,False
factorial.ml,348,operand_corruption,REJECTED,BAD_OPCODE,N/A,COMPLETED,False
factorial.ml,349,truncation,REJECTED,FALLTHROUGH,N/A,CRASH_IndexError,False
factorial.ml,350,truncation,REJECTED,TRUNCATED,N/A,CRASH_error,False
factorial.ml,351,metadata_entry_func,REJECTED,BAD_CALL,N/A,CRASH_IndexError,False
factorial.ml,352,deletion,REJECTED,STACK_UNDERFLOW,N/A,CRASH_IndexError,False
factorial.ml,353,opcode_swap,REJECTED,BAD_OPCODE,N/A,CRASH_IndexError,False
factorial.ml,354,bit_flip,REJECTED,BAD_JUMP,N/A,CRASH_IndexError,False
factorial.ml,355,deletion,REJECTED,LOCAL_RANGE,N/A,CRASH_IndexError,False
factorial.ml,356,truncation,REJECTED,TRUNCATED,N/A,CRASH_error,False
factorial.ml,357,deletion,REJECTED,BAD_OPCODE,N/A,CRASH_ValueError,False
factorial.ml,358,bit_flip,ACCEPTED,,CLEAN,N/A,False
factorial.ml,359,opcode_swap,REJECTED,STACK_UNDERFLOW,N/A,CRASH_IndexError,False
factorial.ml,360,bit_flip,REJECTED,BAD_CALL,N/A,CRASH_IndexError,False
factorial.ml,361,truncation,REJECTED,FALLTHROUGH,N/A,CRASH_IndexError,False
factorial.ml,362,deletion,REJECTED,BAD_RETURN,N/A,STEP_LIMIT,False
factorial.ml,363,operand_corruption,REJECTED,BAD_OPCODE,N/A,CRASH_ValueError,False
factorial.ml,364,metadata_num_locals,ACCEPTED,,CLEAN,N/A,False
factorial.ml,365,byte_replace,REJECTED,LOCAL_RANGE,N/A,CRASH_IndexError,False
factorial.ml,366,deletion,REJECTED,BAD_RETURN,N/A,COMPLETED,False
factorial.ml,367,bit_flip,ACCEPTED,,CLEAN,N/A,False
factorial.ml,368,metadata_max_stack,REJECTED,STACK_OVERFLOW,N/A,COMPLETED,False
factorial.ml,369,deletion,REJECTED,BAD_OPCODE,N/A,CRASH_ValueError,False
factorial.ml,370,insertion,REJECTED,BAD_OPCODE,N/A,CRASH_ValueError,False
factorial.ml,371,opcode_swap,ACCEPTED,,CLEAN,N/A,False
factorial.ml,372,deletion,REJECTED,BAD_OPCODE,N/A,CRASH_ValueError,False
factorial.ml,373,opcode_swap,REJECTED,BAD_OPCODE,N/A,CRASH_IndexError,False
factorial.ml,374,insertion,REJECTED,BAD_OPCODE,N/A,CRASH_IndexError,False
factorial.ml,375,operand_corruption,ACCEPTED,,CLEAN,N/A,False
factorial.ml,376,byte_replace,ACCEPTED,,STEP_LIMIT,N/A,False
factorial.ml,377,metadata_max_stack,REJECTED,STACK_OVERFLOW,N/A,COMPLETED,False
factorial.ml,378,operand_corruption,REJECTED,BAD_JUMP,N/A,CRASH_IndexError,False
factorial.ml,379,byte_replace,ACCEPTED,,CLEAN,N/A,False
factorial.ml,380,metadata_max_stack,REJECTED,STACK_OVERFLOW,N/A,COMPLETED,False
factorial.ml,381,truncation,REJECTED,TRUNCATED,N/A,CRASH_error,False
factorial.ml,382,byte_replace,REJECTED,BAD_OPCODE,N/A,CRASH_ValueError,False
factorial.ml,383,metadata_entry_func,REJECTED,BAD_CALL,N/A,CRASH_IndexError,False
factorial.ml,384,operand_corruption,REJECTED,BAD_OPCODE,N/A,COMPLETED,False
factorial.ml,385,metadata_num_locals,REJECTED,LOCAL_RANGE,N/A,COMPLETED,False
factorial.ml,386,metadata_entry_func,REJECTED,BAD_CALL,N/A,CRASH_TypeError,False
factorial.ml,387,metadata_entry_func,REJECTED,BAD_CALL,N/A,CRASH_TypeError,False
factorial.ml,388,bit_flip,ACCEPTED,,STEP_LIMIT,N/A,False
factorial.ml,389,insertion,REJECTED,BAD_OPCODE,N/A,CRASH_ValueError,False
factorial.ml,390,metadata_entry_func,ACCEPTED,,CLEAN,N/A,False
factorial.ml,391,bit_flip,REJECTED,BAD_OPCODE,N/A,CRASH_ValueError,False
factorial.ml,392,byte_replace,REJECTED,LOCAL_RANGE,N/A,CRASH_IndexError,False
factorial.ml,393,insertion,REJECTED,BAD_OPCODE,N/A,CRASH_IndexError,False
factorial.ml,394,bit_flip,REJECTED,BAD_OPCODE,N/A,CRASH_ValueError,False
factorial.ml,395,metadata_entry_func,REJECTED,BAD_CALL,N/A,CRASH_IndexError,False
factorial.ml,396,bit_flip,REJECTED,LOCAL_RANGE,N/A,CRASH_IndexError,False
factorial.ml,397,byte_replace,REJECTED,BAD_OPCODE,N/A,CRASH_ValueError,False
factorial.ml,398,metadata_max_stack,REJECTED,STACK_OVERFLOW,N/A,COMPLETED,False
factorial.ml,399,byte_replace,REJECTED,BAD_CALL,N/A,CRASH_IndexError,False
factorial.ml,400,byte_replace,REJECTED,BAD_OPCODE,N/A,CRASH_ValueError,False
factorial.ml,401,metadata_entry_func,REJECTED,BAD_CALL,N/A,CRASH_IndexError,False
factorial.ml,402,metadata_num_locals,REJECTED,LOCAL_RANGE,N/A,COMPLETED,False
factorial.ml,403,byte_replace,REJECTED,BAD_CALL,N/A,CRASH_IndexError,False
factorial.ml,404,deletion,REJECTED,BAD_OPCODE,N/A,CRASH_ValueError,False
factorial.ml,405,truncation,REJECTED,FALLTHROUGH,N/A,CRASH_IndexError,False
factorial.ml,406,byte_replace,REJECTED,LOCAL_RANGE,N/A,CRASH_IndexError,False
factorial.ml,407,metadata_max_stack,REJECTED,STACK_OVERFLOW,N/A,COMPLETED,False
factorial.ml,408,truncation,REJECTED,FALLTHROUGH,N/A,CRASH_IndexError,False
factorial.ml,409,operand_corruption,REJECTED,BAD_OPCODE,N/A,CRASH_ValueError,False
factorial.ml,410,truncation,REJECTED,TRUNCATED,N/A,CRASH_error,False
factorial.ml,411,metadata_max_stack,REJECTED,STACK_OVERFLOW,N/A,COMPLETED,False
factorial.ml,412,byte_replace,ACCEPTED,,CLEAN,N/A,False
factorial.ml,413,byte_replace,REJECTED,BAD_CALL,N/A,CRASH_IndexError,False
factorial.ml,414,deletion,REJECTED,LOCAL_RANGE,N/A,CRASH_IndexError,False
factorial.ml,415,truncation,REJECTED,FALLTHROUGH,N/A,CRASH_IndexError,False
factorial.ml,416,byte_replace,REJECTED,BAD_OPCODE,N/A,CRASH_ValueError,False
factorial.ml,417,operand_corruption,REJECTED,BAD_OPCODE,N/A,COMPLETED,False
factorial.ml,418,byte_replace,REJECTED,BAD_OPCODE,N/A,CRASH_ValueError,False
factorial.ml,419,operand_corruption,REJECTED,BAD_OPCODE,N/A,COMPLETED,False
factorial.ml,420,operand_corruption,ACCEPTED,,STEP_LIMIT,N/A,False
factorial.ml,421,truncation,REJECTED,FALLTHROUGH,N/A,CRASH_IndexError,False
factorial.ml,422,bit_flip,ACCEPTED,,CLEAN,N/A,False
factorial.ml,423,operand_corruption,REJECTED,BAD_OPCODE,N/A,COMPLETED,False
factorial.ml,424,operand_corruption,REJECTED,BAD_OPCODE,N/A,CRASH_ValueError,False
factorial.ml,425,operand_corruption,REJECTED,BAD_OPCODE,N/A,COMPLETED,False
factorial.ml,426,truncation,REJECTED,TRUNCATED,N/A,CRASH_error,False
factorial.ml,427,metadata_num_locals,REJECTED,LOCAL_RANGE,N/A,COMPLETED,False
factorial.ml,428,deletion,REJECTED,TRUNCATED,N/A,CRASH_error,False
factorial.ml,429,bit_flip,ACCEPTED,,CLEAN,N/A,False
factorial.ml,430,truncation,REJECTED,TRUNCATED,N/A,CRASH_error,False
factorial.ml,431,deletion,REJECTED,BAD_OPCODE,N/A,CRASH_ValueError,False
factorial.ml,432,deletion,REJECTED,TRUNCATED,N/A,CRASH_error,False
factorial.ml,433,operand_corruption,REJECTED,BAD_OPCODE,N/A,STEP_LIMIT,False
factorial.ml,434,metadata_entry_func,REJECTED,BAD_CALL,N/A,CRASH_TypeError,False
factorial.ml,435,bit_flip,REJECTED,LOCAL_RANGE,N/A,CRASH_IndexError,False
factorial.ml,436,deletion,REJECTED,BAD_OPCODE,N/A,CRASH_ValueError,False
factorial.ml,437,deletion,REJECTED,BAD_RETURN,N/A,COMPLETED,False
factorial.ml,438,insertion,REJECTED,BAD_OPCODE,N/A,CRASH_ValueError,False
factorial.ml,439,deletion,REJECTED,TRUNCATED,N/A,CRASH_error,False
factorial.ml,440,insertion,REJECTED,BAD_OPCODE,N/A,CRASH_ValueError,False
factorial.ml,441,metadata_max_stack,REJECTED,STACK_OVERFLOW,N/A,COMPLETED,False
factorial.ml,442,bit_flip,REJECTED,BAD_OPCODE,N/A,CRASH_ValueError,False
factorial.ml,443,metadata_max_stack,ACCEPTED,,CLEAN,N/A,False
factorial.ml,444,insertion,REJECTED,BAD_OPCODE,N/A,CRASH_ValueError,False
factorial.ml,445,metadata_entry_func,ACCEPTED,,CLEAN,N/A,False
factorial.ml,446,bit_flip,REJECTED,BAD_OPCODE,N/A,CRASH_ValueError,False
factorial.ml,447,metadata_entry_func,ACCEPTED,,CLEAN,N/A,False
factorial.ml,448,bit_flip,REJECTED,BAD_OPCODE,N/A,CRASH_ValueError,False
factorial.ml,449,byte_replace,ACCEPTED,,STEP_LIMIT,N/A,False
factorial.ml,450,opcode_swap,REJECTED,BAD_OPCODE,N/A,CRASH_IndexError,False
factorial.ml,451,truncation,REJECTED,FALLTHROUGH,N/A,CRASH_IndexError,False
factorial.ml,452,metadata_max_stack,REJECTED,STACK_OVERFLOW,N/A,COMPLETED,False
factorial.ml,453,operand_corruption,REJECTED,BAD_OPCODE,N/A,CRASH_ValueError,False
factorial.ml,454,opcode_swap,REJECTED,STACK_UNDERFLOW,N/A,CRASH_IndexError,False
factorial.ml,455,truncation,REJECTED,TRUNCATED,N/A,CRASH_error,False
factorial.ml,456,operand_corruption,ACCEPTED,,CLEAN,N/A,False
factorial.ml,457,opcode_swap,REJECTED,TRUNCATED,N/A,CRASH_error,False
factorial.ml,458,deletion,REJECTED,BAD_OPCODE,N/A,CRASH_ValueError,False
factorial.ml,459,metadata_num_locals,REJECTED,LOCAL_RANGE,N/A,COMPLETED,False
factorial.ml,460,operand_corruption,REJECTED,BAD_OPCODE,N/A,COMPLETED,False
factorial.ml,461,byte_replace,REJECTED,BAD_OPCODE,N/A,CRASH_ValueError,False
factorial.ml,462,truncation,REJECTED,FALLTHROUGH,N/A,CRASH_IndexError,False
factorial.ml,463,opcode_swap,REJECTED,BAD_OPCODE,N/A,CRASH_IndexError,False
factorial.ml,464,operand_corruption,REJECTED,BAD_OPCODE,N/A,COMPLETED,False
factorial.ml,465,insertion,REJECTED,BAD_OPCODE,N/A,CRASH_ValueError,False
factorial.ml,466,metadata_max_stack,ACCEPTED,,CLEAN,N/A,False
factorial.ml,467,insertion,REJECTED,BAD_OPCODE,N/A,CRASH_ValueError,False
factorial.ml,468,byte_replace,REJECTED,BAD_OPCODE,N/A,CRASH_ValueError,False
factorial.ml,469,opcode_swap,REJECTED,STACK_TYPE,N/A,STEP_LIMIT,False
factorial.ml,470,metadata_num_locals,REJECTED,LOCAL_RANGE,N/A,COMPLETED,False
factorial.ml,471,operand_corruption,ACCEPTED,,CLEAN,N/A,False
factorial.ml,472,operand_corruption,ACCEPTED,,CLEAN,N/A,False
factorial.ml,473,metadata_num_locals,REJECTED,LOCAL_RANGE,N/A,COMPLETED,False
factorial.ml,474,metadata_num_locals,ACCEPTED,,CLEAN,N/A,False
factorial.ml,475,opcode_swap,REJECTED,BAD_OPCODE,N/A,CRASH_ValueError,False
factorial.ml,476,bit_flip,ACCEPTED,,CLEAN,N/A,False
factorial.ml,477,bit_flip,REJECTED,LOCAL_RANGE,N/A,CRASH_IndexError,False
factorial.ml,478,metadata_num_locals,ACCEPTED,,CLEAN,N/A,False
factorial.ml,479,insertion,REJECTED,BAD_OPCODE,N/A,CRASH_ValueError,False
factorial.ml,480,operand_corruption,ACCEPTED,,CLEAN,N/A,False
factorial.ml,481,truncation,REJECTED,FALLTHROUGH,N/A,CRASH_IndexError,False
factorial.ml,482,metadata_entry_func,REJECTED,BAD_CALL,N/A,CRASH_TypeError,False
factorial.ml,483,bit_flip,REJECTED,BAD_CALL,N/A,CRASH_IndexError,False
factorial.ml,484,metadata_num_locals,ACCEPTED,,CLEAN,N/A,False
factorial.ml,485,bit_flip,REJECTED,BAD_RETURN,N/A,STEP_LIMIT,False
factorial.ml,486,byte_replace,REJECTED,BAD_OPCODE,N/A,CRASH_ValueError,False
factorial.ml,487,bit_flip,REJECTED,BAD_CALL,N/A,CRASH_IndexError,False
factorial.ml,488,byte_replace,ACCEPTED,,CLEAN,N/A,False
factorial.ml,489,bit_flip,REJECTED,BAD_CALL,N/A,CRASH_IndexError,False
factorial.ml,490,operand_corruption,ACCEPTED,,CLEAN,N/A,False
factorial.ml,491,operand_corruption,ACCEPTED,,CLEAN,N/A,False
factorial.ml,492,operand_corruption,REJECTED,BAD_OPCODE,N/A,CRASH_ValueError,False
factorial.ml,493,operand_corruption,ACCEPTED,,CLEAN,N/A,False
factorial.ml,494,deletion,REJECTED,BAD_RETURN,N/A,STEP_LIMIT,False
factorial.ml,495,operand_corruption,REJECTED,BAD_OPCODE,N/A,CRASH_ValueError,False
factorial.ml,496,deletion,REJECTED,BAD_OPCODE,N/A,CRASH_ValueError,False
factorial.ml,497,metadata_max_stack,REJECTED,STACK_OVERFLOW,N/A,COMPLETED,False
factorial.ml,498,metadata_num_locals,REJECTED,LOCAL_RANGE,N/A,COMPLETED,False
factorial.ml,499,insertion,REJECTED,BAD_OPCODE,N/A,CRASH_IndexError,False
factorial.ml,500,opcode_swap,REJECTED,STACK_UNDERFLOW,N/A,CRASH_IndexError,False
factorial.ml,501,operand_corruption,REJECTED,BAD_OPCODE,N/A,COMPLETED,False
factorial.ml,502,insertion,REJECTED,BAD_OPCODE,N/A,CRASH_ValueError,False
factorial.ml,503,metadata_entry_func,REJECTED,BAD_CALL,N/A,CRASH_TypeError,False
factorial.ml,504,operand_corruption,REJECTED,BAD_CALL,N/A,CRASH_IndexError,False
factorial.ml,505,truncation,REJECTED,TRUNCATED,N/A,CRASH_error,False
factorial.ml,506,opcode_swap,REJECTED,STACK_UNDERFLOW,N/A,CRASH_IndexError,False
factorial.ml,507,bit_flip,REJECTED,LOCAL_RANGE,N/A,CRASH_IndexError,False
factorial.ml,508,operand_corruption,ACCEPTED,,CLEAN,N/A,False
factorial.ml,509,bit_flip,ACCEPTED,,STEP_LIMIT,N/A,False
factorial.ml,510,truncation,REJECTED,FALLTHROUGH,N/A,CRASH_IndexError,False
factorial.ml,511,metadata_num_locals,REJECTED,LOCAL_RANGE,N/A,COMPLETED,False
factorial.ml,512,opcode_swap,ACCEPTED,,STEP_LIMIT,N/A,False
factorial.ml,513,metadata_entry_func,ACCEPTED,,CLEAN,N/A,False
factorial.ml,514,insertion,REJECTED,BAD_OPCODE,N/A,CRASH_ValueError,False
factorial.ml,515,deletion,REJECTED,BAD_OPCODE,N/A,CRASH_ValueError,False
factorial.ml,516,opcode_swap,REJECTED,BAD_OPCODE,N/A,CRASH_IndexError,False
factorial.ml,517,opcode_swap,REJECTED,BAD_OPCODE,N/A,CRASH_IndexError,False
factorial.ml,518,deletion,REJECTED,BAD_OPCODE,N/A,CRASH_ValueError,False
factorial.ml,519,byte_replace,REJECTED,BAD_CALL,N/A,CRASH_IndexError,False
factorial.ml,520,byte_replace,ACCEPTED,,CLEAN,N/A,False
factorial.ml,521,metadata_max_stack,REJECTED,STACK_OVERFLOW,N/A,COMPLETED,False
factorial.ml,522,bit_flip,ACCEPTED,,STEP_LIMIT,N/A,False
factorial.ml,523,truncation,REJECTED,FALLTHROUGH,N/A,CRASH_IndexError,False
factorial.ml,524,bit_flip,REJECTED,BAD_OPCODE,N/A,CRASH_IndexError,False
factorial.ml,525,operand_corruption,REJECTED,BAD_OPCODE,N/A,CRASH_ValueError,False
factorial.ml,526,bit_flip,REJECTED,BAD_JUMP,N/A,CRASH_IndexError,False
factorial.ml,527,opcode_swap,REJECTED,STACK_TYPE,N/A,STEP_LIMIT,False
factorial.ml,528,insertion,REJECTED,BAD_OPCODE,N/A,CRASH_ValueError,False
factorial.ml,529,metadata_entry_func,REJECTED,BAD_CALL,N/A,CRASH_IndexError,False
factorial.ml,530,metadata_entry_func,REJECTED,BAD_CALL,N/A,CRASH_IndexError,False
factorial.ml,531,byte_replace,REJECTED,BAD_CALL,N/A,CRASH_IndexError,False
factorial.ml,532,truncation,REJECTED,TRUNCATED,N/A,CRASH_error,False
factorial.ml,533,metadata_max_stack,REJECTED,STACK_OVERFLOW,N/A,COMPLETED,False
factorial.ml,534,bit_flip,ACCEPTED,,CLEAN,N/A,False
factorial.ml,535,insertion,REJECTED,BAD_OPCODE,N/A,CRASH_ValueError,False
factorial.ml,536,metadata_entry_func,ACCEPTED,,CLEAN,N/A,False
factorial.ml,537,opcode_swap,REJECTED,BAD_OPCODE,N/A,CRASH_ValueError,False
factorial.ml,538,truncation,REJECTED,TRUNCATED,N/A,CRASH_error,False
factorial.ml,539,byte_replace,REJECTED,BAD_CALL,N/A,CRASH_IndexError,False
factorial.ml,540,bit_flip,REJECTED,LOCAL_RANGE,N/A,CRASH_IndexError,False
factorial.ml,541,truncation,REJECTED,TRUNCATED,N/A,CRASH_error,False
factorial.ml,542,bit_flip,REJECTED,BAD_OPCODE,N/A,CRASH_ValueError,False
factorial.ml,543,operand_corruption,REJECTED,BAD_OPCODE,N/A,COMPLETED,False
factorial.ml,544,insertion,REJECTED,BAD_OPCODE,N/A,CRASH_ValueError,False
factorial.ml,545,byte_replace,ACCEPTED,,CLEAN,N/A,False
factorial.ml,546,operand_corruption,REJECTED,STACK_OVERFLOW,N/A,STEP_LIMIT,False
factorial.ml,547,opcode_swap,REJECTED,BAD_OPCODE,N/A,CRASH_IndexError,False
factorial.ml,548,byte_replace,REJECTED,BAD_CALL,N/A,CRASH_IndexError,False
factorial.ml,549,truncation,REJECTED,TRUNCATED,N/A,CRASH_error,False
factorial.ml,550,operand_corruption,REJECTED,LOCAL_RANGE,N/A,CRASH_IndexError,False
factorial.ml,551,metadata_entry_func,ACCEPTED,,CLEAN,N/A,False
factorial.ml,552,metadata_entry_func,ACCEPTED,,CLEAN,N/A,False
factorial.ml,553,byte_replace,REJECTED,BAD_OPCODE,N/A,CRASH_ValueError,False
factorial.ml,554,opcode_swap,REJECTED,FALLTHROUGH,N/A,CRASH_IndexError,False
factorial.ml,555,opcode_swap,REJECTED,BAD_OPCODE,N/A,CRASH_ValueError,False
factorial.ml,556,insertion,REJECTED,BAD_OPCODE,N/A,CRASH_ValueError,False
factorial.ml,557,operand_corruption,ACCEPTED,,CLEAN,N/A,False
factorial.ml,558,bit_flip,ACCEPTED,,CLEAN,N/A,False
factorial.ml,559,operand_corruption,REJECTED,BAD_OPCODE,N/A,CRASH_IndexError,False
factorial.ml,560,bit_flip,REJECTED,BAD_OPCODE,N/A,STEP_LIMIT,False
factorial.ml,561,byte_replace,ACCEPTED,,STEP_LIMIT,N/A,False
factorial.ml,562,metadata_num_locals,REJECTED,LOCAL_RANGE,N/A,COMPLETED,False
factorial.ml,563,bit_flip,REJECTED,BAD_JUMP,N/A,CRASH_ValueError,False
factorial.ml,564,opcode_swap,REJECTED,STACK_TYPE,N/A,COMPLETED,False
factorial.ml,565,metadata_entry_func,REJECTED,BAD_CALL,N/A,CRASH_TypeError,False
factorial.ml,566,bit_flip,REJECTED,LOCAL_RANGE,N/A,CRASH_IndexError,False
factorial.ml,567,deletion,ACCEPTED,,CLEAN,N/A,False
factorial.ml,568,truncation,REJECTED,TRUNCATED,N/A,CRASH_error,False
factorial.ml,569,deletion,REJECTED,BAD_JUMP,N/A,COMPLETED,False
factorial.ml,570,truncation,REJECTED,FALLTHROUGH,N/A,CRASH_IndexError,False
factorial.ml,571,opcode_swap,REJECTED,BAD_OPCODE,N/A,CRASH_ValueError,False
factorial.ml,572,metadata_num_locals,ACCEPTED,,CLEAN,N/A,False
factorial.ml,573,opcode_swap,REJECTED,BAD_OPCODE,N/A,CRASH_IndexError,False
factorial.ml,574,bit_flip,REJECTED,BAD_OPCODE,N/A,CRASH_ValueError,False
factorial.ml,575,opcode_swap,REJECTED,BAD_OPCODE,N/A,CRASH_IndexError,False
factorial.ml,576,metadata_entry_func,REJECTED,BAD_CALL,N/A,CRASH_IndexError,False
factorial.ml,577,operand_corruption,REJECTED,BAD_CALL,N/A,CRASH_IndexError,False
factorial.ml,578,byte_replace,ACCEPTED,,CLEAN,N/A,False
factorial.ml,579,truncation,REJECTED,FALLTHROUGH,N/A,CRASH_IndexError,False
factorial.ml,580,operand_corruption,ACCEPTED,,CLEAN,N/A,False
factorial.ml,581,byte_replace,ACCEPTED,,CLEAN,N/A,False
factorial.ml,582,opcode_swap,REJECTED,BAD_OPCODE,N/A,COMPLETED,False
factorial.ml,583,metadata_num_locals,ACCEPTED,,CLEAN,N/A,False
factorial.ml,584,metadata_num_locals,ACCEPTED,,CLEAN,N/A,False
factorial.ml,585,insertion,REJECTED,BAD_OPCODE,N/A,CRASH_ValueError,False
factorial.ml,586,operand_corruption,REJECTED,BAD_OPCODE,N/A,CRASH_IndexError,False
factorial.ml,587,opcode_swap,REJECTED,BAD_OPCODE,N/A,CRASH_ValueError,False
factorial.ml,588,deletion,ACCEPTED,,CLEAN,N/A,False
factorial.ml,589,deletion,ACCEPTED,,CLEAN,N/A,False
factorial.ml,590,deletion,REJECTED,BAD_JUMP,N/A,COMPLETED,False
factorial.ml,591,insertion,REJECTED,BAD_OPCODE,N/A,CRASH_ValueError,False
factorial.ml,592,insertion,REJECTED,BAD_OPCODE,N/A,CRASH_ValueError,False
factorial.ml,593,operand_corruption,REJECTED,BAD_OPCODE,N/A,CRASH_ValueError,False
factorial.ml,594,opcode_swap,REJECTED,BAD_OPCODE,N/A,CRASH_IndexError,False
factorial.ml,595,deletion,REJECTED,FALLTHROUGH,N/A,CRASH_IndexError,False
factorial.ml,596,metadata_entry_func,REJECTED,BAD_CALL,N/A,CRASH_TypeError,False
factorial.ml,597,metadata_max_stack,REJECTED,STACK_OVERFLOW,N/A,COMPLETED,False
factorial.ml,598,metadata_entry_func,REJECTED,BAD_CALL,N/A,CRASH_IndexError,False
factorial.ml,599,metadata_entry_func,REJECTED,BAD_CALL,N/A,CRASH_TypeError,False
factorial.ml,600,byte_replace,REJECTED,BAD_OPCODE,N/A,CRASH_ValueError,False
factorial.ml,601,bit_flip,ACCEPTED,,STEP_LIMIT,N/A,False
factorial.ml,602,truncation,REJECTED,FALLTHROUGH,N/A,CRASH_IndexError,False
factorial.ml,603,metadata_entry_func,ACCEPTED,,CLEAN,N/A,False
factorial.ml,604,byte_replace,ACCEPTED,,CLEAN,N/A,False
factorial.ml,605,deletion,REJECTED,TRUNCATED,N/A,CRASH_error,False
factorial.ml,606,insertion,REJECTED,BAD_OPCODE,N/A,CRASH_IndexError,False
factorial.ml,607,opcode_swap,REJECTED,BAD_OPCODE,N/A,CRASH_IndexError,False
factorial.ml,608,insertion,REJECTED,BAD_OPCODE,N/A,CRASH_ValueError,False
factorial.ml,609,byte_replace,ACCEPTED,,CLEAN,N/A,False
factorial.ml,610,truncation,REJECTED,FALLTHROUGH,N/A,CRASH_IndexError,False
factorial.ml,611,byte_replace,REJECTED,BAD_OPCODE,N/A,CRASH_ValueError,False
factorial.ml,612,insertion,REJECTED,BAD_OPCODE,N/A,CRASH_IndexError,False
factorial.ml,613,deletion,REJECTED,BAD_OPCODE,N/A,CRASH_ValueError,False
factorial.ml,614,byte_replace,REJECTED,BAD_OPCODE,N/A,CRASH_ValueError,False
factorial.ml,615,byte_replace,REJECTED,BAD_OPCODE,N/A,CRASH_ValueError,False
factorial.ml,616,opcode_swap,REJECTED,BAD_OPCODE,N/A,CRASH_IndexError,False
factorial.ml,617,truncation,REJECTED,TRUNCATED,N/A,CRASH_error,False
factorial.ml,618,insertion,REJECTED,BAD_OPCODE,N/A,CRASH_ValueError,False
factorial.ml,619,byte_replace,REJECTED,BAD_JUMP,N/A,CRASH_IndexError,False
factorial.ml,620,insertion,REJECTED,BAD_OPCODE,N/A,CRASH_ValueError,False
factorial.ml,621,opcode_swap,REJECTED,STACK_TYPE,N/A,CRASH_IndexError,False
factorial.ml,622,metadata_max_stack,ACCEPTED,,CLEAN,N/A,False
factorial.ml,623,deletion,REJECTED,BAD_OPCODE,N/A,CRASH_ValueError,False
factorial.ml,624,operand_corruption,ACCEPTED,,CLEAN,N/A,False
factorial.ml,625,byte_replace,REJECTED,BAD_CALL,N/A,CRASH_IndexError,False
factorial.ml,626,opcode_swap,ACCEPTED,,CLEAN,N/A,False
factorial.ml,627,byte_replace,ACCEPTED,,CLEAN,N/A,False
factorial.ml,628,byte_replace,ACCEPTED,,CLEAN,N/A,False
factorial.ml,629,opcode_swap,REJECTED,TRUNCATED,N/A,CRASH_error,False
factorial.ml,630,opcode_swap,REJECTED,STACK_UNDERFLOW,N/A,CRASH_IndexError,False
factorial.ml,631,byte_replace,REJECTED,BAD_OPCODE,N/A,CRASH_ValueError,False
factorial.ml,632,metadata_max_stack,ACCEPTED,,CLEAN,N/A,False
factorial.ml,633,bit_flip,REJECTED,BAD_OPCODE,N/A,CRASH_ValueError,False
factorial.ml,634,byte_replace,ACCEPTED,,STEP_LIMIT,N/A,False
factorial.ml,635,opcode_swap,REJECTED,STACK_UNDERFLOW,N/A,CRASH_IndexError,False
factorial.ml,636,deletion,REJECTED,BAD_RETURN,N/A,COMPLETED,False
factorial.ml,637,truncation,REJECTED,FALLTHROUGH,N/A,CRASH_IndexError,False
factorial.ml,638,truncation,REJECTED,FALLTHROUGH,N/A,CRASH_IndexError,False
factorial.ml,639,insertion,REJECTED,BAD_OPCODE,N/A,CRASH_IndexError,False
factorial.ml,640,bit_flip,REJECTED,BAD_OPCODE,N/A,CRASH_ValueError,False
factorial.ml,641,opcode_swap,REJECTED,STACK_UNDERFLOW,N/A,CRASH_IndexError,False
factorial.ml,642,bit_flip,REJECTED,STACK_OVERFLOW,N/A,STEP_LIMIT,False
factorial.ml,643,operand_corruption,REJECTED,BAD_OPCODE,N/A,COMPLETED,False
factorial.ml,644,metadata_entry_func,REJECTED,BAD_CALL,N/A,CRASH_TypeError,False
factorial.ml,645,byte_replace,ACCEPTED,,CLEAN,N/A,False
factorial.ml,646,metadata_max_stack,REJECTED,STACK_OVERFLOW,N/A,COMPLETED,False
factorial.ml,647,opcode_swap,REJECTED,TRUNCATED,N/A,CRASH_error,False
factorial.ml,648,bit_flip,REJECTED,BAD_OPCODE,N/A,CRASH_IndexError,False
factorial.ml,649,metadata_num_locals,ACCEPTED,,CLEAN,N/A,False
factorial.ml,650,truncation,REJECTED,FALLTHROUGH,N/A,CRASH_IndexError,False
factorial.ml,651,insertion,REJECTED,BAD_OPCODE,N/A,CRASH_ValueError,False
factorial.ml,652,deletion,REJECTED,BAD_CALL,N/A,CRASH_IndexError,False
factorial.ml,653,operand_corruption,ACCEPTED,,CLEAN,N/A,False
factorial.ml,654,metadata_entry_func,REJECTED,BAD_CALL,N/A,CRASH_TypeError,False
factorial.ml,655,byte_replace,REJECTED,BAD_CALL,N/A,CRASH_IndexError,False
factorial.ml,656,deletion,REJECTED,BAD_OPCODE,N/A,CRASH_ValueError,False
factorial.ml,657,truncation,REJECTED,FALLTHROUGH,N/A,CRASH_IndexError,False
factorial.ml,658,operand_corruption,REJECTED,BAD_OPCODE,N/A,CRASH_IndexError,False
factorial.ml,659,metadata_max_stack,ACCEPTED,,CLEAN,N/A,False
factorial.ml,660,insertion,REJECTED,BAD_OPCODE,N/A,CRASH_ValueError,False
factorial.ml,661,byte_replace,REJECTED,LOCAL_RANGE,N/A,CRASH_IndexError,False
factorial.ml,662,opcode_swap,REJECTED,BAD_OPCODE,N/A,CRASH_IndexError,False
factorial.ml,663,operand_corruption,REJECTED,LOCAL_RANGE,N/A,CRASH_IndexError,False
factorial.ml,664,operand_corruption,ACCEPTED,,CLEAN,N/A,False
factorial.ml,665,opcode_swap,ACCEPTED,,STEP_LIMIT,N/A,False
factorial.ml,666,deletion,REJECTED,BAD_OPCODE,N/A,CRASH_ValueError,False
factorial.ml,667,operand_corruption,REJECTED,BAD_OPCODE,N/A,CRASH_ValueError,False
factorial.ml,668,operand_corruption,REJECTED,BAD_OPCODE,N/A,CRASH_ValueError,False
factorial.ml,669,insertion,REJECTED,BAD_OPCODE,N/A,CRASH_ValueError,False
factorial.ml,670,truncation,REJECTED,TRUNCATED,N/A,CRASH_error,False
factorial.ml,671,metadata_entry_func,REJECTED,BAD_CALL,N/A,CRASH_IndexError,False
factorial.ml,672,metadata_max_stack,REJECTED,STACK_OVERFLOW,N/A,COMPLETED,False
factorial.ml,673,bit_flip,REJECTED,BAD_OPCODE,N/A,CRASH_ValueError,False
factorial.ml,674,metadata_entry_func,REJECTED,BAD_CALL,N/A,CRASH_TypeError,False
factorial.ml,675,byte_replace,REJECTED,BAD_CALL,N/A,CRASH_IndexError,False
factorial.ml,676,bit_flip,REJECTED,STACK_OVERFLOW,N/A,STEP_LIMIT,False
factorial.ml,677,truncation,REJECTED,FALLTHROUGH,N/A,CRASH_IndexError,False
factorial.ml,678,bit_flip,REJECTED,BAD_OPCODE,N/A,CRASH_ValueError,False
factorial.ml,679,deletion,REJECTED,TRUNCATED,N/A,CRASH_error,False
factorial.ml,680,truncation,REJECTED,FALLTHROUGH,N/A,CRASH_IndexError,False
factorial.ml,681,opcode_swap,REJECTED,BAD_OPCODE,N/A,CRASH_IndexError,False
factorial.ml,682,truncation,REJECTED,FALLTHROUGH,N/A,CRASH_IndexError,False
factorial.ml,683,insertion,REJECTED,BAD_OPCODE,N/A,COMPLETED,False
factorial.ml,684,truncation,REJECTED,TRUNCATED,N/A,CRASH_error,False
factorial.ml,685,bit_flip,REJECTED,LOCAL_RANGE,N/A,CRASH_IndexError,False
factorial.ml,686,bit_flip,REJECTED,BAD_OPCODE,N/A,CRASH_IndexError,False
factorial.ml,687,deletion,REJECTED,BAD_OPCODE,N/A,CRASH_ValueError,False
factorial.ml,688,metadata_num_locals,REJECTED,LOCAL_RANGE,N/A,COMPLETED,False
factorial.ml,689,metadata_num_locals,REJECTED,LOCAL_RANGE,N/A,COMPLETED,False
factorial.ml,690,deletion,REJECTED,BAD_RETURN,N/A,COMPLETED,False
factorial.ml,691,metadata_num_locals,ACCEPTED,,CLEAN,N/A,False
factorial.ml,692,byte_replace,REJECTED,LOCAL_RANGE,N/A,CRASH_IndexError,False
factorial.ml,693,deletion,REJECTED,BAD_OPCODE,N/A,CRASH_ValueError,False
factorial.ml,694,truncation,REJECTED,TRUNCATED,N/A,CRASH_error,False
factorial.ml,695,truncation,REJECTED,TRUNCATED,N/A,CRASH_error,False
factorial.ml,696,operand_corruption,REJECTED,LOCAL_RANGE,N/A,CRASH_IndexError,False
factorial.ml,697,metadata_num_locals,REJECTED,LOCAL_RANGE,N/A,COMPLETED,False
factorial.ml,698,operand_corruption,REJECTED,BAD_OPCODE,N/A,COMPLETED,False
factorial.ml,699,byte_replace,ACCEPTED,,CLEAN,N/A,False
factorial.ml,700,operand_corruption,ACCEPTED,,CLEAN,N/A,False
factorial.ml,701,deletion,REJECTED,FALLTHROUGH,N/A,CRASH_IndexError,False
factorial.ml,702,truncation,REJECTED,FALLTHROUGH,N/A,CRASH_IndexError,False
factorial.ml,703,operand_corruption,REJECTED,BAD_OPCODE,N/A,COMPLETED,False
factorial.ml,704,opcode_swap,REJECTED,BAD_OPCODE,N/A,CRASH_IndexError,False
factorial.ml,705,bit_flip,ACCEPTED,,CLEAN,N/A,False
factorial.ml,706,operand_corruption,ACCEPTED,,CLEAN,N/A,False
factorial.ml,707,byte_replace,ACCEPTED,,CLEAN,N/A,False
factorial.ml,708,operand_corruption,ACCEPTED,,STEP_LIMIT,N/A,False
factorial.ml,709,operand_corruption,REJECTED,BAD_OPCODE,N/A,CRASH_ValueError,False
factorial.ml,710,opcode_swap,REJECTED,BAD_OPCODE,N/A,CRASH_IndexError,False
factorial.ml,711,bit_flip,REJECTED,BAD_OPCODE,N/A,CRASH_ValueError,False
factorial.ml,712,bit_flip,ACCEPTED,,CLEAN,N/A,False
factorial.ml,713,deletion,REJECTED,FALLTHROUGH,N/A,CRASH_IndexError,False
factorial.ml,714,opcode_swap,REJECTED,STACK_UNDERFLOW,N/A,CRASH_IndexError,False
factorial.ml,715,deletion,REJECTED,FALLTHROUGH,N/A,CRASH_IndexError,False
factorial.ml,716,deletion,REJECTED,BAD_RETURN,N/A,COMPLETED,False
factorial.ml,717,insertion,REJECTED,BAD_OPCODE,N/A,CRASH_ValueError,False
factorial.ml,718,insertion,REJECTED,BAD_OPCODE,N/A,CRASH_ValueError,False
factorial.ml,719,byte_replace,REJECTED,BAD_OPCODE,N/A,CRASH_IndexError,False
factorial.ml,720,operand_corruption,REJECTED,BAD_OPCODE,N/A,CRASH_ValueError,False
factorial.ml,721,metadata_entry_func,REJECTED,BAD_CALL,N/A,CRASH_TypeError,False
factorial.ml,722,bit_flip,ACCEPTED,,CLEAN,N/A,False
factorial.ml,723,insertion,REJECTED,BAD_OPCODE,N/A,CRASH_ValueError,False
factorial.ml,724,byte_replace,REJECTED,LOCAL_RANGE,N/A,CRASH_IndexError,False
factorial.ml,725,byte_replace,REJECTED,BAD_OPCODE,N/A,CRASH_ValueError,False
factorial.ml,726,insertion,REJECTED,BAD_OPCODE,N/A,CRASH_ValueError,False
factorial.ml,727,byte_replace,ACCEPTED,,CLEAN,N/A,False
factorial.ml,728,truncation,REJECTED,TRUNCATED,N/A,CRASH_error,False
factorial.ml,729,truncation,REJECTED,TRUNCATED,N/A,CRASH_error,False
factorial.ml,730,operand_corruption,REJECTED,BAD_OPCODE,N/A,CRASH_ValueError,False
factorial.ml,731,metadata_num_locals,REJECTED,LOCAL_RANGE,N/A,COMPLETED,False
factorial.ml,732,deletion,REJECTED,BAD_OPCODE,N/A,CRASH_IndexError,False
factorial.ml,733,bit_flip,ACCEPTED,,CLEAN,N/A,False
factorial.ml,734,opcode_swap,REJECTED,STACK_UNDERFLOW,N/A,CRASH_IndexError,False
factorial.ml,735,byte_replace,ACCEPTED,,CLEAN,N/A,False
factorial.ml,736,bit_flip,ACCEPTED,,CLEAN,N/A,False
factorial.ml,737,metadata_max_stack,ACCEPTED,,CLEAN,N/A,False
factorial.ml,738,metadata_max_stack,REJECTED,STACK_OVERFLOW,N/A,COMPLETED,False
factorial.ml,739,truncation,REJECTED,TRUNCATED,N/A,CRASH_error,False
factorial.ml,740,metadata_entry_func,REJECTED,BAD_CALL,N/A,CRASH_IndexError,False
factorial.ml,741,byte_replace,ACCEPTED,,STEP_LIMIT,N/A,False
factorial.ml,742,truncation,REJECTED,FALLTHROUGH,N/A,CRASH_IndexError,False
factorial.ml,743,metadata_max_stack,REJECTED,STACK_OVERFLOW,N/A,COMPLETED,False
factorial.ml,744,opcode_swap,REJECTED,BAD_OPCODE,N/A,CRASH_IndexError,False
factorial.ml,745,opcode_swap,REJECTED,STACK_TYPE,N/A,COMPLETED,False
factorial.ml,746,truncation,REJECTED,TRUNCATED,N/A,CRASH_error,False
factorial.ml,747,truncation,REJECTED,TRUNCATED,N/A,CRASH_error,False
factorial.ml,748,operand_corruption,ACCEPTED,,CLEAN,N/A,False
factorial.ml,749,insertion,REJECTED,BAD_OPCODE,N/A,CRASH_ValueError,False
factorial.ml,750,metadata_entry_func,REJECTED,BAD_CALL,N/A,CRASH_IndexError,False
factorial.ml,751,byte_replace,ACCEPTED,,CLEAN,N/A,False
factorial.ml,752,operand_corruption,REJECTED,BAD_OPCODE,N/A,CRASH_ValueError,False
factorial.ml,753,truncation,REJECTED,FALLTHROUGH,N/A,CRASH_IndexError,False
factorial.ml,754,opcode_swap,REJECTED,BAD_OPCODE,N/A,CRASH_ValueError,False
factorial.ml,755,operand_corruption,ACCEPTED,,CLEAN,N/A,False
factorial.ml,756,byte_replace,REJECTED,LOCAL_RANGE,N/A,CRASH_IndexError,False
factorial.ml,757,bit_flip,ACCEPTED,,CLEAN,N/A,False
factorial.ml,758,byte_replace,REJECTED,BAD_OPCODE,N/A,CRASH_ValueError,False
factorial.ml,759,insertion,REJECTED,BAD_OPCODE,N/A,CRASH_ValueError,False
factorial.ml,760,deletion,REJECTED,STACK_OVERFLOW,N/A,COMPLETED,False
factorial.ml,761,byte_replace,REJECTED,BAD_CALL,N/A,CRASH_IndexError,False
factorial.ml,762,metadata_num_locals,REJECTED,LOCAL_RANGE,N/A,COMPLETED,False
factorial.ml,763,deletion,REJECTED,BAD_JUMP,N/A,CRASH_IndexError,False
factorial.ml,764,byte_replace,REJECTED,BAD_OPCODE,N/A,CRASH_ValueError,False
factorial.ml,765,operand_corruption,REJECTED,BAD_OPCODE,N/A,CRASH_ValueError,False
factorial.ml,766,operand_corruption,REJECTED,BAD_OPCODE,N/A,CRASH_ValueError,False
factorial.ml,767,opcode_swap,REJECTED,BAD_OPCODE,N/A,CRASH_IndexError,False
factorial.ml,768,byte_replace,REJECTED,BAD_OPCODE,N/A,CRASH_ValueError,False
factorial.ml,769,opcode_swap,REJECTED,STACK_UNDERFLOW,N/A,CRASH_IndexError,False
factorial.ml,770,bit_flip,REJECTED,BAD_OPCODE,N/A,CRASH_ValueError,False
factorial.ml,771,deletion,REJECTED,BAD_JUMP,N/A,CRASH_ValueError,False
factorial.ml,772,bit_flip,REJECTED,BAD_OPCODE,N/A,CRASH_ValueError,False
factorial.ml,773,truncation,REJECTED,FALLTHROUGH,N/A,CRASH_IndexError,False
factorial.ml,774,insertion,REJECTED,BAD_OPCODE,N/A,CRASH_ValueError,False
factorial.ml,775,deletion,REJECTED,BAD_OPCODE,N/A,CRASH_ValueError,False
factorial.ml,776,bit_flip,REJECTED,BAD_CALL,N/A,CRASH_IndexError,False
factorial.ml,777,truncation,REJECTED,TRUNCATED,N/A,CRASH_error,False
factorial.ml,778,bit_flip,REJECTED,BAD_OPCODE,N/A,CRASH_IndexError,False
factorial.ml,779,truncation,REJECTED,TRUNCATED,N/A,CRASH_error,False
factorial.ml,780,opcode_swap,REJECTED,BAD_OPCODE,N/A,CRASH_IndexError,False
factorial.ml,781,insertion,REJECTED,BAD_OPCODE,N/A,CRASH_IndexError,False
factorial.ml,782,byte_replace,REJECTED,LOCAL_RANGE,N/A,CRASH_IndexError,False
factorial.ml,783,bit_flip,ACCEPTED,,CLEAN,N/A,False
factorial.ml,784,truncation,REJECTED,TRUNCATED,N/A,CRASH_error,False
factorial.ml,785,opcode_swap,ACCEPTED,,STEP_LIMIT,N/A,False
factorial.ml,786,insertion,REJECTED,BAD_OPCODE,N/A,CRASH_ValueError,False
factorial.ml,787,deletion,REJECTED,BAD_JUMP,N/A,COMPLETED,False
factorial.ml,788,operand_corruption,REJECTED,BAD_OPCODE,N/A,COMPLETED,False
factorial.ml,789,deletion,REJECTED,BAD_JUMP,N/A,CRASH_ValueError,False
factorial.ml,790,truncation,REJECTED,TRUNCATED,N/A,CRASH_error,False
factorial.ml,791,metadata_num_locals,REJECTED,LOCAL_RANGE,N/A,COMPLETED,False
factorial.ml,792,truncation,REJECTED,FALLTHROUGH,N/A,CRASH_IndexError,False
factorial.ml,793,bit_flip,REJECTED,BAD_CALL,N/A,CRASH_IndexError,False
factorial.ml,794,bit_flip,ACCEPTED,,STEP_LIMIT,N/A,False
factorial.ml,795,byte_replace,REJECTED,BAD_OPCODE,N/A,CRASH_ValueError,False
factorial.ml,796,metadata_num_locals,REJECTED,LOCAL_RANGE,N/A,COMPLETED,False
factorial.ml,797,byte_replace,ACCEPTED,,CLEAN,N/A,False
factorial.ml,798,metadata_max_stack,ACCEPTED,,CLEAN,N/A,False
factorial.ml,799,byte_replace,ACCEPTED,,STEP_LIMIT,N/A,False
factorial.ml,800,metadata_max_stack,REJECTED,STACK_OVERFLOW,N/A,COMPLETED,False
factorial.ml,801,metadata_entry_func,REJECTED,BAD_CALL,N/A,CRASH_TypeError,False
factorial.ml,802,byte_replace,REJECTED,BAD_CALL,N/A,CRASH_IndexError,False
factorial.ml,803,insertion,REJECTED,BAD_OPCODE,N/A,CRASH_IndexError,False
factorial.ml,804,metadata_num_locals,REJECTED,LOCAL_RANGE,N/A,COMPLETED,False
factorial.ml,805,byte_replace,ACCEPTED,,CLEAN,N/A,False
factorial.ml,806,bit_flip,ACCEPTED,,CLEAN,N/A,False
factorial.ml,807,metadata_entry_func,ACCEPTED,,CLEAN,N/A,False
factorial.ml,808,byte_replace,REJECTED,BAD_OPCODE,N/A,CRASH_ValueError,False
factorial.ml,809,deletion,REJECTED,BAD_CALL,N/A,CRASH_IndexError,False
factorial.ml,810,truncation,REJECTED,FALLTHROUGH,N/A,CRASH_IndexError,False
factorial.ml,811,opcode_swap,REJECTED,BAD_OPCODE,N/A,CRASH_ValueError,False
factorial.ml,812,byte_replace,REJECTED,LOCAL_RANGE,N/A,CRASH_IndexError,False
factorial.ml,813,truncation,REJECTED,TRUNCATED,N/A,CRASH_error,False
factorial.ml,814,metadata_max_stack,REJECTED,STACK_OVERFLOW,N/A,COMPLETED,False
factorial.ml,815,deletion,REJECTED,BAD_OPCODE,N/A,CRASH_ValueError,False
factorial.ml,816,bit_flip,ACCEPTED,,CLEAN,N/A,False
factorial.ml,817,byte_replace,ACCEPTED,,CLEAN,N/A,False
factorial.ml,818,bit_flip,REJECTED,BAD_OPCODE,N/A,CRASH_ValueError,False
factorial.ml,819,opcode_swap,REJECTED,STACK_UNDERFLOW,N/A,CRASH_IndexError,False
factorial.ml,820,byte_replace,REJECTED,BAD_OPCODE,N/A,CRASH_ValueError,False
factorial.ml,821,opcode_swap,REJECTED,BAD_OPCODE,N/A,CRASH_IndexError,False
factorial.ml,822,opcode_swap,REJECTED,BAD_OPCODE,N/A,CRASH_IndexError,False
factorial.ml,823,deletion,REJECTED,BAD_OPCODE,N/A,CRASH_ValueError,False
factorial.ml,824,operand_corruption,REJECTED,BAD_OPCODE,N/A,COMPLETED,False
factorial.ml,825,insertion,REJECTED,BAD_OPCODE,N/A,CRASH_ValueError,False
factorial.ml,826,opcode_swap,REJECTED,STACK_UNDERFLOW,N/A,CRASH_IndexError,False
factorial.ml,827,deletion,REJECTED,BAD_OPCODE,N/A,CRASH_ValueError,False
factorial.ml,828,truncation,REJECTED,TRUNCATED,N/A,CRASH_error,False
factorial.ml,829,opcode_swap,REJECTED,BAD_OPCODE,N/A,CRASH_IndexError,False
factorial.ml,830,bit_flip,ACCEPTED,,CLEAN,N/A,False
factorial.ml,831,bit_flip,REJECTED,BAD_OPCODE,N/A,CRASH_ValueError,False
factorial.ml,832,opcode_swap,REJECTED,TRUNCATED,N/A,CRASH_error,False
factorial.ml,833,bit_flip,REJECTED,LOCAL_RANGE,N/A,CRASH_IndexError,False
factorial.ml,834,metadata_max_stack,ACCEPTED,,CLEAN,N/A,False
factorial.ml,835,opcode_swap,REJECTED,BAD_OPCODE,N/A,CRASH_IndexError,False
factorial.ml,836,byte_replace,REJECTED,LOCAL_RANGE,N/A,CRASH_IndexError,False
factorial.ml,837,opcode_swap,REJECTED,BAD_OPCODE,N/A,CRASH_ValueError,False
factorial.ml,838,metadata_num_locals,REJECTED,LOCAL_RANGE,N/A,COMPLETED,False
factorial.ml,839,bit_flip,REJECTED,BAD_OPCODE,N/A,CRASH_ValueError,False
factorial.ml,840,byte_replace,REJECTED,BAD_CALL,N/A,CRASH_IndexError,False
factorial.ml,841,operand_corruption,REJECTED,BAD_OPCODE,N/A,COMPLETED,False
factorial.ml,842,byte_replace,REJECTED,BAD_CALL,N/A,CRASH_IndexError,False
factorial.ml,843,operand_corruption,ACCEPTED,,STEP_LIMIT,N/A,False
factorial.ml,844,opcode_swap,ACCEPTED,,CLEAN,N/A,False
factorial.ml,845,truncation,REJECTED,TRUNCATED,N/A,CRASH_error,False
factorial.ml,846,operand_corruption,REJECTED,BAD_OPCODE,N/A,CRASH_ValueError,False
factorial.ml,847,metadata_max_stack,REJECTED,STACK_OVERFLOW,N/A,COMPLETED,False
factorial.ml,848,opcode_swap,ACCEPTED,,CLEAN,N/A,False
factorial.ml,849,truncation,REJECTED,TRUNCATED,N/A,CRASH_error,False
factorial.ml,850,opcode_swap,REJECTED,STACK_TYPE,N/A,COMPLETED,False
factorial.ml,851,truncation,REJECTED,FALLTHROUGH,N/A,CRASH_IndexError,False
factorial.ml,852,insertion,REJECTED,BAD_OPCODE,N/A,CRASH_ValueError,False
factorial.ml,853,byte_replace,ACCEPTED,,CLEAN,N/A,False
factorial.ml,854,metadata_entry_func,ACCEPTED,,CLEAN,N/A,False
factorial.ml,855,deletion,REJECTED,BAD_OPCODE,N/A,CRASH_ValueError,False
factorial.ml,856,deletion,REJECTED,BAD_RETURN,N/A,COMPLETED,False
factorial.ml,857,insertion,REJECTED,BAD_OPCODE,N/A,CRASH_ValueError,False
factorial.ml,858,opcode_swap,REJECTED,BAD_OPCODE,N/A,CRASH_ValueError,False
factorial.ml,859,truncation,REJECTED,FALLTHROUGH,N/A,CRASH_IndexError,False
factorial.ml,860,bit_flip,ACCEPTED,,CLEAN,N/A,False
factorial.ml,861,insertion,REJECTED,BAD_OPCODE,N/A,CRASH_ValueError,False
factorial.ml,862,truncation,REJECTED,TRUNCATED,N/A,CRASH_error,False
factorial.ml,863,byte_replace,ACCEPTED,,CLEAN,N/A,False
factorial.ml,864,operand_corruption,REJECTED,BAD_OPCODE,N/A,CRASH_ValueError,False
factorial.ml,865,deletion,REJECTED,BAD_OPCODE,N/A,CRASH_ValueError,False
factorial.ml,866,truncation,REJECTED,TRUNCATED,N/A,CRASH_error,False
factorial.ml,867,opcode_swap,REJECTED,BAD_OPCODE,N/A,CRASH_ValueError,False
factorial.ml,868,bit_flip,REJECTED,TRUNCATED,N/A,CRASH_error,False
factorial.ml,869,metadata_entry_func,REJECTED,BAD_CALL,N/A,CRASH_TypeError,False
factorial.ml,870,operand_corruption,REJECTED,BAD_OPCODE,N/A,CRASH_IndexError,False
factorial.ml,871,byte_replace,ACCEPTED,,CLEAN,N/A,False
factorial.ml,872,bit_flip,REJECTED,STACK_UNDERFLOW,N/A,CRASH_IndexError,False
factorial.ml,873,opcode_swap,REJECTED,STACK_UNDERFLOW,N/A,CRASH_IndexError,False
factorial.ml,874,operand_corruption,REJECTED,BAD_OPCODE,N/A,CRASH_ValueError,False
factorial.ml,875,truncation,REJECTED,TRUNCATED,N/A,CRASH_error,False
factorial.ml,876,truncation,REJECTED,FALLTHROUGH,N/A,CRASH_IndexError,False
factorial.ml,877,truncation,REJECTED,TRUNCATED,N/A,CRASH_error,False
factorial.ml,878,bit_flip,REJECTED,BAD_CALL,N/A,CRASH_IndexError,False
factorial.ml,879,deletion,REJECTED,BAD_JUMP,N/A,COMPLETED,False
factorial.ml,880,insertion,REJECTED,BAD_OPCODE,N/A,CRASH_ValueError,False
factorial.ml,881,opcode_swap,REJECTED,BAD_OPCODE,N/A,CRASH_IndexError,False
factorial.ml,882,operand_corruption,REJECTED,BAD_OPCODE,N/A,CRASH_ValueError,False
factorial.ml,883,deletion,REJECTED,BAD_OPCODE,N/A,CRASH_ValueError,False
factorial.ml,884,insertion,REJECTED,BAD_OPCODE,N/A,CRASH_ValueError,False
factorial.ml,885,bit_flip,REJECTED,BAD_OPCODE,N/A,CRASH_IndexError,False
factorial.ml,886,opcode_swap,REJECTED,STACK_OVERFLOW,N/A,COMPLETED,False
factorial.ml,887,insertion,REJECTED,BAD_OPCODE,N/A,CRASH_IndexError,False
factorial.ml,888,insertion,REJECTED,STACK_OVERFLOW,N/A,STEP_LIMIT,False
factorial.ml,889,byte_replace,REJECTED,STACK_UNDERFLOW,N/A,CRASH_IndexError,False
factorial.ml,890,metadata_num_locals,REJECTED,LOCAL_RANGE,N/A,COMPLETED,False
factorial.ml,891,opcode_swap,REJECTED,BAD_OPCODE,N/A,CRASH_ValueError,False
factorial.ml,892,operand_corruption,REJECTED,BAD_OPCODE,N/A,CRASH_ValueError,False
factorial.ml,893,metadata_num_locals,ACCEPTED,,CLEAN,N/A,False
factorial.ml,894,deletion,REJECTED,STACK_OVERFLOW,N/A,COMPLETED,False
factorial.ml,895,opcode_swap,REJECTED,BAD_OPCODE,N/A,COMPLETED,False
factorial.ml,896,byte_replace,ACCEPTED,,CLEAN,N/A,False
factorial.ml,897,byte_replace,ACCEPTED,,CLEAN,N/A,False
factorial.ml,898,metadata_entry_func,REJECTED,BAD_CALL,N/A,CRASH_TypeError,False
factorial.ml,899,deletion,REJECTED,BAD_RETURN,N/A,COMPLETED,False
factorial.ml,900,metadata_entry_func,REJECTED,BAD_CALL,N/A,CRASH_IndexError,False
factorial.ml,901,deletion,REJECTED,FALLTHROUGH,N/A,CRASH_IndexError,False
factorial.ml,902,insertion,REJECTED,BAD_OPCODE,N/A,CRASH_IndexError,False
factorial.ml,903,bit_flip,ACCEPTED,,CLEAN,N/A,False
factorial.ml,904,metadata_max_stack,REJECTED,STACK_OVERFLOW,N/A,COMPLETED,False
factorial.ml,905,insertion,REJECTED,BAD_OPCODE,N/A,CRASH_IndexError,False
factorial.ml,906,operand_corruption,REJECTED,BAD_OPCODE,N/A,CRASH_ValueError,False
factorial.ml,907,truncation,REJECTED,TRUNCATED,N/A,CRASH_error,False
factorial.ml,908,byte_replace,REJECTED,BAD_OPCODE,N/A,CRASH_ValueError,False
factorial.ml,909,metadata_entry_func,REJECTED,BAD_CALL,N/A,CRASH_TypeError,False
factorial.ml,910,metadata_max_stack,ACCEPTED,,CLEAN,N/A,False
factorial.ml,911,truncation,REJECTED,FALLTHROUGH,N/A,CRASH_IndexError,False
factorial.ml,912,truncation,REJECTED,TRUNCATED,N/A,CRASH_error,False
factorial.ml,913,opcode_swap,REJECTED,BAD_OPCODE,N/A,CRASH_IndexError,False
factorial.ml,914,insertion,REJECTED,BAD_OPCODE,N/A,CRASH_ValueError,False
factorial.ml,915,byte_replace,ACCEPTED,,CLEAN,N/A,False
factorial.ml,916,metadata_max_stack,REJECTED,STACK_OVERFLOW,N/A,COMPLETED,False
factorial.ml,917,operand_corruption,REJECTED,BAD_OPCODE,N/A,CRASH_ValueError,False
factorial.ml,918,insertion,REJECTED,BAD_OPCODE,N/A,CRASH_ValueError,False
factorial.ml,919,operand_corruption,REJECTED,BAD_OPCODE,N/A,CRASH_IndexError,False
factorial.ml,920,deletion,REJECTED,BAD_OPCODE,N/A,CRASH_ValueError,False
factorial.ml,921,bit_flip,REJECTED,BAD_OPCODE,N/A,CRASH_IndexError,False
factorial.ml,922,truncation,REJECTED,FALLTHROUGH,N/A,CRASH_IndexError,False
factorial.ml,923,truncation,REJECTED,FALLTHROUGH,N/A,CRASH_IndexError,False
factorial.ml,924,metadata_entry_func,ACCEPTED,,CLEAN,N/A,False
factorial.ml,925,insertion,REJECTED,BAD_OPCODE,N/A,CRASH_ValueError,False
factorial.ml,926,truncation,REJECTED,TRUNCATED,N/A,CRASH_error,False
factorial.ml,927,metadata_max_stack,REJECTED,STACK_OVERFLOW,N/A,COMPLETED,False
factorial.ml,928,metadata_max_stack,REJECTED,STACK_OVERFLOW,N/A,COMPLETED,False
factorial.ml,929,bit_flip,REJECTED,LOCAL_RANGE,N/A,CRASH_IndexError,False
factorial.ml,930,byte_replace,ACCEPTED,,CLEAN,N/A,False
factorial.ml,931,operand_corruption,REJECTED,BAD_OPCODE,N/A,CRASH_IndexError,False
factorial.ml,932,metadata_max_stack,ACCEPTED,,CLEAN,N/A,False
factorial.ml,933,metadata_num_locals,REJECTED,LOCAL_RANGE,N/A,COMPLETED,False
factorial.ml,934,deletion,REJECTED,STACK_OVERFLOW,N/A,COMPLETED,False
factorial.ml,935,insertion,REJECTED,BAD_OPCODE,N/A,CRASH_IndexError,False
factorial.ml,936,bit_flip,ACCEPTED,,STEP_LIMIT,N/A,False
factorial.ml,937,truncation,REJECTED,TRUNCATED,N/A,CRASH_error,False
factorial.ml,938,bit_flip,REJECTED,LOCAL_RANGE,N/A,CRASH_IndexError,False
factorial.ml,939,deletion,REJECTED,BAD_OPCODE,N/A,CRASH_ValueError,False
factorial.ml,940,byte_replace,REJECTED,BAD_OPCODE,N/A,CRASH_IndexError,False
factorial.ml,941,truncation,REJECTED,TRUNCATED,N/A,CRASH_error,False
factorial.ml,942,byte_replace,ACCEPTED,,CLEAN,N/A,False
factorial.ml,943,byte_replace,REJECTED,BAD_OPCODE,N/A,CRASH_ValueError,False
factorial.ml,944,truncation,REJECTED,TRUNCATED,N/A,CRASH_error,False
factorial.ml,945,deletion,REJECTED,TRUNCATED,N/A,CRASH_error,False
factorial.ml,946,metadata_entry_func,REJECTED,BAD_CALL,N/A,CRASH_TypeError,False
factorial.ml,947,metadata_max_stack,REJECTED,STACK_OVERFLOW,N/A,COMPLETED,False
factorial.ml,948,insertion,REJECTED,BAD_OPCODE,N/A,CRASH_ValueError,False
factorial.ml,949,metadata_max_stack,REJECTED,STACK_OVERFLOW,N/A,COMPLETED,False
factorial.ml,950,deletion,REJECTED,STACK_OVERFLOW,N/A,STEP_LIMIT,False
factorial.ml,951,opcode_swap,REJECTED,STACK_UNDERFLOW,N/A,CRASH_IndexError,False
factorial.ml,952,truncation,REJECTED,TRUNCATED,N/A,CRASH_error,False
factorial.ml,953,bit_flip,ACCEPTED,,CLEAN,N/A,False
factorial.ml,954,truncation,REJECTED,FALLTHROUGH,N/A,CRASH_IndexError,False
factorial.ml,955,truncation,REJECTED,TRUNCATED,N/A,CRASH_error,False
factorial.ml,956,metadata_num_locals,REJECTED,LOCAL_RANGE,N/A,COMPLETED,False
factorial.ml,957,truncation,REJECTED,TRUNCATED,N/A,CRASH_error,False
factorial.ml,958,byte_replace,REJECTED,BAD_OPCODE,N/A,CRASH_ValueError,False
factorial.ml,959,operand_corruption,REJECTED,BAD_OPCODE,N/A,CRASH_ValueError,False
factorial.ml,960,insertion,REJECTED,BAD_OPCODE,N/A,CRASH_ValueError,False
factorial.ml,961,bit_flip,REJECTED,BAD_OPCODE,N/A,CRASH_ValueError,False
factorial.ml,962,deletion,ACCEPTED,,CLEAN,N/A,False
factorial.ml,963,truncation,REJECTED,FALLTHROUGH,N/A,CRASH_IndexError,False
factorial.ml,964,deletion,REJECTED,FALLTHROUGH,N/A,CRASH_IndexError,False
factorial.ml,965,opcode_swap,REJECTED,BAD_OPCODE,N/A,CRASH_IndexError,False
factorial.ml,966,bit_flip,ACCEPTED,,CLEAN,N/A,False
factorial.ml,967,truncation,REJECTED,TRUNCATED,N/A,CRASH_error,False
factorial.ml,968,truncation,REJECTED,TRUNCATED,N/A,CRASH_error,False
factorial.ml,969,bit_flip,REJECTED,BAD_OPCODE,N/A,CRASH_ValueError,False
factorial.ml,970,byte_replace,REJECTED,BAD_CALL,N/A,CRASH_IndexError,False
factorial.ml,971,truncation,REJECTED,TRUNCATED,N/A,CRASH_error,False
factorial.ml,972,insertion,REJECTED,BAD_OPCODE,N/A,CRASH_ValueError,False
factorial.ml,973,byte_replace,REJECTED,BAD_CALL,N/A,CRASH_IndexError,False
factorial.ml,974,byte_replace,REJECTED,BAD_CALL,N/A,CRASH_IndexError,False
factorial.ml,975,insertion,REJECTED,BAD_OPCODE,N/A,CRASH_IndexError,False
factorial.ml,976,truncation,REJECTED,TRUNCATED,N/A,CRASH_error,False
factorial.ml,977,byte_replace,REJECTED,BAD_OPCODE,N/A,CRASH_ValueError,False
factorial.ml,978,deletion,REJECTED,BAD_OPCODE,N/A,CRASH_ValueError,False
factorial.ml,979,metadata_entry_func,REJECTED,BAD_CALL,N/A,CRASH_TypeError,False
factorial.ml,980,truncation,REJECTED,TRUNCATED,N/A,CRASH_error,False
factorial.ml,981,deletion,ACCEPTED,,CLEAN,N/A,False
factorial.ml,982,byte_replace,REJECTED,LOCAL_RANGE,N/A,CRASH_IndexError,False
factorial.ml,983,deletion,REJECTED,BAD_OPCODE,N/A,CRASH_ValueError,False
factorial.ml,984,metadata_entry_func,REJECTED,BAD_CALL,N/A,CRASH_IndexError,False
factorial.ml,985,truncation,REJECTED,TRUNCATED,N/A,CRASH_error,False
factorial.ml,986,metadata_entry_func,REJECTED,BAD_CALL,N/A,CRASH_IndexError,False
factorial.ml,987,metadata_entry_func,REJECTED,BAD_CALL,N/A,CRASH_IndexError,False
factorial.ml,988,bit_flip,ACCEPTED,,STEP_LIMIT,N/A,False
factorial.ml,989,operand_corruption,ACCEPTED,,CLEAN,N/A,False
factorial.ml,990,truncation,REJECTED,TRUNCATED,N/A,CRASH_error,False
factorial.ml,991,operand_corruption,REJECTED,BAD_CALL,N/A,CRASH_IndexError,False
factorial.ml,992,metadata_num_locals,REJECTED,LOCAL_RANGE,N/A,COMPLETED,False
factorial.ml,993,byte_replace,REJECTED,LOCAL_RANGE,N/A,CRASH_IndexError,False
factorial.ml,994,deletion,REJECTED,BAD_OPCODE,N/A,CRASH_IndexError,False
factorial.ml,995,deletion,REJECTED,BAD_OPCODE,N/A,STEP_LIMIT,False
factorial.ml,996,insertion,REJECTED,BAD_OPCODE,N/A,CRASH_ValueError,False
factorial.ml,997,insertion,REJECTED,BAD_OPCODE,N/A,CRASH_IndexError,False
factorial.ml,998,operand_corruption,ACCEPTED,,CLEAN,N/A,False
factorial.ml,999,metadata_entry_func,ACCEPTED,,CLEAN,N/A,False
factorial.ml,1000,deletion,REJECTED,BAD_OPCODE,N/A,CRASH_ValueError,False
fibonacci.ml,1,bit_flip,REJECTED,LOCAL_RANGE,N/A,CRASH_IndexError,False
fibonacci.ml,2,operand_corruption,REJECTED,BAD_OPCODE,N/A,COMPLETED,False
fibonacci.ml,3,operand_corruption,REJECTED,BAD_OPCODE,N/A,CRASH_ValueError,False
fibonacci.ml,4,deletion,REJECTED,BAD_OPCODE,N/A,CRASH_ValueError,False
fibonacci.ml,5,bit_flip,ACCEPTED,,CLEAN,N/A,False
fibonacci.ml,6,bit_flip,REJECTED,BAD_OPCODE,N/A,CRASH_ValueError,False
fibonacci.ml,7,opcode_swap,REJECTED,STACK_TYPE,N/A,COMPLETED,False
fibonacci.ml,8,metadata_max_stack,REJECTED,STACK_OVERFLOW,N/A,COMPLETED,False
fibonacci.ml,9,deletion,REJECTED,BAD_JUMP,N/A,CRASH_IndexError,False
fibonacci.ml,10,metadata_max_stack,REJECTED,STACK_OVERFLOW,N/A,COMPLETED,False
fibonacci.ml,11,insertion,REJECTED,BAD_OPCODE,N/A,CRASH_ValueError,False
fibonacci.ml,12,byte_replace,ACCEPTED,,CLEAN,N/A,False
fibonacci.ml,13,insertion,REJECTED,BAD_OPCODE,N/A,CRASH_ValueError,False
fibonacci.ml,14,deletion,REJECTED,FALLTHROUGH,N/A,CRASH_IndexError,False
fibonacci.ml,15,byte_replace,REJECTED,STACK_UNDERFLOW,N/A,CRASH_IndexError,False
fibonacci.ml,16,deletion,REJECTED,STACK_UNDERFLOW,N/A,COMPLETED,False
fibonacci.ml,17,deletion,REJECTED,BAD_OPCODE,N/A,CRASH_ValueError,False
fibonacci.ml,18,byte_replace,REJECTED,BAD_CALL,N/A,CRASH_IndexError,False
fibonacci.ml,19,bit_flip,ACCEPTED,,CLEAN,N/A,False
fibonacci.ml,20,truncation,REJECTED,FALLTHROUGH,N/A,CRASH_IndexError,False
fibonacci.ml,21,truncation,REJECTED,TRUNCATED,N/A,CRASH_error,False
fibonacci.ml,22,metadata_num_locals,REJECTED,LOCAL_RANGE,N/A,COMPLETED,False
fibonacci.ml,23,metadata_max_stack,ACCEPTED,,CLEAN,N/A,False
fibonacci.ml,24,operand_corruption,ACCEPTED,,CLEAN,N/A,False
fibonacci.ml,25,deletion,REJECTED,BAD_OPCODE,N/A,CRASH_ValueError,False
fibonacci.ml,26,deletion,REJECTED,TRUNCATED,N/A,CRASH_error,False
fibonacci.ml,27,byte_replace,ACCEPTED,,CLEAN,N/A,False
fibonacci.ml,28,deletion,REJECTED,BAD_OPCODE,N/A,CRASH_IndexError,False
fibonacci.ml,29,opcode_swap,ACCEPTED,,CLEAN,N/A,False
fibonacci.ml,30,deletion,REJECTED,STACK_OVERFLOW,N/A,COMPLETED,False
fibonacci.ml,31,deletion,REJECTED,BAD_OPCODE,N/A,CRASH_ValueError,False
fibonacci.ml,32,byte_replace,REJECTED,LOCAL_RANGE,N/A,CRASH_IndexError,False
fibonacci.ml,33,deletion,REJECTED,BAD_OPCODE,N/A,CRASH_IndexError,False
fibonacci.ml,34,truncation,REJECTED,TRUNCATED,N/A,CRASH_error,False
fibonacci.ml,35,metadata_entry_func,REJECTED,BAD_CALL,N/A,CRASH_TypeError,False
fibonacci.ml,36,metadata_entry_func,ACCEPTED,,CLEAN,N/A,False
fibonacci.ml,37,deletion,REJECTED,STACK_OVERFLOW,N/A,COMPLETED,False
fibonacci.ml,38,bit_flip,REJECTED,BAD_OPCODE,N/A,CRASH_ValueError,False
fibonacci.ml,39,metadata_num_locals,REJECTED,LOCAL_RANGE,N/A,CRASH_IndexError,False
fibonacci.ml,40,metadata_max_stack,ACCEPTED,,CLEAN,N/A,False
fibonacci.ml,41,insertion,REJECTED,BAD_OPCODE,N/A,CRASH_ValueError,False
fibonacci.ml,42,truncation,REJECTED,TRUNCATED,N/A,CRASH_error,False
fibonacci.ml,43,deletion,REJECTED,FALLTHROUGH,N/A,CRASH_IndexError,False
fibonacci.ml,44,byte_replace,REJECTED,BAD_OPCODE,N/A,CRASH_ValueError,False
fibonacci.ml,45,opcode_swap,REJECTED,BAD_OPCODE,N/A,CRASH_ValueError,False
fibonacci.ml,46,metadata_max_stack,REJECTED,STACK_OVERFLOW,N/A,COMPLETED,False
fibonacci.ml,47,bit_flip,REJECTED,BAD_OPCODE,N/A,CRASH_ValueError,False
fibonacci.ml,48,truncation,REJECTED,FALLTHROUGH,N/A,CRASH_IndexError,False
fibonacci.ml,49,opcode_swap,REJECTED,STACK_OVERFLOW,N/A,STEP_LIMIT,False
fibonacci.ml,50,operand_corruption,ACCEPTED,,CLEAN,N/A,False
fibonacci.ml,51,bit_flip,ACCEPTED,,CLEAN,N/A,False
fibonacci.ml,52,metadata_max_stack,ACCEPTED,,CLEAN,N/A,False
fibonacci.ml,53,insertion,REJECTED,BAD_OPCODE,N/A,CRASH_ValueError,False
fibonacci.ml,54,metadata_num_locals,REJECTED,LOCAL_RANGE,N/A,COMPLETED,False
fibonacci.ml,55,opcode_swap,REJECTED,BAD_OPCODE,N/A,CRASH_IndexError,False
fibonacci.ml,56,operand_corruption,ACCEPTED,,CLEAN,N/A,False
fibonacci.ml,57,operand_corruption,REJECTED,BAD_OPCODE,N/A,CRASH_IndexError,False
fibonacci.ml,58,operand_corruption,REJECTED,BAD_OPCODE,N/A,CRASH_ValueError,False
fibonacci.ml,59,deletion,ACCEPTED,,CLEAN,N/A,False
fibonacci.ml,60,operand_corruption,REJECTED,LOCAL_RANGE,N/A,CRASH_IndexError,False
fibonacci.ml,61,insertion,REJECTED,BAD_OPCODE,N/A,CRASH_ValueError,False
fibonacci.ml,62,byte_replace,REJECTED,BAD_OPCODE,N/A,CRASH_ValueError,False
fibonacci.ml,63,truncation,REJECTED,TRUNCATED,N/A,CRASH_error,False
fibonacci.ml,64,bit_flip,ACCEPTED,,STEP_LIMIT,N/A,False
fibonacci.ml,65,byte_replace,ACCEPTED,,STEP_LIMIT,N/A,False
fibonacci.ml,66,opcode_swap,REJECTED,BAD_OPCODE,N/A,CRASH_ValueError,False
fibonacci.ml,67,truncation,REJECTED,BAD_JUMP,N/A,CRASH_IndexError,False
fibonacci.ml,68,truncation,REJECTED,TRUNCATED,N/A,CRASH_error,False
fibonacci.ml,69,insertion,REJECTED,BAD_OPCODE,N/A,CRASH_ValueError,False
fibonacci.ml,70,deletion,REJECTED,BAD_OPCODE,N/A,CRASH_ValueError,False
fibonacci.ml,71,opcode_swap,REJECTED,BAD_OPCODE,N/A,CRASH_ValueError,False
fibonacci.ml,72,truncation,REJECTED,FALLTHROUGH,N/A,CRASH_IndexError,False
fibonacci.ml,73,opcode_swap,REJECTED,STACK_TYPE,N/A,CRASH_IndexError,False
fibonacci.ml,74,truncation,REJECTED,FALLTHROUGH,N/A,CRASH_IndexError,False
fibonacci.ml,75,metadata_max_stack,ACCEPTED,,CLEAN,N/A,False
fibonacci.ml,76,opcode_swap,REJECTED,TRUNCATED,N/A,CRASH_error,False
fibonacci.ml,77,opcode_swap,ACCEPTED,,CLEAN,N/A,False
fibonacci.ml,78,truncation,REJECTED,FALLTHROUGH,N/A,CRASH_IndexError,False
fibonacci.ml,79,byte_replace,REJECTED,BAD_OPCODE,N/A,CRASH_ValueError,False
fibonacci.ml,80,bit_flip,ACCEPTED,,CLEAN,N/A,False
fibonacci.ml,81,opcode_swap,REJECTED,BAD_OPCODE,N/A,CRASH_IndexError,False
fibonacci.ml,82,insertion,REJECTED,BAD_OPCODE,N/A,CRASH_IndexError,False
fibonacci.ml,83,truncation,REJECTED,TRUNCATED,N/A,CRASH_error,False
fibonacci.ml,84,byte_replace,REJECTED,BAD_OPCODE,N/A,CRASH_ValueError,False
fibonacci.ml,85,operand_corruption,REJECTED,BAD_OPCODE,N/A,CRASH_ValueError,False
fibonacci.ml,86,truncation,REJECTED,TRUNCATED,N/A,CRASH_error,False
fibonacci.ml,87,opcode_swap,REJECTED,BAD_OPCODE,N/A,CRASH_IndexError,False
fibonacci.ml,88,deletion,REJECTED,BAD_OPCODE,N/A,CRASH_ValueError,False
fibonacci.ml,89,byte_replace,REJECTED,BAD_OPCODE,N/A,CRASH_ValueError,False
fibonacci.ml,90,metadata_max_stack,ACCEPTED,,CLEAN,N/A,False
fibonacci.ml,91,metadata_num_locals,REJECTED,LOCAL_RANGE,N/A,COMPLETED,False
fibonacci.ml,92,deletion,REJECTED,BAD_OPCODE,N/A,CRASH_ValueError,False
fibonacci.ml,93,metadata_entry_func,ACCEPTED,,CLEAN,N/A,False
fibonacci.ml,94,byte_replace,REJECTED,BAD_OPCODE,N/A,CRASH_ValueError,False
fibonacci.ml,95,byte_replace,REJECTED,BAD_OPCODE,N/A,CRASH_ValueError,False
fibonacci.ml,96,opcode_swap,REJECTED,BAD_OPCODE,N/A,CRASH_IndexError,False
fibonacci.ml,97,byte_replace,ACCEPTED,,CLEAN,N/A,False
fibonacci.ml,98,metadata_max_stack,REJECTED,STACK_OVERFLOW,N/A,COMPLETED,False
fibonacci.ml,99,metadata_entry_func,REJECTED,BAD_CALL,N/A,CRASH_TypeError,False
fibonacci.ml,100,opcode_swap,REJECTED,STACK_UNDERFLOW,N/A,CRASH_IndexError,False
fibonacci.ml,101,opcode_swap,REJECTED,LOCAL_TYPE,N/A,STEP_LIMIT,False
fibonacci.ml,102,byte_replace,REJECTED,BAD_JUMP,N/A,CRASH_IndexError,False
fibonacci.ml,103,metadata_max_stack,REJECTED,STACK_OVERFLOW,N/A,COMPLETED,False
fibonacci.ml,104,metadata_entry_func,REJECTED,BAD_CALL,N/A,CRASH_TypeError,False
fibonacci.ml,105,bit_flip,REJECTED,LOCAL_RANGE,N/A,CRASH_IndexError,False
fibonacci.ml,106,insertion,REJECTED,BAD_OPCODE,N/A,CRASH_IndexError,False
fibonacci.ml,107,metadata_max_stack,REJECTED,STACK_OVERFLOW,N/A,COMPLETED,False
fibonacci.ml,108,truncation,REJECTED,TRUNCATED,N/A,CRASH_error,False
fibonacci.ml,109,opcode_swap,REJECTED,STACK_UNDERFLOW,N/A,CRASH_IndexError,False
fibonacci.ml,110,insertion,REJECTED,BAD_OPCODE,N/A,CRASH_ValueError,False
fibonacci.ml,111,byte_replace,ACCEPTED,,CLEAN,N/A,False
fibonacci.ml,112,truncation,REJECTED,TRUNCATED,N/A,CRASH_error,False
fibonacci.ml,113,insertion,REJECTED,BAD_OPCODE,N/A,CRASH_ValueError,False
fibonacci.ml,114,operand_corruption,REJECTED,BAD_OPCODE,N/A,COMPLETED,False
fibonacci.ml,115,metadata_max_stack,ACCEPTED,,CLEAN,N/A,False
fibonacci.ml,116,truncation,REJECTED,TRUNCATED,N/A,CRASH_error,False
fibonacci.ml,117,bit_flip,REJECTED,BAD_OPCODE,N/A,CRASH_IndexError,False
fibonacci.ml,118,opcode_swap,REJECTED,BAD_OPCODE,N/A,CRASH_ValueError,False
fibonacci.ml,119,operand_corruption,REJECTED,BAD_OPCODE,N/A,CRASH_IndexError,False
fibonacci.ml,120,deletion,REJECTED,BAD_CALL,N/A,CRASH_IndexError,False
fibonacci.ml,121,deletion,REJECTED,TRUNCATED,N/A,CRASH_error,False
fibonacci.ml,122,insertion,REJECTED,BAD_OPCODE,N/A,CRASH_ValueError,False
fibonacci.ml,123,insertion,REJECTED,BAD_OPCODE,N/A,CRASH_ValueError,False
fibonacci.ml,124,operand_corruption,REJECTED,BAD_OPCODE,N/A,COMPLETED,False
fibonacci.ml,125,deletion,REJECTED,BAD_JUMP,N/A,CRASH_IndexError,False
fibonacci.ml,126,deletion,REJECTED,BAD_OPCODE,N/A,CRASH_IndexError,False
fibonacci.ml,127,truncation,REJECTED,FALLTHROUGH,N/A,CRASH_IndexError,False
fibonacci.ml,128,deletion,REJECTED,BAD_JUMP,N/A,CRASH_TypeError,False
fibonacci.ml,129,metadata_num_locals,ACCEPTED,,CLEAN,N/A,False
fibonacci.ml,130,bit_flip,REJECTED,STACK_UNDERFLOW,N/A,CRASH_IndexError,False
fibonacci.ml,131,operand_corruption,REJECTED,BAD_OPCODE,N/A,CRASH_IndexError,False
fibonacci.ml,132,metadata_max_stack,REJECTED,STACK_OVERFLOW,N/A,COMPLETED,False
fibonacci.ml,133,truncation,REJECTED,FALLTHROUGH,N/A,CRASH_IndexError,False
fibonacci.ml,134,insertion,REJECTED,BAD_OPCODE,N/A,CRASH_ValueError,False
fibonacci.ml,135,operand_corruption,REJECTED,BAD_OPCODE,N/A,CRASH_ValueError,False
fibonacci.ml,136,opcode_swap,REJECTED,BAD_OPCODE,N/A,CRASH_ValueError,False
fibonacci.ml,137,operand_corruption,REJECTED,BAD_OPCODE,N/A,COMPLETED,False
fibonacci.ml,138,deletion,REJECTED,BAD_OPCODE,N/A,CRASH_IndexError,False
fibonacci.ml,139,truncation,REJECTED,BAD_JUMP,N/A,CRASH_IndexError,False
fibonacci.ml,140,insertion,REJECTED,BAD_OPCODE,N/A,CRASH_ValueError,False
fibonacci.ml,141,metadata_num_locals,REJECTED,LOCAL_RANGE,N/A,CRASH_IndexError,False
fibonacci.ml,142,bit_flip,REJECTED,LOCAL_RANGE,N/A,CRASH_IndexError,False
fibonacci.ml,143,opcode_swap,REJECTED,STACK_UNDERFLOW,N/A,CRASH_IndexError,False
fibonacci.ml,144,truncation,REJECTED,FALLTHROUGH,N/A,CRASH_IndexError,False
fibonacci.ml,145,metadata_entry_func,ACCEPTED,,CLEAN,N/A,False
fibonacci.ml,146,opcode_swap,ACCEPTED,,CLEAN,N/A,False
fibonacci.ml,147,opcode_swap,ACCEPTED,,STEP_LIMIT,N/A,False
fibonacci.ml,148,metadata_num_locals,REJECTED,LOCAL_RANGE,N/A,COMPLETED,False
fibonacci.ml,149,insertion,REJECTED,BAD_OPCODE,N/A,CRASH_ValueError,False
fibonacci.ml,150,deletion,REJECTED,BAD_OPCODE,N/A,CRASH_ValueError,False
fibonacci.ml,151,truncation,REJECTED,TRUNCATED,N/A,CRASH_error,False
fibonacci.ml,152,operand_corruption,REJECTED,BAD_OPCODE,N/A,CRASH_ValueError,False
fibonacci.ml,153,truncation,REJECTED,TRUNCATED,N/A,CRASH_error,False
fibonacci.ml,154,truncation,REJECTED,TRUNCATED,N/A,CRASH_error,False
fibonacci.ml,155,opcode_swap,REJECTED,STACK_UNDERFLOW,N/A,CRASH_IndexError,False
fibonacci.ml,156,bit_flip,REJECTED,BAD_CALL,N/A,CRASH_IndexError,False
fibonacci.ml,157,deletion,REJECTED,BAD_JUMP,N/A,STEP_LIMIT,False
fibonacci.ml,158,byte_replace,ACCEPTED,,CLEAN,N/A,False
fibonacci.ml,159,deletion,REJECTED,FALLTHROUGH,N/A,CRASH_IndexError,False
fibonacci.ml,160,insertion,REJECTED,BAD_OPCODE,N/A,CRASH_ValueError,False
fibonacci.ml,161,operand_corruption,ACCEPTED,,CLEAN,N/A,False
fibonacci.ml,162,operand_corruption,REJECTED,BAD_OPCODE,N/A,COMPLETED,False
fibonacci.ml,163,metadata_entry_func,REJECTED,BAD_CALL,N/A,CRASH_TypeError,False
fibonacci.ml,164,bit_flip,ACCEPTED,,CLEAN,N/A,False
fibonacci.ml,165,insertion,REJECTED,BAD_OPCODE,N/A,COMPLETED,False
fibonacci.ml,166,truncation,REJECTED,TRUNCATED,N/A,CRASH_error,False
fibonacci.ml,167,deletion,REJECTED,BAD_OPCODE,N/A,CRASH_ValueError,False
fibonacci.ml,168,truncation,REJECTED,TRUNCATED,N/A,CRASH_error,False
fibonacci.ml,169,truncation,REJECTED,BAD_JUMP,N/A,CRASH_IndexError,False
fibonacci.ml,170,byte_replace,ACCEPTED,,CLEAN,N/A,False
fibonacci.ml,171,insertion,REJECTED,BAD_OPCODE,N/A,CRASH_ValueError,False
fibonacci.ml,172,opcode_swap,REJECTED,STACK_UNDERFLOW,N/A,CRASH_IndexError,False
fibonacci.ml,173,bit_flip,REJECTED,BAD_OPCODE,N/A,CRASH_ValueError,False
fibonacci.ml,174,insertion,REJECTED,BAD_OPCODE,N/A,CRASH_ValueError,False
fibonacci.ml,175,operand_corruption,REJECTED,BAD_OPCODE,N/A,CRASH_ValueError,False
fibonacci.ml,176,bit_flip,REJECTED,BAD_OPCODE,N/A,CRASH_ValueError,False
fibonacci.ml,177,metadata_max_stack,ACCEPTED,,CLEAN,N/A,False
fibonacci.ml,178,byte_replace,REJECTED,BAD_OPCODE,N/A,CRASH_ValueError,False
fibonacci.ml,179,byte_replace,ACCEPTED,,CLEAN,N/A,False
fibonacci.ml,180,operand_corruption,REJECTED,BAD_OPCODE,N/A,CRASH_ValueError,False
fibonacci.ml,181,deletion,REJECTED,FALLTHROUGH,N/A,CRASH_IndexError,False
fibonacci.ml,182,insertion,REJECTED,BAD_OPCODE,N/A,COMPLETED,False
fibonacci.ml,183,insertion,REJECTED,BAD_OPCODE,N/A,CRASH_ValueError,False
fibonacci.ml,184,bit_flip,REJECTED,BAD_OPCODE,N/A,CRASH_ValueError,False
fibonacci.ml,185,opcode_swap,REJECTED,BAD_OPCODE,N/A,CRASH_IndexError,False
fibonacci.ml,186,truncation,REJECTED,TRUNCATED,N/A,CRASH_error,False
fibonacci.ml,187,metadata_entry_func,REJECTED,BAD_CALL,N/A,CRASH_TypeError,False
fibonacci.ml,188,operand_corruption,ACCEPTED,,CLEAN,N/A,False
fibonacci.ml,189,metadata_num_locals,REJECTED,LOCAL_RANGE,N/A,COMPLETED,False
fibonacci.ml,190,bit_flip,REJECTED,BAD_OPCODE,N/A,CRASH_ValueError,False
fibonacci.ml,191,truncation,REJECTED,FALLTHROUGH,N/A,CRASH_IndexError,False
fibonacci.ml,192,truncation,REJECTED,BAD_JUMP,N/A,CRASH_IndexError,False
fibonacci.ml,193,metadata_max_stack,ACCEPTED,,CLEAN,N/A,False
fibonacci.ml,194,metadata_num_locals,REJECTED,LOCAL_RANGE,N/A,COMPLETED,False
fibonacci.ml,195,insertion,REJECTED,BAD_OPCODE,N/A,CRASH_ValueError,False
fibonacci.ml,196,insertion,REJECTED,BAD_OPCODE,N/A,CRASH_IndexError,False
fibonacci.ml,197,byte_replace,REJECTED,LOCAL_RANGE,N/A,CRASH_IndexError,False
fibonacci.ml,198,insertion,REJECTED,BAD_OPCODE,N/A,CRASH_ValueError,False
fibonacci.ml,199,metadata_num_locals,REJECTED,LOCAL_RANGE,N/A,COMPLETED,False
fibonacci.ml,200,metadata_max_stack,REJECTED,STACK_OVERFLOW,N/A,COMPLETED,False
fibonacci.ml,201,byte_replace,ACCEPTED,,CLEAN,N/A,False
fibonacci.ml,202,metadata_max_stack,REJECTED,STACK_OVERFLOW,N/A,COMPLETED,False
fibonacci.ml,203,truncation,REJECTED,TRUNCATED,N/A,CRASH_error,False
fibonacci.ml,204,truncation,REJECTED,TRUNCATED,N/A,CRASH_error,False
fibonacci.ml,205,operand_corruption,REJECTED,BAD_OPCODE,N/A,CRASH_ValueError,False
fibonacci.ml,206,bit_flip,REJECTED,LOCAL_RANGE,N/A,CRASH_IndexError,False
fibonacci.ml,207,bit_flip,ACCEPTED,,CLEAN,N/A,False
fibonacci.ml,208,operand_corruption,REJECTED,BAD_OPCODE,N/A,COMPLETED,False
fibonacci.ml,209,byte_replace,REJECTED,BAD_OPCODE,N/A,CRASH_ValueError,False
fibonacci.ml,210,truncation,REJECTED,FALLTHROUGH,N/A,CRASH_IndexError,False
fibonacci.ml,211,truncation,REJECTED,TRUNCATED,N/A,CRASH_error,False
fibonacci.ml,212,metadata_entry_func,REJECTED,BAD_CALL,N/A,CRASH_TypeError,False
fibonacci.ml,213,truncation,REJECTED,TRUNCATED,N/A,CRASH_error,False
fibonacci.ml,214,deletion,REJECTED,BAD_OPCODE,N/A,CRASH_ValueError,False
fibonacci.ml,215,insertion,REJECTED,BAD_OPCODE,N/A,CRASH_IndexError,False
fibonacci.ml,216,metadata_num_locals,REJECTED,LOCAL_RANGE,N/A,COMPLETED,False
fibonacci.ml,217,bit_flip,REJECTED,BAD_OPCODE,N/A,CRASH_ValueError,False
fibonacci.ml,218,truncation,REJECTED,TRUNCATED,N/A,CRASH_error,False
fibonacci.ml,219,opcode_swap,REJECTED,STACK_UNDERFLOW,N/A,CRASH_IndexError,False
fibonacci.ml,220,bit_flip,ACCEPTED,,CLEAN,N/A,False
fibonacci.ml,221,deletion,REJECTED,BAD_OPCODE,N/A,CRASH_ValueError,False
fibonacci.ml,222,truncation,REJECTED,BAD_JUMP,N/A,CRASH_IndexError,False
fibonacci.ml,223,deletion,REJECTED,LOCAL_RANGE,N/A,CRASH_IndexError,False
fibonacci.ml,224,byte_replace,ACCEPTED,,CLEAN,N/A,False
fibonacci.ml,225,byte_replace,REJECTED,BAD_OPCODE,N/A,CRASH_ValueError,False
fibonacci.ml,226,deletion,REJECTED,BAD_JUMP,N/A,CRASH_IndexError,False
fibonacci.ml,227,deletion,REJECTED,BAD_OPCODE,N/A,CRASH_ValueError,False
fibonacci.ml,228,byte_replace,REJECTED,LOCAL_RANGE,N/A,CRASH_IndexError,False
fibonacci.ml,229,deletion,ACCEPTED,,CLEAN,N/A,False
fibonacci.ml,230,byte_replace,ACCEPTED,,STEP_LIMIT,N/A,False
fibonacci.ml,231,deletion,REJECTED,BAD_OPCODE,N/A,CRASH_ValueError,False
fibonacci.ml,232,deletion,REJECTED,BAD_OPCODE,N/A,CRASH_ValueError,False
fibonacci.ml,233,metadata_num_locals,REJECTED,LOCAL_RANGE,N/A,CRASH_IndexError,False
fibonacci.ml,234,insertion,REJECTED,BAD_OPCODE,N/A,CRASH_ValueError,False
fibonacci.ml,235,deletion,REJECTED,TRUNCATED,N/A,CRASH_error,False
fibonacci.ml,236,byte_replace,REJECTED,BAD_CALL,N/A,CRASH_IndexError,False
fibonacci.ml,237,deletion,REJECTED,BAD_OPCODE,N/A,CRASH_ValueError,False
fibonacci.ml,238,truncation,REJECTED,TRUNCATED,N/A,CRASH_error,False
fibonacci.ml,239,truncation,REJECTED,TRUNCATED,N/A,CRASH_error,False
fibonacci.ml,240,bit_flip,ACCEPTED,,STEP_LIMIT,N/A,False
fibonacci.ml,241,insertion,REJECTED,BAD_OPCODE,N/A,COMPLETED,False
fibonacci.ml,242,metadata_max_stack,ACCEPTED,,CLEAN,N/A,False
fibonacci.ml,243,deletion,REJECTED,FALLTHROUGH,N/A,CRASH_IndexError,False
fibonacci.ml,244,metadata_max_stack,REJECTED,STACK_OVERFLOW,N/A,COMPLETED,False
fibonacci.ml,245,operand_corruption,ACCEPTED,,CLEAN,N/A,False
fibonacci.ml,246,truncation,REJECTED,FALLTHROUGH,N/A,CRASH_IndexError,False
fibonacci.ml,247,byte_replace,REJECTED,LOCAL_RANGE,N/A,CRASH_IndexError,False
fibonacci.ml,248,byte_replace,ACCEPTED,,STEP_LIMIT,N/A,False
fibonacci.ml,249,deletion,REJECTED,BAD_OPCODE,N/A,CRASH_ValueError,False
fibonacci.ml,250,insertion,REJECTED,BAD_OPCODE,N/A,CRASH_IndexError,False
fibonacci.ml,251,opcode_swap,REJECTED,TRUNCATED,N/A,CRASH_IndexError,False
fibonacci.ml,252,insertion,REJECTED,BAD_OPCODE,N/A,CRASH_ValueError,False
fibonacci.ml,253,opcode_swap,REJECTED,BAD_JUMP,N/A,CRASH_ValueError,False
fibonacci.ml,254,deletion,REJECTED,BAD_OPCODE,N/A,CRASH_ValueError,False
fibonacci.ml,255,metadata_entry_func,REJECTED,BAD_CALL,N/A,CRASH_TypeError,False
fibonacci.ml,256,insertion,REJECTED,STACK_UNDERFLOW,N/A,CRASH_IndexError,False
fibonacci.ml,257,bit_flip,ACCEPTED,,STEP_LIMIT,N/A,False
fibonacci.ml,258,operand_corruption,REJECTED,BAD_OPCODE,N/A,CRASH_ValueError,False
fibonacci.ml,259,truncation,REJECTED,BAD_JUMP,N/A,CRASH_IndexError,False
fibonacci.ml,260,byte_replace,ACCEPTED,,CLEAN,N/A,False
fibonacci.ml,261,operand_corruption,REJECTED,BAD_OPCODE,N/A,COMPLETED,False
fibonacci.ml,262,bit_flip,ACCEPTED,,CLEAN,N/A,False
fibonacci.ml,263,bit_flip,ACCEPTED,,CLEAN,N/A,False
fibonacci.ml,264,metadata_num_locals,ACCEPTED,,CLEAN,N/A,False
fibonacci.ml,265,byte_replace,REJECTED,BAD_OPCODE,N/A,CRASH_ValueError,False
fibonacci.ml,266,insertion,REJECTED,BAD_OPCODE,N/A,CRASH_ValueError,False
fibonacci.ml,267,metadata_num_locals,REJECTED,LOCAL_RANGE,N/A,COMPLETED,False
fibonacci.ml,268,deletion,REJECTED,BAD_OPCODE,N/A,CRASH_IndexError,False
fibonacci.ml,269,insertion,REJECTED,BAD_OPCODE,N/A,CRASH_ValueError,False
fibonacci.ml,270,byte_replace,REJECTED,LOCAL_RANGE,N/A,CRASH_IndexError,False
fibonacci.ml,271,byte_replace,REJECTED,BAD_OPCODE,N/A,CRASH_ValueError,False
fibonacci.ml,272,truncation,REJECTED,BAD_JUMP,N/A,CRASH_IndexError,False
fibonacci.ml,273,byte_replace,ACCEPTED,,STEP_LIMIT,N/A,False
fibonacci.ml,274,metadata_num_locals,REJECTED,LOCAL_RANGE,N/A,COMPLETED,False
fibonacci.ml,275,deletion,REJECTED,TRUNCATED,N/A,CRASH_error,False
fibonacci.ml,276,metadata_entry_func,REJECTED,BAD_CALL,N/A,CRASH_IndexError,False
fibonacci.ml,277,operand_corruption,ACCEPTED,,CLEAN,N/A,False
fibonacci.ml,278,opcode_swap,REJECTED,TRUNCATED,N/A,CRASH_IndexError,False
fibonacci.ml,279,bit_flip,REJECTED,LOCAL_RANGE,N/A,CRASH_IndexError,False
fibonacci.ml,280,operand_corruption,REJECTED,BAD_OPCODE,N/A,COMPLETED,False
fibonacci.ml,281,operand_corruption,REJECTED,BAD_OPCODE,N/A,COMPLETED,False
fibonacci.ml,282,bit_flip,REJECTED,LOCAL_RANGE,N/A,CRASH_IndexError,False
fibonacci.ml,283,opcode_swap,REJECTED,STACK_OVERFLOW,N/A,COMPLETED,False
fibonacci.ml,284,insertion,REJECTED,BAD_OPCODE,N/A,CRASH_ValueError,False
fibonacci.ml,285,metadata_entry_func,REJECTED,BAD_CALL,N/A,CRASH_TypeError,False
fibonacci.ml,286,byte_replace,ACCEPTED,,STEP_LIMIT,N/A,False
fibonacci.ml,287,insertion,REJECTED,BAD_OPCODE,N/A,CRASH_ValueError,False
fibonacci.ml,288,deletion,REJECTED,BAD_JUMP,N/A,CRASH_TypeError,False
fibonacci.ml,289,metadata_num_locals,REJECTED,LOCAL_RANGE,N/A,COMPLETED,False
fibonacci.ml,290,operand_corruption,ACCEPTED,,CLEAN,N/A,False
fibonacci.ml,291,metadata_entry_func,REJECTED,BAD_CALL,N/A,CRASH_TypeError,False
fibonacci.ml,292,insertion,REJECTED,BAD_OPCODE,N/A,CRASH_ValueError,False
fibonacci.ml,293,byte_replace,REJECTED,BAD_OPCODE,N/A,CRASH_ValueError,False
fibonacci.ml,294,operand_corruption,REJECTED,BAD_OPCODE,N/A,CRASH_ValueError,False
fibonacci.ml,295,opcode_swap,REJECTED,BAD_OPCODE,N/A,CRASH_IndexError,False
fibonacci.ml,296,byte_replace,ACCEPTED,,STEP_LIMIT,N/A,False
fibonacci.ml,297,byte_replace,REJECTED,BAD_OPCODE,N/A,CRASH_ValueError,False
fibonacci.ml,298,insertion,REJECTED,BAD_JUMP,N/A,CRASH_ValueError,False
fibonacci.ml,299,metadata_num_locals,REJECTED,LOCAL_RANGE,N/A,COMPLETED,False
fibonacci.ml,300,insertion,REJECTED,BAD_JUMP,N/A,CRASH_ValueError,False
fibonacci.ml,301,opcode_swap,ACCEPTED,,CLEAN,N/A,False
fibonacci.ml,302,byte_replace,REJECTED,BAD_CALL,N/A,CRASH_IndexError,False
fibonacci.ml,303,deletion,REJECTED,BAD_OPCODE,N/A,CRASH_ValueError,False
fibonacci.ml,304,truncation,REJECTED,TRUNCATED,N/A,CRASH_error,False
fibonacci.ml,305,truncation,REJECTED,FALLTHROUGH,N/A,CRASH_IndexError,False
fibonacci.ml,306,operand_corruption,REJECTED,BAD_OPCODE,N/A,CRASH_ValueError,False
fibonacci.ml,307,truncation,REJECTED,BAD_JUMP,N/A,CRASH_IndexError,False
fibonacci.ml,308,byte_replace,ACCEPTED,,CLEAN,N/A,False
fibonacci.ml,309,metadata_num_locals,ACCEPTED,,CLEAN,N/A,False
fibonacci.ml,310,byte_replace,REJECTED,BAD_OPCODE,N/A,CRASH_ValueError,False
fibonacci.ml,311,insertion,REJECTED,BAD_OPCODE,N/A,CRASH_ValueError,False
fibonacci.ml,312,deletion,REJECTED,STACK_OVERFLOW,N/A,COMPLETED,False
fibonacci.ml,313,bit_flip,ACCEPTED,,STEP_LIMIT,N/A,False
fibonacci.ml,314,truncation,REJECTED,TRUNCATED,N/A,CRASH_error,False
fibonacci.ml,315,bit_flip,ACCEPTED,,STEP_LIMIT,N/A,False
fibonacci.ml,316,byte_replace,ACCEPTED,,STEP_LIMIT,N/A,False
fibonacci.ml,317,metadata_num_locals,ACCEPTED,,CLEAN,N/A,False
fibonacci.ml,318,insertion,REJECTED,BAD_OPCODE,N/A,CRASH_ValueError,False
fibonacci.ml,319,bit_flip,ACCEPTED,,CLEAN,N/A,False
fibonacci.ml,320,deletion,REJECTED,BAD_OPCODE,N/A,CRASH_IndexError,False
fibonacci.ml,321,metadata_max_stack,ACCEPTED,,CLEAN,N/A,False
fibonacci.ml,322,byte_replace,REJECTED,BAD_OPCODE,N/A,CRASH_ValueError,False
fibonacci.ml,323,insertion,REJECTED,BAD_OPCODE,N/A,CRASH_IndexError,False
fibonacci.ml,324,operand_corruption,REJECTED,BAD_OPCODE,N/A,COMPLETED,False
fibonacci.ml,325,operand_corruption,REJECTED,BAD_OPCODE,N/A,CRASH_ValueError,False
fibonacci.ml,326,insertion,REJECTED,BAD_OPCODE,N/A,CRASH_IndexError,False
fibonacci.ml,327,operand_corruption,ACCEPTED,,STEP_LIMIT,N/A,False
fibonacci.ml,328,insertion,REJECTED,BAD_OPCODE,N/A,CRASH_ValueError,False
fibonacci.ml,329,opcode_swap,REJECTED,BAD_OPCODE,N/A,CRASH_ValueError,False
fibonacci.ml,330,truncation,REJECTED,BAD_JUMP,N/A,CRASH_IndexError,False
fibonacci.ml,331,opcode_swap,REJECTED,BAD_OPCODE,N/A,CRASH_IndexError,False
fibonacci.ml,332,operand_corruption,REJECTED,BAD_OPCODE,N/A,CRASH_ValueError,False
fibonacci.ml,333,deletion,REJECTED,TRUNCATED,N/A,CRASH_error,False
fibonacci.ml,334,opcode_swap,REJECTED,STACK_OVERFLOW,N/A,COMPLETED,False
fibonacci.ml,335,bit_flip,REJECTED,STACK_UNDERFLOW,N/A,CRASH_IndexError,False
fibonacci.ml,336,insertion,REJECTED,BAD_OPCODE,N/A,CRASH_ValueError,False
fibonacci.ml,337,operand_corruption,REJECTED,BAD_OPCODE,N/A,CRASH_IndexError,False
fibonacci.ml,338,insertion,REJECTED,BAD_OPCODE,N/A,CRASH_ValueError,False
fibonacci.ml,339,metadata_max_stack,ACCEPTED,,CLEAN,N/A,False
fibonacci.ml,340,byte_replace,REJECTED,BAD_OPCODE,N/A,CRASH_ValueError,False
fibonacci.ml,341,truncation,REJECTED,TRUNCATED,N/A,CRASH_error,False
fibonacci.ml,342,truncation,REJECTED,TRUNCATED,N/A,CRASH_error,False
fibonacci.ml,343,insertion,REJECTED,BAD_OPCODE,N/A,CRASH_IndexError,False
fibonacci.ml,344,insertion,REJECTED,BAD_OPCODE,N/A,CRASH_ValueError,False
fibonacci.ml,345,truncation,REJECTED,FALLTHROUGH,N/A,CRASH_IndexError,False
fibonacci.ml,346,operand_corruption,REJECTED,BAD_OPCODE,N/A,CRASH_ValueError,False
fibonacci.ml,347,deletion,REJECTED,STACK_OVERFLOW,N/A,CRASH_TypeError,False
fibonacci.ml,348,insertion,REJECTED,BAD_OPCODE,N/A,COMPLETED,False
fibonacci.ml,349,deletion,REJECTED,TRUNCATED,N/A,CRASH_error,False
fibonacci.ml,350,insertion,REJECTED,BAD_OPCODE,N/A,CRASH_ValueError,False
fibonacci.ml,351,truncation,REJECTED,TRUNCATED,N/A,CRASH_error,False
fibonacci.ml,352,deletion,REJECTED,BAD_OPCODE,N/A,CRASH_ValueError,False
fibonacci.ml,353,metadata_max_stack,ACCEPTED,,CLEAN,N/A,False
fibonacci.ml,354,byte_replace,REJECTED,BAD_OPCODE,N/A,CRASH_ValueError,False
fibonacci.ml,355,operand_corruption,ACCEPTED,,CLEAN,N/A,False
fibonacci.ml,356,opcode_swap,REJECTED,BAD_OPCODE,N/A,CRASH_IndexError,False
fibonacci.ml,357,operand_corruption,REJECTED,BAD_OPCODE,N/A,CRASH_ValueError,False
fibonacci.ml,358,deletion,REJECTED,BAD_CALL,N/A,CRASH_IndexError,False
fibonacci.ml,359,metadata_entry_func,REJECTED,BAD_CALL,N/A,CRASH_TypeError,False
fibonacci.ml,360,metadata_max_stack,REJECTED,STACK_OVERFLOW,N/A,COMPLETED,False
fibonacci.ml,361,byte_replace,ACCEPTED,,CLEAN,N/A,False
fibonacci.ml,362,bit_flip,REJECTED,BAD_OPCODE,N/A,CRASH_ValueError,False
fibonacci.ml,363,metadata_max_stack,ACCEPTED,,CLEAN,N/A,False
fibonacci.ml,364,deletion,REJECTED,TRUNCATED,N/A,CRASH_error,False
fibonacci.ml,365,deletion,REJECTED,BAD_OPCODE,N/A,CRASH_ValueError,False
fibonacci.ml,366,operand_corruption,REJECTED,LOCAL_RANGE,N/A,CRASH_IndexError,False
fibonacci.ml,367,metadata_max_stack,ACCEPTED,,CLEAN,N/A,False
fibonacci.ml,368,metadata_num_locals,REJECTED,LOCAL_RANGE,N/A,CRASH_IndexError,False
fibonacci.ml,369,opcode_swap,REJECTED,STACK_UNDERFLOW,N/A,CRASH_IndexError,False
fibonacci.ml,370,byte_replace,REJECTED,BAD_CALL,N/A,CRASH_IndexError,False
fibonacci.ml,371,opcode_swap,REJECTED,STACK_UNDERFLOW,N/A,CRASH_IndexError,False
fibonacci.ml,372,bit_flip,ACCEPTED,,STEP_LIMIT,N/A,False
fibonacci.ml,373,opcode_swap,REJECTED,STACK_TYPE,N/A,COMPLETED,False
fibonacci.ml,374,byte_replace,REJECTED,BAD_OPCODE,N/A,CRASH_ValueError,False
fibonacci.ml,375,insertion,REJECTED,BAD_OPCODE,N/A,COMPLETED,False
fibonacci.ml,376,deletion,ACCEPTED,,CLEAN,N/A,False
fibonacci.ml,377,insertion,REJECTED,BAD_OPCODE,N/A,CRASH_ValueError,False
fibonacci.ml,378,insertion,REJECTED,BAD_OPCODE,N/A,CRASH_ValueError,False
fibonacci.ml,379,opcode_swap,REJECTED,FALLTHROUGH,N/A,CRASH_IndexError,False
fibonacci.ml,380,truncation,REJECTED,FALLTHROUGH,N/A,CRASH_IndexError,False
fibonacci.ml,381,operand_corruption,ACCEPTED,,CLEAN,N/A,False
fibonacci.ml,382,byte_replace,REJECTED,BAD_JUMP,N/A,CRASH_IndexError,False
fibonacci.ml,383,operand_corruption,REJECTED,BAD_OPCODE,N/A,CRASH_IndexError,False
fibonacci.ml,384,byte_replace,ACCEPTED,,CLEAN,N/A,False
fibonacci.ml,385,bit_flip,REJECTED,BAD_OPCODE,N/A,CRASH_ValueError,False
fibonacci.ml,386,metadata_num_locals,ACCEPTED,,CLEAN,N/A,False
fibonacci.ml,387,truncation,REJECTED,TRUNCATED,N/A,CRASH_error,False
fibonacci.ml,388,metadata_max_stack,REJECTED,STACK_OVERFLOW,N/A,COMPLETED,False
fibonacci.ml,389,deletion,REJECTED,STACK_UNDERFLOW,N/A,CRASH_IndexError,False
fibonacci.ml,390,opcode_swap,REJECTED,BAD_OPCODE,N/A,CRASH_IndexError,False
fibonacci.ml,391,bit_flip,REJECTED,LOCAL_RANGE,N/A,CRASH_IndexError,False
fibonacci.ml,392,metadata_max_stack,ACCEPTED,,CLEAN,N/A,False
fibonacci.ml,393,metadata_entry_func,REJECTED,BAD_CALL,N/A,CRASH_IndexError,False
fibonacci.ml,394,metadata_num_locals,REJECTED,LOCAL_RANGE,N/A,CRASH_IndexError,False
fibonacci.ml,395,byte_replace,ACCEPTED,,CLEAN,N/A,False
fibonacci.ml,396,bit_flip,REJECTED,BAD_OPCODE,N/A,CRASH_ValueError,False
fibonacci.ml,397,operand_corruption,REJECTED,BAD_OPCODE,N/A,COMPLETED,False
fibonacci.ml,398,byte_replace,ACCEPTED,,STEP_LIMIT,N/A,False
fibonacci.ml,399,insertion,REJECTED,BAD_OPCODE,N/A,CRASH_IndexError,False
fibonacci.ml,400,byte_replace,REJECTED,BAD_CALL,N/A,CRASH_IndexError,False
fibonacci.ml,401,deletion,REJECTED,STACK_UNDERFLOW,N/A,COMPLETED,False
fibonacci.ml,402,bit_flip,ACCEPTED,,CLEAN,N/A,False
fibonacci.ml,403,bit_flip,ACCEPTED,,CLEAN,N/A,False
fibonacci.ml,404,insertion,REJECTED,BAD_OPCODE,N/A,CRASH_ValueError,False
fibonacci.ml,405,deletion,REJECTED,TRUNCATED,N/A,CRASH_error,False
fibonacci.ml,406,byte_replace,ACCEPTED,,CLEAN,N/A,False
fibonacci.ml,407,opcode_swap,REJECTED,BAD_OPCODE,N/A,CRASH_IndexError,False
fibonacci.ml,408,bit_flip,REJECTED,LOCAL_RANGE,N/A,CRASH_IndexError,False
fibonacci.ml,409,byte_replace,ACCEPTED,,CLEAN,N/A,False
fibonacci.ml,410,byte_replace,ACCEPTED,,CLEAN,N/A,False
fibonacci.ml,411,deletion,REJECTED,TRUNCATED,N/A,CRASH_error,False
fibonacci.ml,412,byte_replace,ACCEPTED,,CLEAN,N/A,False
fibonacci.ml,413,truncation,REJECTED,TRUNCATED,N/A,CRASH_error,False
fibonacci.ml,414,truncation,REJECTED,FALLTHROUGH,N/A,CRASH_IndexError,False
fibonacci.ml,415,truncation,REJECTED,FALLTHROUGH,N/A,CRASH_IndexError,False
fibonacci.ml,416,metadata_num_locals,REJECTED,LOCAL_RANGE,N/A,CRASH_IndexError,False
fibonacci.ml,417,byte_replace,REJECTED,BAD_OPCODE,N/A,CRASH_ValueError,False
fibonacci.ml,418,truncation,REJECTED,TRUNCATED,N/A,CRASH_error,False
fibonacci.ml,419,metadata_entry_func,REJECTED,BAD_CALL,N/A,CRASH_TypeError,False
fibonacci.ml,420,metadata_num_locals,REJECTED,LOCAL_RANGE,N/A,COMPLETED,False
fibonacci.ml,421,opcode_swap,REJECTED,BAD_OPCODE,N/A,CRASH_ValueError,False
fibonacci.ml,422,metadata_entry_func,REJECTED,BAD_CALL,N/A,CRASH_IndexError,False
fibonacci.ml,423,insertion,REJECTED,BAD_OPCODE,N/A,CRASH_IndexError,False
fibonacci.ml,424,byte_replace,REJECTED,LOCAL_RANGE,N/A,CRASH_IndexError,False
fibonacci.ml,425,bit_flip,ACCEPTED,,CLEAN,N/A,False
fibonacci.ml,426,bit_flip,ACCEPTED,,CLEAN,N/A,False
fibonacci.ml,427,truncation,REJECTED,TRUNCATED,N/A,CRASH_error,False
fibonacci.ml,428,operand_corruption,REJECTED,BAD_OPCODE,N/A,COMPLETED,False
fibonacci.ml,429,byte_replace,REJECTED,LOCAL_RANGE,N/A,CRASH_IndexError,False
fibonacci.ml,430,insertion,REJECTED,BAD_OPCODE,N/A,CRASH_ValueError,False
fibonacci.ml,431,opcode_swap,REJECTED,BAD_OPCODE,N/A,CRASH_IndexError,False
fibonacci.ml,432,metadata_max_stack,REJECTED,STACK_OVERFLOW,N/A,COMPLETED,False
fibonacci.ml,433,truncation,REJECTED,FALLTHROUGH,N/A,CRASH_IndexError,False
fibonacci.ml,434,truncation,REJECTED,TRUNCATED,N/A,CRASH_error,False
fibonacci.ml,435,deletion,REJECTED,STACK_UNDERFLOW,N/A,COMPLETED,False
fibonacci.ml,436,deletion,REJECTED,FALLTHROUGH,N/A,CRASH_IndexError,False
fibonacci.ml,437,bit_flip,REJECTED,LOCAL_RANGE,N/A,CRASH_IndexError,False
fibonacci.ml,438,deletion,REJECTED,BAD_OPCODE,N/A,CRASH_IndexError,False
fibonacci.ml,439,truncation,REJECTED,TRUNCATED,N/A,CRASH_error,False
fibonacci.ml,440,byte_replace,ACCEPTED,,CLEAN,N/A,False
fibonacci.ml,441,truncation,REJECTED,TRUNCATED,N/A,CRASH_error,False
fibonacci.ml,442,byte_replace,REJECTED,BAD_OPCODE,N/A,CRASH_ValueError,False
fibonacci.ml,443,deletion,REJECTED,BAD_OPCODE,N/A,CRASH_ValueError,False
fibonacci.ml,444,metadata_num_locals,REJECTED,LOCAL_RANGE,N/A,COMPLETED,False
fibonacci.ml,445,metadata_entry_func,REJECTED,BAD_CALL,N/A,CRASH_IndexError,False
fibonacci.ml,446,deletion,REJECTED,FALLTHROUGH,N/A,CRASH_IndexError,False
fibonacci.ml,447,bit_flip,REJECTED,LOCAL_RANGE,N/A,CRASH_IndexError,False
fibonacci.ml,448,truncation,REJECTED,TRUNCATED,N/A,CRASH_error,False
fibonacci.ml,449,operand_corruption,ACCEPTED,,CLEAN,N/A,False
fibonacci.ml,450,metadata_max_stack,REJECTED,STACK_OVERFLOW,N/A,COMPLETED,False
fibonacci.ml,451,operand_corruption,ACCEPTED,,CLEAN,N/A,False
fibonacci.ml,452,truncation,REJECTED,TRUNCATED,N/A,CRASH_error,False
fibonacci.ml,453,operand_corruption,REJECTED,BAD_OPCODE,N/A,COMPLETED,False
fibonacci.ml,454,insertion,REJECTED,BAD_OPCODE,N/A,CRASH_ValueError,False
fibonacci.ml,455,opcode_swap,REJECTED,BAD_OPCODE,N/A,CRASH_ValueError,False
fibonacci.ml,456,truncation,REJECTED,TRUNCATED,N/A,CRASH_error,False
fibonacci.ml,457,operand_corruption,REJECTED,BAD_OPCODE,N/A,COMPLETED,False
fibonacci.ml,458,insertion,REJECTED,BAD_OPCODE,N/A,CRASH_ValueError,False
fibonacci.ml,459,byte_replace,REJECTED,BAD_OPCODE,N/A,CRASH_ValueError,False
fibonacci.ml,460,insertion,REJECTED,BAD_OPCODE,N/A,CRASH_ValueError,False
fibonacci.ml,461,metadata_entry_func,ACCEPTED,,CLEAN,N/A,False
fibonacci.ml,462,deletion,REJECTED,BAD_OPCODE,N/A,CRASH_ValueError,False
fibonacci.ml,463,byte_replace,ACCEPTED,,STEP_LIMIT,N/A,False
fibonacci.ml,464,insertion,REJECTED,BAD_OPCODE,N/A,CRASH_ValueError,False
fibonacci.ml,465,deletion,REJECTED,BAD_OPCODE,N/A,CRASH_ValueError,False
fibonacci.ml,466,byte_replace,ACCEPTED,,CLEAN,N/A,False
fibonacci.ml,467,bit_flip,REJECTED,BAD_OPCODE,N/A,CRASH_IndexError,False
fibonacci.ml,468,bit_flip,REJECTED,BAD_OPCODE,N/A,CRASH_ValueError,False
fibonacci.ml,469,bit_flip,REJECTED,BAD_OPCODE,N/A,CRASH_ValueError,False
fibonacci.ml,470,byte_replace,ACCEPTED,,CLEAN,N/A,False
fibonacci.ml,471,deletion,REJECTED,TRUNCATED,N/A,CRASH_error,False
fibonacci.ml,472,bit_flip,REJECTED,BAD_OPCODE,N/A,CRASH_ValueError,False
fibonacci.ml,473,metadata_max_stack,REJECTED,STACK_OVERFLOW,N/A,COMPLETED,False
fibonacci.ml,474,byte_replace,REJECTED,LOCAL_RANGE,N/A,CRASH_IndexError,False
fibonacci.ml,475,bit_flip,ACCEPTED,,CLEAN,N/A,False
fibonacci.ml,476,metadata_num_locals,REJECTED,LOCAL_RANGE,N/A,CRASH_IndexError,False
fibonacci.ml,477,byte_replace,ACCEPTED,,CLEAN,N/A,False
fibonacci.ml,478,insertion,REJECTED,BAD_OPCODE,N/A,CRASH_ValueError,False
fibonacci.ml,479,metadata_max_stack,REJECTED,STACK_OVERFLOW,N/A,COMPLETED,False
fibonacci.ml,480,operand_corruption,ACCEPTED,,CLEAN,N/A,False
fibonacci.ml,481,insertion,REJECTED,BAD_OPCODE,N/A,CRASH_IndexError,False
fibonacci.ml,482,byte_replace,REJECTED,LOCAL_RANGE,N/A,CRASH_IndexError,False
fibonacci.ml,483,byte_replace,REJECTED,BAD_CALL,N/A,CRASH_IndexError,False
fibonacci.ml,484,operand_corruption,REJECTED,BAD_OPCODE,N/A,CRASH_ValueError,False
fibonacci.ml,485,insertion,REJECTED,BAD_OPCODE,N/A,CRASH_ValueError,False
fibonacci.ml,486,metadata_entry_func,REJECTED,BAD_CALL,N/A,CRASH_TypeError,False
fibonacci.ml,487,metadata_num_locals,REJECTED,LOCAL_RANGE,N/A,COMPLETED,False
fibonacci.ml,488,byte_replace,ACCEPTED,,CLEAN,N/A,False
fibonacci.ml,489,deletion,REJECTED,BAD_OPCODE,N/A,CRASH_ValueError,False
fibonacci.ml,490,metadata_num_locals,REJECTED,LOCAL_RANGE,N/A,CRASH_IndexError,False
fibonacci.ml,491,metadata_max_stack,ACCEPTED,,CLEAN,N/A,False
fibonacci.ml,492,metadata_max_stack,REJECTED,STACK_OVERFLOW,N/A,COMPLETED,False
fibonacci.ml,493,deletion,REJECTED,BAD_OPCODE,N/A,CRASH_ValueError,False
fibonacci.ml,494,opcode_swap,REJECTED,STACK_UNDERFLOW,N/A,CRASH_IndexError,False
fibonacci.ml,495,metadata_max_stack,ACCEPTED,,CLEAN,N/A,False
fibonacci.ml,496,byte_replace,REJECTED,BAD_OPCODE,N/A,CRASH_ValueError,False
fibonacci.ml,497,insertion,REJECTED,BAD_OPCODE,N/A,CRASH_IndexError,False
fibonacci.ml,498,bit_flip,REJECTED,BAD_OPCODE,N/A,CRASH_ValueError,False
fibonacci.ml,499,operand_corruption,REJECTED,BAD_OPCODE,N/A,CRASH_IndexError,False
fibonacci.ml,500,truncation,REJECTED,TRUNCATED,N/A,CRASH_error,False
fibonacci.ml,501,bit_flip,ACCEPTED,,CLEAN,N/A,False
fibonacci.ml,502,operand_corruption,REJECTED,BAD_OPCODE,N/A,CRASH_ValueError,False
fibonacci.ml,503,deletion,REJECTED,BAD_OPCODE,N/A,STEP_LIMIT,False
fibonacci.ml,504,insertion,REJECTED,BAD_OPCODE,N/A,CRASH_ValueError,False
fibonacci.ml,505,insertion,REJECTED,BAD_OPCODE,N/A,CRASH_ValueError,False
fibonacci.ml,506,opcode_swap,REJECTED,FALLTHROUGH,N/A,CRASH_IndexError,False
fibonacci.ml,507,insertion,REJECTED,BAD_OPCODE,N/A,CRASH_ValueError,False
fibonacci.ml,508,truncation,REJECTED,TRUNCATED,N/A,CRASH_error,False
fibonacci.ml,509,byte_replace,REJECTED,BAD_OPCODE,N/A,CRASH_ValueError,False
fibonacci.ml,510,truncation,REJECTED,FALLTHROUGH,N/A,CRASH_IndexError,False
fibonacci.ml,511,deletion,REJECTED,BAD_OPCODE,N/A,CRASH_ValueError,False
fibonacci.ml,512,opcode_swap,REJECTED,LOCAL_RANGE,N/A,CRASH_IndexError,False
fibonacci.ml,513,bit_flip,REJECTED,BAD_OPCODE,N/A,CRASH_ValueError,False
fibonacci.ml,514,opcode_swap,REJECTED,BAD_OPCODE,N/A,CRASH_ValueError,False
fibonacci.ml,515,bit_flip,ACCEPTED,,CLEAN,N/A,False
fibonacci.ml,516,deletion,REJECTED,BAD_OPCODE,N/A,CRASH_ValueError,False
fibonacci.ml,517,deletion,REJECTED,BAD_OPCODE,N/A,CRASH_ValueError,False
fibonacci.ml,518,insertion,REJECTED,BAD_OPCODE,N/A,COMPLETED,False
fibonacci.ml,519,operand_corruption,ACCEPTED,,CLEAN,N/A,False
fibonacci.ml,520,byte_replace,REJECTED,BAD_JUMP,N/A,CRASH_IndexError,False
fibonacci.ml,521,metadata_max_stack,REJECTED,STACK_OVERFLOW,N/A,COMPLETED,False
fibonacci.ml,522,bit_flip,REJECTED,BAD_OPCODE,N/A,CRASH_ValueError,False
fibonacci.ml,523,deletion,REJECTED,BAD_OPCODE,N/A,CRASH_ValueError,False
fibonacci.ml,524,metadata_entry_func,ACCEPTED,,CLEAN,N/A,False
fibonacci.ml,525,operand_corruption,ACCEPTED,,CLEAN,N/A,False
fibonacci.ml,526,opcode_swap,REJECTED,BAD_OPCODE,N/A,CRASH_ValueError,False
fibonacci.ml,527,truncation,REJECTED,TRUNCATED,N/A,CRASH_error,False
fibonacci.ml,528,metadata_entry_func,REJECTED,BAD_CALL,N/A,CRASH_IndexError,False
fibonacci.ml,529,deletion,REJECTED,BAD_OPCODE,N/A,CRASH_IndexError,False
fibonacci.ml,530,opcode_swap,REJECTED,STACK_UNDERFLOW,N/A,CRASH_IndexError,False
fibonacci.ml,531,insertion,REJECTED,BAD_OPCODE,N/A,CRASH_ValueError,False
fibonacci.ml,532,byte_replace,REJECTED,BAD_OPCODE,N/A,CRASH_ValueError,False
fibonacci.ml,533,byte_replace,ACCEPTED,,CLEAN,N/A,False
fibonacci.ml,534,metadata_max_stack,ACCEPTED,,CLEAN,N/A,False
fibonacci.ml,535,operand_corruption,REJECTED,BAD_OPCODE,N/A,CRASH_ValueError,False
fibonacci.ml,536,byte_replace,REJECTED,BAD_OPCODE,N/A,CRASH_ValueError,False
fibonacci.ml,537,bit_flip,REJECTED,BAD_CALL,N/A,CRASH_IndexError,False
fibonacci.ml,538,deletion,REJECTED,BAD_JUMP,N/A,CRASH_IndexError,False
fibonacci.ml,539,deletion,REJECTED,BAD_OPCODE,N/A,CRASH_ValueError,False
fibonacci.ml,540,insertion,REJECTED,BAD_JUMP,N/A,CRASH_IndexError,False
fibonacci.ml,541,bit_flip,REJECTED,TRUNCATED,N/A,CRASH_error,False
fibonacci.ml,542,truncation,REJECTED,BAD_JUMP,N/A,CRASH_IndexError,False
fibonacci.ml,543,opcode_swap,REJECTED,BAD_OPCODE,N/A,CRASH_IndexError,False
fibonacci.ml,544,deletion,REJECTED,BAD_OPCODE,N/A,CRASH_ValueError,False
fibonacci.ml,545,opcode_swap,REJECTED,BAD_OPCODE,N/A,CRASH_IndexError,False
fibonacci.ml,546,bit_flip,REJECTED,LOCAL_RANGE,N/A,CRASH_IndexError,False
fibonacci.ml,547,byte_replace,ACCEPTED,,CLEAN,N/A,False
fibonacci.ml,548,truncation,REJECTED,TRUNCATED,N/A,CRASH_error,False
fibonacci.ml,549,bit_flip,REJECTED,BAD_OPCODE,N/A,CRASH_IndexError,False
fibonacci.ml,550,deletion,REJECTED,BAD_OPCODE,N/A,CRASH_IndexError,False
fibonacci.ml,551,byte_replace,REJECTED,BAD_OPCODE,N/A,CRASH_ValueError,False
fibonacci.ml,552,truncation,REJECTED,TRUNCATED,N/A,CRASH_error,False
fibonacci.ml,553,truncation,REJECTED,TRUNCATED,N/A,CRASH_error,False
fibonacci.ml,554,bit_flip,REJECTED,BAD_OPCODE,N/A,CRASH_ValueError,False
fibonacci.ml,555,operand_corruption,REJECTED,LOCAL_RANGE,N/A,CRASH_IndexError,False
fibonacci.ml,556,bit_flip,REJECTED,BAD_OPCODE,N/A,CRASH_ValueError,False
fibonacci.ml,557,deletion,REJECTED,BAD_OPCODE,N/A,CRASH_ValueError,False
fibonacci.ml,558,byte_replace,ACCEPTED,,CLEAN,N/A,False
fibonacci.ml,559,byte_replace,ACCEPTED,,STEP_LIMIT,N/A,False
fibonacci.ml,560,insertion,REJECTED,BAD_OPCODE,N/A,CRASH_ValueError,False
fibonacci.ml,561,operand_corruption,ACCEPTED,,CLEAN,N/A,False
fibonacci.ml,562,metadata_num_locals,REJECTED,LOCAL_RANGE,N/A,COMPLETED,False
fibonacci.ml,563,bit_flip,REJECTED,STACK_UNDERFLOW,N/A,CRASH_IndexError,False
fibonacci.ml,564,deletion,REJECTED,BAD_OPCODE,N/A,CRASH_ValueError,False
fibonacci.ml,565,byte_replace,ACCEPTED,,CLEAN,N/A,False
fibonacci.ml,566,truncation,REJECTED,TRUNCATED,N/A,CRASH_error,False
fibonacci.ml,567,metadata_max_stack,REJECTED,STACK_OVERFLOW,N/A,COMPLETED,False
fibonacci.ml,568,byte_replace,REJECTED,BAD_CALL,N/A,CRASH_IndexError,False
fibonacci.ml,569,truncation,REJECTED,TRUNCATED,N/A,CRASH_error,False
fibonacci.ml,570,truncation,REJECTED,TRUNCATED,N/A,CRASH_error,False
fibonacci.ml,571,truncation,REJECTED,BAD_JUMP,N/A,CRASH_IndexError,False
fibonacci.ml,572,deletion,REJECTED,BAD_OPCODE,N/A,CRASH_ValueError,False
fibonacci.ml,573,insertion,REJECTED,BAD_OPCODE,N/A,CRASH_ValueError,False
fibonacci.ml,574,truncation,REJECTED,TRUNCATED,N/A,CRASH_error,False
fibonacci.ml,575,deletion,REJECTED,BAD_OPCODE,N/A,CRASH_ValueError,False
fibonacci.ml,576,operand_corruption,ACCEPTED,,CLEAN,N/A,False
fibonacci.ml,577,byte_replace,REJECTED,LOCAL_RANGE,N/A,CRASH_IndexError,False
fibonacci.ml,578,metadata_num_locals,REJECTED,LOCAL_RANGE,N/A,CRASH_IndexError,False
fibonacci.ml,579,metadata_max_stack,REJECTED,STACK_OVERFLOW,N/A,COMPLETED,False
fibonacci.ml,580,opcode_swap,REJECTED,BAD_OPCODE,N/A,COMPLETED,False
fibonacci.ml,581,bit_flip,REJECTED,LOCAL_UNSET,N/A,CRASH_TypeError,False
fibonacci.ml,582,opcode_swap,REJECTED,MERGE_MISMATCH,N/A,STEP_LIMIT,False
fibonacci.ml,583,insertion,REJECTED,BAD_OPCODE,N/A,COMPLETED,False
fibonacci.ml,584,deletion,REJECTED,BAD_OPCODE,N/A,CRASH_ValueError,False
fibonacci.ml,585,bit_flip,ACCEPTED,,CLEAN,N/A,False
fibonacci.ml,586,operand_corruption,REJECTED,BAD_OPCODE,N/A,COMPLETED,False
fibonacci.ml,587,opcode_swap,REJECTED,BAD_OPCODE,N/A,COMPLETED,False
fibonacci.ml,588,metadata_entry_func,REJECTED,BAD_CALL,N/A,CRASH_IndexError,False
fibonacci.ml,589,metadata_num_locals,ACCEPTED,,CLEAN,N/A,False
fibonacci.ml,590,byte_replace,REJECTED,BAD_OPCODE,N/A,CRASH_ValueError,False
fibonacci.ml,591,byte_replace,REJECTED,BAD_OPCODE,N/A,CRASH_ValueError,False
fibonacci.ml,592,metadata_max_stack,REJECTED,STACK_OVERFLOW,N/A,COMPLETED,False
fibonacci.ml,593,operand_corruption,REJECTED,BAD_OPCODE,N/A,COMPLETED,False
fibonacci.ml,594,insertion,REJECTED,BAD_OPCODE,N/A,CRASH_ValueError,False
fibonacci.ml,595,deletion,REJECTED,BAD_OPCODE,N/A,CRASH_IndexError,False
fibonacci.ml,596,truncation,REJECTED,TRUNCATED,N/A,CRASH_error,False
fibonacci.ml,597,opcode_swap,REJECTED,STACK_UNDERFLOW,N/A,CRASH_IndexError,False
fibonacci.ml,598,byte_replace,REJECTED,LOCAL_RANGE,N/A,CRASH_IndexError,False
fibonacci.ml,599,operand_corruption,ACCEPTED,,STEP_LIMIT,N/A,False
fibonacci.ml,600,operand_corruption,REJECTED,BAD_OPCODE,N/A,CRASH_ValueError,False
fibonacci.ml,601,byte_replace,ACCEPTED,,STEP_LIMIT,N/A,False
fibonacci.ml,602,byte_replace,REJECTED,BAD_OPCODE,N/A,CRASH_ValueError,False
fibonacci.ml,603,metadata_max_stack,ACCEPTED,,CLEAN,N/A,False
fibonacci.ml,604,deletion,REJECTED,BAD_JUMP,N/A,CRASH_IndexError,False
fibonacci.ml,605,deletion,REJECTED,TRUNCATED,N/A,CRASH_error,False
fibonacci.ml,606,insertion,REJECTED,BAD_OPCODE,N/A,CRASH_ValueError,False
fibonacci.ml,607,truncation,REJECTED,BAD_JUMP,N/A,CRASH_IndexError,False
fibonacci.ml,608,deletion,REJECTED,BAD_JUMP,N/A,CRASH_IndexError,False
fibonacci.ml,609,operand_corruption,REJECTED,BAD_OPCODE,N/A,COMPLETED,False
fibonacci.ml,610,deletion,REJECTED,BAD_OPCODE,N/A,CRASH_ValueError,False
fibonacci.ml,611,opcode_swap,REJECTED,BAD_JUMP,N/A,CRASH_ValueError,False
fibonacci.ml,612,opcode_swap,REJECTED,BAD_OPCODE,N/A,CRASH_IndexError,False
fibonacci.ml,613,metadata_entry_func,REJECTED,BAD_CALL,N/A,CRASH_TypeError,False
fibonacci.ml,614,truncation,REJECTED,FALLTHROUGH,N/A,CRASH_IndexError,False
fibonacci.ml,615,metadata_max_stack,REJECTED,STACK_OVERFLOW,N/A,COMPLETED,False
fibonacci.ml,616,operand_corruption,ACCEPTED,,CLEAN,N/A,False
fibonacci.ml,617,metadata_entry_func,REJECTED,BAD_CALL,N/A,CRASH_TypeError,False
fibonacci.ml,618,opcode_swap,REJECTED,BAD_OPCODE,N/A,CRASH_IndexError,False
fibonacci.ml,619,byte_replace,ACCEPTED,,CLEAN,N/A,False
fibonacci.ml,620,insertion,REJECTED,BAD_OPCODE,N/A,CRASH_ValueError,False
fibonacci.ml,621,bit_flip,REJECTED,BAD_OPCODE,N/A,CRASH_ValueError,False
fibonacci.ml,622,opcode_swap,REJECTED,BAD_OPCODE,N/A,CRASH_IndexError,False
fibonacci.ml,623,opcode_swap,REJECTED,BAD_OPCODE,N/A,CRASH_IndexError,False
fibonacci.ml,624,metadata_entry_func,ACCEPTED,,CLEAN,N/A,False
fibonacci.ml,625,bit_flip,REJECTED,LOCAL_RANGE,N/A,CRASH_IndexError,False
fibonacci.ml,626,insertion,REJECTED,BAD_OPCODE,N/A,CRASH_ValueError,False
fibonacci.ml,627,opcode_swap,REJECTED,LOCAL_TYPE,N/A,COMPLETED,False
fibonacci.ml,628,deletion,REJECTED,BAD_OPCODE,N/A,CRASH_IndexError,False
fibonacci.ml,629,metadata_num_locals,REJECTED,LOCAL_RANGE,N/A,CRASH_IndexError,False
fibonacci.ml,630,truncation,REJECTED,TRUNCATED,N/A,CRASH_error,False
fibonacci.ml,631,opcode_swap,REJECTED,BAD_OPCODE,N/A,CRASH_IndexError,False
fibonacci.ml,632,truncation,REJECTED,TRUNCATED,N/A,CRASH_error,False
fibonacci.ml,633,insertion,REJECTED,BAD_OPCODE,N/A,CRASH_ValueError,False
fibonacci.ml,634,metadata_num_locals,REJECTED,LOCAL_RANGE,N/A,CRASH_IndexError,False
fibonacci.ml,635,bit_flip,REJECTED,BAD_OPCODE,N/A,CRASH_ValueError,False
fibonacci.ml,636,metadata_max_stack,ACCEPTED,,CLEAN,N/A,False
fibonacci.ml,637,insertion,REJECTED,BAD_OPCODE,N/A,CRASH_ValueError,False
fibonacci.ml,638,operand_corruption,REJECTED,BAD_OPCODE,N/A,CRASH_ValueError,False
fibonacci.ml,639,metadata_max_stack,REJECTED,STACK_OVERFLOW,N/A,COMPLETED,False
fibonacci.ml,640,opcode_swap,REJECTED,BAD_OPCODE,N/A,CRASH_IndexError,False
fibonacci.ml,641,bit_flip,REJECTED,BAD_OPCODE,N/A,CRASH_ValueError,False
fibonacci.ml,642,insertion,REJECTED,BAD_OPCODE,N/A,CRASH_IndexError,False
fibonacci.ml,643,insertion,REJECTED,BAD_OPCODE,N/A,CRASH_ValueError,False
fibonacci.ml,644,truncation,REJECTED,FALLTHROUGH,N/A,CRASH_IndexError,False
fibonacci.ml,645,deletion,REJECTED,STACK_UNDERFLOW,N/A,CRASH_IndexError,False
fibonacci.ml,646,operand_corruption,REJECTED,BAD_OPCODE,N/A,CRASH_ValueError,False
fibonacci.ml,647,deletion,REJECTED,FALLTHROUGH,N/A,CRASH_IndexError,False
fibonacci.ml,648,insertion,REJECTED,BAD_OPCODE,N/A,CRASH_ValueError,False
fibonacci.ml,649,insertion,REJECTED,BAD_OPCODE,N/A,CRASH_ValueError,False
fibonacci.ml,650,operand_corruption,REJECTED,BAD_OPCODE,N/A,COMPLETED,False
fibonacci.ml,651,operand_corruption,REJECTED,BAD_OPCODE,N/A,COMPLETED,False
fibonacci.ml,652,deletion,REJECTED,BAD_OPCODE,N/A,CRASH_ValueError,False
fibonacci.ml,653,operand_corruption,REJECTED,BAD_OPCODE,N/A,CRASH_ValueError,False
fibonacci.ml,654,deletion,REJECTED,BAD_OPCODE,N/A,CRASH_ValueError,False
fibonacci.ml,655,bit_flip,REJECTED,LOCAL_RANGE,N/A,CRASH_IndexError,False
fibonacci.ml,656,truncation,REJECTED,FALLTHROUGH,N/A,CRASH_IndexError,False
fibonacci.ml,657,insertion,REJECTED,BAD_OPCODE,N/A,CRASH_ValueError,False
fibonacci.ml,658,bit_flip,ACCEPTED,,CLEAN,N/A,False
fibonacci.ml,659,truncation,REJECTED,TRUNCATED,N/A,CRASH_error,False
fibonacci.ml,660,metadata_num_locals,REJECTED,LOCAL_RANGE,N/A,COMPLETED,False
fibonacci.ml,661,bit_flip,REJECTED,LOCAL_RANGE,N/A,CRASH_IndexError,False
fibonacci.ml,662,operand_corruption,REJECTED,BAD_OPCODE,N/A,COMPLETED,False
fibonacci.ml,663,bit_flip,REJECTED,LOCAL_RANGE,N/A,CRASH_IndexError,False
fibonacci.ml,664,metadata_num_locals,ACCEPTED,,CLEAN,N/A,False
fibonacci.ml,665,metadata_num_locals,REJECTED,LOCAL_RANGE,N/A,COMPLETED,False
fibonacci.ml,666,operand_corruption,REJECTED,BAD_OPCODE,N/A,CRASH_ValueError,False
fibonacci.ml,667,truncation,REJECTED,TRUNCATED,N/A,CRASH_error,False
fibonacci.ml,668,opcode_swap,REJECTED,TRUNCATED,N/A,CRASH_error,False
fibonacci.ml,669,operand_corruption,REJECTED,BAD_OPCODE,N/A,CRASH_ValueError,False
fibonacci.ml,670,byte_replace,ACCEPTED,,CLEAN,N/A,False
fibonacci.ml,671,truncation,REJECTED,TRUNCATED,N/A,CRASH_error,False
fibonacci.ml,672,operand_corruption,REJECTED,BAD_OPCODE,N/A,CRASH_ValueError,False
fibonacci.ml,673,insertion,REJECTED,BAD_OPCODE,N/A,CRASH_ValueError,False
fibonacci.ml,674,insertion,REJECTED,BAD_OPCODE,N/A,CRASH_ValueError,False
fibonacci.ml,675,opcode_swap,REJECTED,BAD_OPCODE,N/A,CRASH_IndexError,False
fibonacci.ml,676,truncation,REJECTED,FALLTHROUGH,N/A,CRASH_IndexError,False
fibonacci.ml,677,bit_flip,ACCEPTED,,CLEAN,N/A,False
fibonacci.ml,678,operand_corruption,REJECTED,BAD_CALL,N/A,CRASH_IndexError,False
fibonacci.ml,679,truncation,REJECTED,TRUNCATED,N/A,CRASH_error,False
fibonacci.ml,680,operand_corruption,ACCEPTED,,CLEAN,N/A,False
fibonacci.ml,681,opcode_swap,REJECTED,BAD_OPCODE,N/A,CRASH_IndexError,False
fibonacci.ml,682,bit_flip,REJECTED,BAD_OPCODE,N/A,CRASH_ValueError,False
fibonacci.ml,683,operand_corruption,ACCEPTED,,CLEAN,N/A,False
fibonacci.ml,684,opcode_swap,REJECTED,BAD_JUMP,N/A,COMPLETED,False
fibonacci.ml,685,insertion,REJECTED,BAD_OPCODE,N/A,CRASH_IndexError,False
fibonacci.ml,686,opcode_swap,REJECTED,BAD_OPCODE,N/A,CRASH_IndexError,False
fibonacci.ml,687,deletion,REJECTED,BAD_OPCODE,N/A,CRASH_ValueError,False
fibonacci.ml,688,bit_flip,REJECTED,BAD_CALL,N/A,CRASH_IndexError,False
fibonacci.ml,689,metadata_num_locals,REJECTED,LOCAL_RANGE,N/A,CRASH_IndexError,False
fibonacci.ml,690,bit_flip,REJECTED,STACK_UNDERFLOW,N/A,CRASH_IndexError,False
fibonacci.ml,691,insertion,REJECTED,BAD_OPCODE,N/A,CRASH_ValueError,False
fibonacci.ml,692,byte_replace,ACCEPTED,,CLEAN,N/A,False
fibonacci.ml,693,bit_flip,ACCEPTED,,CLEAN,N/A,False
fibonacci.ml,694,byte_replace,REJECTED,LOCAL_RANGE,N/A,CRASH_IndexError,False
fibonacci.ml,695,insertion,REJECTED,BAD_OPCODE,N/A,CRASH_ValueError,False
fibonacci.ml,696,deletion,REJECTED,BAD_OPCODE,N/A,CRASH_ValueError,False
fibonacci.ml,697,deletion,REJECTED,BAD_JUMP,N/A,CRASH_IndexError,False
fibonacci.ml,698,truncation,REJECTED,TRUNCATED,N/A,CRASH_error,False
fibonacci.ml,699,operand_corruption,ACCEPTED,,CLEAN,N/A,False
fibonacci.ml,700,byte_replace,REJECTED,BAD_OPCODE,N/A,CRASH_ValueError,False
fibonacci.ml,701,opcode_swap,REJECTED,BAD_OPCODE,N/A,CRASH_IndexError,False
fibonacci.ml,702,truncation,REJECTED,BAD_JUMP,N/A,CRASH_IndexError,False
fibonacci.ml,703,bit_flip,REJECTED,BAD_OPCODE,N/A,CRASH_IndexError,False
fibonacci.ml,704,insertion,REJECTED,BAD_OPCODE,N/A,CRASH_ValueError,False
fibonacci.ml,705,deletion,REJECTED,TRUNCATED,N/A,CRASH_error,False
fibonacci.ml,706,truncation,REJECTED,BAD_JUMP,N/A,CRASH_IndexError,False
fibonacci.ml,707,insertion,REJECTED,BAD_OPCODE,N/A,CRASH_IndexError,False
fibonacci.ml,708,truncation,REJECTED,TRUNCATED,N/A,CRASH_error,False
fibonacci.ml,709,bit_flip,ACCEPTED,,STEP_LIMIT,N/A,False
fibonacci.ml,710,metadata_entry_func,REJECTED,BAD_CALL,N/A,CRASH_IndexError,False
fibonacci.ml,711,opcode_swap,ACCEPTED,,CLEAN,N/A,False
fibonacci.ml,712,metadata_entry_func,ACCEPTED,,CLEAN,N/A,False
fibonacci.ml,713,operand_corruption,REJECTED,BAD_OPCODE,N/A,CRASH_IndexError,False
fibonacci.ml,714,metadata_max_stack,REJECTED,STACK_OVERFLOW,N/A,COMPLETED,False
fibonacci.ml,715,opcode_swap,REJECTED,BAD_JUMP,N/A,CRASH_ValueError,False
fibonacci.ml,716,truncation,REJECTED,TRUNCATED,N/A,CRASH_error,False
fibonacci.ml,717,insertion,REJECTED,BAD_OPCODE,N/A,CRASH_ValueError,False
fibonacci.ml,718,insertion,REJECTED,BAD_OPCODE,N/A,CRASH_ValueError,False
fibonacci.ml,719,insertion,REJECTED,BAD_OPCODE,N/A,CRASH_ValueError,False
fibonacci.ml,720,operand_corruption,ACCEPTED,,CLEAN,N/A,False
fibonacci.ml,721,deletion,REJECTED,BAD_OPCODE,N/A,CRASH_IndexError,False
fibonacci.ml,722,bit_flip,REJECTED,TRUNCATED,N/A,CRASH_error,False
fibonacci.ml,723,insertion,REJECTED,BAD_OPCODE,N/A,CRASH_ValueError,False
fibonacci.ml,724,operand_corruption,REJECTED,BAD_OPCODE,N/A,CRASH_ValueError,False
fibonacci.ml,725,bit_flip,ACCEPTED,,CLEAN,N/A,False
fibonacci.ml,726,operand_corruption,REJECTED,BAD_OPCODE,N/A,CRASH_IndexError,False
fibonacci.ml,727,metadata_max_stack,ACCEPTED,,CLEAN,N/A,False
fibonacci.ml,728,opcode_swap,REJECTED,BAD_JUMP,N/A,COMPLETED,False
fibonacci.ml,729,opcode_swap,REJECTED,TRUNCATED,N/A,CRASH_error,False
fibonacci.ml,730,truncation,REJECTED,FALLTHROUGH,N/A,CRASH_IndexError,False
fibonacci.ml,731,truncation,REJECTED,TRUNCATED,N/A,CRASH_error,False
fibonacci.ml,732,bit_flip,REJECTED,BAD_OPCODE,N/A,CRASH_ValueError,False
fibonacci.ml,733,byte_replace,REJECTED,LOCAL_RANGE,N/A,CRASH_IndexError,False
fibonacci.ml,734,deletion,REJECTED,TRUNCATED,N/A,CRASH_error,False
fibonacci.ml,735,byte_replace,REJECTED,BAD_JUMP,N/A,CRASH_IndexError,False
fibonacci.ml,736,metadata_max_stack,REJECTED,STACK_OVERFLOW,N/A,COMPLETED,False
fibonacci.ml,737,operand_corruption,REJECTED,BAD_OPCODE,N/A,CRASH_ValueError,False
fibonacci.ml,738,bit_flip,REJECTED,LOCAL_RANGE,N/A,CRASH_IndexError,False
fibonacci.ml,739,deletion,REJECTED,BAD_OPCODE,N/A,CRASH_ValueError,False
fibonacci.ml,740,operand_corruption,ACCEPTED,,CLEAN,N/A,False
fibonacci.ml,741,truncation,REJECTED,TRUNCATED,N/A,CRASH_error,False
fibonacci.ml,742,bit_flip,REJECTED,LOCAL_RANGE,N/A,CRASH_IndexError,False
fibonacci.ml,743,bit_flip,ACCEPTED,,STEP_LIMIT,N/A,False
fibonacci.ml,744,metadata_max_stack,ACCEPTED,,CLEAN,N/A,False
fibonacci.ml,745,byte_replace,ACCEPTED,,STEP_LIMIT,N/A,False
fibonacci.ml,746,truncation,REJECTED,TRUNCATED,N/A,CRASH_error,False
fibonacci.ml,747,truncation,REJECTED,TRUNCATED,N/A,CRASH_error,False
fibonacci.ml,748,byte_replace,ACCEPTED,,CLEAN,N/A,False
fibonacci.ml,749,opcode_swap,REJECTED,BAD_OPCODE,N/A,CRASH_IndexError,False
fibonacci.ml,750,operand_corruption,REJECTED,BAD_OPCODE,N/A,COMPLETED,False
fibonacci.ml,751,metadata_max_stack,REJECTED,STACK_OVERFLOW,N/A,COMPLETED,False
fibonacci.ml,752,operand_corruption,ACCEPTED,,CLEAN,N/A,False
fibonacci.ml,753,operand_corruption,ACCEPTED,,CLEAN,N/A,False
fibonacci.ml,754,deletion,REJECTED,BAD_JUMP,N/A,CRASH_IndexError,False
fibonacci.ml,755,byte_replace,ACCEPTED,,CLEAN,N/A,False
fibonacci.ml,756,bit_flip,ACCEPTED,,STEP_LIMIT,N/A,False
fibonacci.ml,757,insertion,REJECTED,BAD_OPCODE,N/A,CRASH_IndexError,False
fibonacci.ml,758,opcode_swap,REJECTED,BAD_OPCODE,N/A,CRASH_IndexError,False
fibonacci.ml,759,bit_flip,REJECTED,LOCAL_RANGE,N/A,CRASH_IndexError,False
fibonacci.ml,760,metadata_entry_func,REJECTED,BAD_CALL,N/A,CRASH_TypeError,False
fibonacci.ml,761,insertion,REJECTED,BAD_OPCODE,N/A,CRASH_IndexError,False
fibonacci.ml,762,bit_flip,REJECTED,LOCAL_RANGE,N/A,CRASH_IndexError,False
fibonacci.ml,763,metadata_entry_func,REJECTED,BAD_CALL,N/A,CRASH_TypeError,False
fibonacci.ml,764,metadata_num_locals,REJECTED,LOCAL_RANGE,N/A,COMPLETED,False
fibonacci.ml,765,deletion,REJECTED,BAD_OPCODE,N/A,CRASH_ValueError,False
fibonacci.ml,766,bit_flip,REJECTED,LOCAL_RANGE,N/A,CRASH_IndexError,False
fibonacci.ml,767,opcode_swap,REJECTED,STACK_UNDERFLOW,N/A,CRASH_IndexError,False
fibonacci.ml,768,bit_flip,REJECTED,LOCAL_RANGE,N/A,CRASH_IndexError,False
fibonacci.ml,769,truncation,REJECTED,FALLTHROUGH,N/A,CRASH_IndexError,False
fibonacci.ml,770,truncation,REJECTED,TRUNCATED,N/A,CRASH_error,False
fibonacci.ml,771,metadata_entry_func,ACCEPTED,,CLEAN,N/A,False
fibonacci.ml,772,byte_replace,ACCEPTED,,STEP_LIMIT,N/A,False
fibonacci.ml,773,byte_replace,REJECTED,LOCAL_RANGE,N/A,CRASH_IndexError,False
fibonacci.ml,774,metadata_max_stack,REJECTED,STACK_OVERFLOW,N/A,COMPLETED,False
fibonacci.ml,775,metadata_num_locals,REJECTED,LOCAL_RANGE,N/A,COMPLETED,False
fibonacci.ml,776,deletion,REJECTED,BAD_JUMP,N/A,CRASH_IndexError,False
fibonacci.ml,777,metadata_entry_func,REJECTED,BAD_CALL,N/A,CRASH_TypeError,False
fibonacci.ml,778,deletion,REJECTED,BAD_JUMP,N/A,CRASH_error,False
fibonacci.ml,779,truncation,REJECTED,TRUNCATED,N/A,CRASH_error,False
fibonacci.ml,780,deletion,REJECTED,BAD_OPCODE,N/A,CRASH_ValueError,False
fibonacci.ml,781,bit_flip,ACCEPTED,,CLEAN,N/A,False
fibonacci.ml,782,deletion,REJECTED,BAD_OPCODE,N/A,CRASH_IndexError,False
fibonacci.ml,783,bit_flip,REJECTED,LOCAL_RANGE,N/A,CRASH_IndexError,False
fibonacci.ml,784,truncation,REJECTED,TRUNCATED,N/A,CRASH_error,False
fibonacci.ml,785,deletion,REJECTED,BAD_JUMP,N/A,CRASH_error,False
fibonacci.ml,786,operand_corruption,ACCEPTED,,CLEAN,N/A,False
fibonacci.ml,787,opcode_swap,REJECTED,BAD_OPCODE,N/A,CRASH_ValueError,False
fibonacci.ml,788,operand_corruption,ACCEPTED,,STEP_LIMIT,N/A,False
fibonacci.ml,789,operand_corruption,ACCEPTED,,STEP_LIMIT,N/A,False
fibonacci.ml,790,operand_corruption,REJECTED,BAD_OPCODE,N/A,COMPLETED,False
fibonacci.ml,791,insertion,REJECTED,BAD_JUMP,N/A,CRASH_TypeError,False
fibonacci.ml,792,metadata_max_stack,ACCEPTED,,CLEAN,N/A,False
fibonacci.ml,793,metadata_max_stack,REJECTED,STACK_OVERFLOW,N/A,COMPLETED,False
fibonacci.ml,794,deletion,REJECTED,BAD_OPCODE,N/A,CRASH_IndexError,False
fibonacci.ml,795,bit_flip,REJECTED,BAD_OPCODE,N/A,CRASH_IndexError,False
fibonacci.ml,796,metadata_entry_func,REJECTED,BAD_CALL,N/A,CRASH_IndexError,False
fibonacci.ml,797,deletion,REJECTED,BAD_OPCODE,N/A,CRASH_ValueError,False
fibonacci.ml,798,truncation,REJECTED,BAD_JUMP,N/A,CRASH_IndexError,False
fibonacci.ml,799,metadata_max_stack,REJECTED,STACK_OVERFLOW,N/A,COMPLETED,False
fibonacci.ml,800,insertion,REJECTED,BAD_OPCODE,N/A,CRASH_ValueError,False
fibonacci.ml,801,byte_replace,REJECTED,BAD_OPCODE,N/A,CRASH_ValueError,False
fibonacci.ml,802,metadata_max_stack,ACCEPTED,,CLEAN,N/A,False
fibonacci.ml,803,truncation,REJECTED,FALLTHROUGH,N/A,CRASH_IndexError,False
fibonacci.ml,804,insertion,REJECTED,BAD_OPCODE,N/A,CRASH_IndexError,False
fibonacci.ml,805,truncation,REJECTED,TRUNCATED,N/A,CRASH_error,False
fibonacci.ml,806,byte_replace,ACCEPTED,,CLEAN,N/A,False
fibonacci.ml,807,deletion,REJECTED,BAD_OPCODE,N/A,CRASH_IndexError,False
fibonacci.ml,808,insertion,REJECTED,BAD_OPCODE,N/A,CRASH_IndexError,False
fibonacci.ml,809,bit_flip,ACCEPTED,,VM_TRAP,N/A,False
fibonacci.ml,810,operand_corruption,REJECTED,BAD_OPCODE,N/A,CRASH_ValueError,False
fibonacci.ml,811,operand_corruption,REJECTED,BAD_OPCODE,N/A,CRASH_IndexError,False
fibonacci.ml,812,bit_flip,ACCEPTED,,CLEAN,N/A,False
fibonacci.ml,813,opcode_swap,REJECTED,BAD_OPCODE,N/A,CRASH_IndexError,False
fibonacci.ml,814,deletion,REJECTED,STACK_OVERFLOW,N/A,STEP_LIMIT,False
fibonacci.ml,815,byte_replace,ACCEPTED,,STEP_LIMIT,N/A,False
fibonacci.ml,816,insertion,REJECTED,BAD_OPCODE,N/A,CRASH_IndexError,False
fibonacci.ml,817,deletion,REJECTED,FALLTHROUGH,N/A,CRASH_IndexError,False
fibonacci.ml,818,opcode_swap,REJECTED,BAD_OPCODE,N/A,CRASH_IndexError,False
fibonacci.ml,819,truncation,REJECTED,TRUNCATED,N/A,CRASH_error,False
fibonacci.ml,820,operand_corruption,ACCEPTED,,CLEAN,N/A,False
fibonacci.ml,821,truncation,REJECTED,TRUNCATED,N/A,CRASH_error,False
fibonacci.ml,822,deletion,REJECTED,BAD_OPCODE,N/A,CRASH_ValueError,False
fibonacci.ml,823,opcode_swap,REJECTED,STACK_UNDERFLOW,N/A,CRASH_IndexError,False
fibonacci.ml,824,opcode_swap,REJECTED,STACK_OVERFLOW,N/A,COMPLETED,False
fibonacci.ml,825,metadata_num_locals,REJECTED,LOCAL_RANGE,N/A,COMPLETED,False
fibonacci.ml,826,opcode_swap,REJECTED,BAD_OPCODE,N/A,CRASH_IndexError,False
fibonacci.ml,827,deletion,REJECTED,LOCAL_UNSET,N/A,CRASH_TypeError,False
fibonacci.ml,828,insertion,REJECTED,BAD_OPCODE,N/A,CRASH_IndexError,False
fibonacci.ml,829,insertion,REJECTED,BAD_OPCODE,N/A,CRASH_ValueError,False
fibonacci.ml,830,opcode_swap,REJECTED,BAD_OPCODE,N/A,CRASH_IndexError,False
fibonacci.ml,831,opcode_swap,REJECTED,STACK_UNDERFLOW,N/A,CRASH_IndexError,False
fibonacci.ml,832,operand_corruption,ACCEPTED,,CLEAN,N/A,False
fibonacci.ml,833,deletion,ACCEPTED,,CLEAN,N/A,False
fibonacci.ml,834,opcode_swap,REJECTED,BAD_OPCODE,N/A,CRASH_ValueError,False
fibonacci.ml,835,insertion,REJECTED,BAD_OPCODE,N/A,CRASH_ValueError,False
fibonacci.ml,836,metadata_entry_func,REJECTED,BAD_CALL,N/A,CRASH_IndexError,False
fibonacci.ml,837,metadata_entry_func,REJECTED,BAD_CALL,N/A,CRASH_TypeError,False
fibonacci.ml,838,bit_flip,ACCEPTED,,CLEAN,N/A,False
fibonacci.ml,839,bit_flip,ACCEPTED,,CLEAN,N/A,False
fibonacci.ml,840,bit_flip,ACCEPTED,,CLEAN,N/A,False
fibonacci.ml,841,metadata_entry_func,ACCEPTED,,CLEAN,N/A,False
fibonacci.ml,842,insertion,REJECTED,BAD_OPCODE,N/A,CRASH_ValueError,False
fibonacci.ml,843,metadata_num_locals,REJECTED,LOCAL_RANGE,N/A,COMPLETED,False
fibonacci.ml,844,bit_flip,ACCEPTED,,CLEAN,N/A,False
fibonacci.ml,845,operand_corruption,REJECTED,BAD_OPCODE,N/A,CRASH_IndexError,False
fibonacci.ml,846,bit_flip,REJECTED,BAD_OPCODE,N/A,CRASH_IndexError,False
fibonacci.ml,847,truncation,REJECTED,TRUNCATED,N/A,CRASH_error,False
fibonacci.ml,848,byte_replace,ACCEPTED,,CLEAN,N/A,False
fibonacci.ml,849,metadata_max_stack,ACCEPTED,,CLEAN,N/A,False
fibonacci.ml,850,bit_flip,REJECTED,BAD_OPCODE,N/A,CRASH_ValueError,False
fibonacci.ml,851,bit_flip,REJECTED,LOCAL_RANGE,N/A,CRASH_IndexError,False
fibonacci.ml,852,operand_corruption,REJECTED,BAD_OPCODE,N/A,COMPLETED,False
fibonacci.ml,853,operand_corruption,REJECTED,BAD_OPCODE,N/A,CRASH_ValueError,False
fibonacci.ml,854,opcode_swap,REJECTED,STACK_UNDERFLOW,N/A,CRASH_IndexError,False
fibonacci.ml,855,bit_flip,ACCEPTED,,CLEAN,N/A,False
fibonacci.ml,856,deletion,REJECTED,STACK_OVERFLOW,N/A,COMPLETED,False
fibonacci.ml,857,byte_replace,REJECTED,BAD_OPCODE,N/A,CRASH_IndexError,False
fibonacci.ml,858,insertion,REJECTED,BAD_OPCODE,N/A,CRASH_ValueError,False
fibonacci.ml,859,operand_corruption,ACCEPTED,,CLEAN,N/A,False
fibonacci.ml,860,truncation,REJECTED,TRUNCATED,N/A,CRASH_error,False
fibonacci.ml,861,metadata_max_stack,REJECTED,STACK_OVERFLOW,N/A,COMPLETED,False
fibonacci.ml,862,operand_corruption,REJECTED,BAD_OPCODE,N/A,COMPLETED,False
fibonacci.ml,863,bit_flip,REJECTED,BAD_OPCODE,N/A,CRASH_ValueError,False
fibonacci.ml,864,metadata_max_stack,REJECTED,STACK_OVERFLOW,N/A,COMPLETED,False
fibonacci.ml,865,deletion,REJECTED,TRUNCATED,N/A,CRASH_error,False
fibonacci.ml,866,byte_replace,REJECTED,LOCAL_RANGE,N/A,CRASH_IndexError,False
fibonacci.ml,867,deletion,REJECTED,BAD_OPCODE,N/A,CRASH_ValueError,False
fibonacci.ml,868,byte_replace,REJECTED,BAD_OPCODE,N/A,CRASH_ValueError,False
fibonacci.ml,869,metadata_entry_func,REJECTED,BAD_CALL,N/A,CRASH_TypeError,False
fibonacci.ml,870,deletion,REJECTED,FALLTHROUGH,N/A,CRASH_IndexError,False
fibonacci.ml,871,byte_replace,REJECTED,BAD_JUMP,N/A,CRASH_IndexError,False
fibonacci.ml,872,deletion,REJECTED,BAD_OPCODE,N/A,CRASH_IndexError,False
fibonacci.ml,873,bit_flip,REJECTED,BAD_CALL,N/A,CRASH_IndexError,False
fibonacci.ml,874,operand_corruption,REJECTED,BAD_OPCODE,N/A,CRASH_ValueError,False
fibonacci.ml,875,bit_flip,ACCEPTED,,CLEAN,N/A,False
fibonacci.ml,876,byte_replace,REJECTED,LOCAL_RANGE,N/A,CRASH_IndexError,False
fibonacci.ml,877,truncation,REJECTED,TRUNCATED,N/A,CRASH_error,False
fibonacci.ml,878,truncation,REJECTED,TRUNCATED,N/A,CRASH_error,False
fibonacci.ml,879,bit_flip,REJECTED,LOCAL_RANGE,N/A,CRASH_IndexError,False
fibonacci.ml,880,metadata_num_locals,REJECTED,LOCAL_RANGE,N/A,COMPLETED,False
fibonacci.ml,881,truncation,REJECTED,TRUNCATED,N/A,CRASH_error,False
fibonacci.ml,882,insertion,REJECTED,BAD_OPCODE,N/A,CRASH_IndexError,False
fibonacci.ml,883,metadata_num_locals,REJECTED,LOCAL_RANGE,N/A,CRASH_IndexError,False
fibonacci.ml,884,metadata_entry_func,REJECTED,BAD_CALL,N/A,CRASH_TypeError,False
fibonacci.ml,885,bit_flip,REJECTED,BAD_OPCODE,N/A,CRASH_ValueError,False
fibonacci.ml,886,byte_replace,ACCEPTED,,CLEAN,N/A,False
fibonacci.ml,887,truncation,REJECTED,TRUNCATED,N/A,CRASH_error,False
fibonacci.ml,888,byte_replace,ACCEPTED,,STEP_LIMIT,N/A,False
fibonacci.ml,889,insertion,REJECTED,BAD_OPCODE,N/A,CRASH_ValueError,False
fibonacci.ml,890,metadata_entry_func,REJECTED,BAD_CALL,N/A,CRASH_TypeError,False
fibonacci.ml,891,byte_replace,REJECTED,BAD_CALL,N/A,CRASH_IndexError,False
fibonacci.ml,892,operand_corruption,REJECTED,LOCAL_RANGE,N/A,CRASH_IndexError,False
fibonacci.ml,893,operand_corruption,ACCEPTED,,STEP_LIMIT,N/A,False
fibonacci.ml,894,truncation,REJECTED,BAD_JUMP,N/A,CRASH_IndexError,False
fibonacci.ml,895,insertion,REJECTED,BAD_OPCODE,N/A,CRASH_IndexError,False
fibonacci.ml,896,truncation,REJECTED,FALLTHROUGH,N/A,CRASH_IndexError,False
fibonacci.ml,897,metadata_entry_func,ACCEPTED,,CLEAN,N/A,False
fibonacci.ml,898,byte_replace,REJECTED,LOCAL_RANGE,N/A,CRASH_IndexError,False
fibonacci.ml,899,deletion,REJECTED,BAD_OPCODE,N/A,CRASH_IndexError,False
fibonacci.ml,900,truncation,REJECTED,TRUNCATED,N/A,CRASH_error,False
fibonacci.ml,901,operand_corruption,REJECTED,BAD_CALL,N/A,CRASH_IndexError,False
fibonacci.ml,902,operand_corruption,ACCEPTED,,CLEAN,N/A,False
fibonacci.ml,903,byte_replace,REJECTED,BAD_OPCODE,N/A,CRASH_ValueError,False
fibonacci.ml,904,operand_corruption,REJECTED,BAD_OPCODE,N/A,COMPLETED,False
fibonacci.ml,905,deletion,REJECTED,BAD_OPCODE,N/A,CRASH_ValueError,False
fibonacci.ml,906,insertion,REJECTED,BAD_OPCODE,N/A,CRASH_ValueError,False
fibonacci.ml,907,metadata_entry_func,ACCEPTED,,CLEAN,N/A,False
fibonacci.ml,908,metadata_num_locals,REJECTED,LOCAL_RANGE,N/A,CRASH_IndexError,False
fibonacci.ml,909,opcode_swap,REJECTED,BAD_CALL,N/A,CRASH_IndexError,False
fibonacci.ml,910,opcode_swap,REJECTED,STACK_UNDERFLOW,N/A,CRASH_IndexError,False
fibonacci.ml,911,byte_replace,REJECTED,LOCAL_RANGE,N/A,CRASH_IndexError,False
fibonacci.ml,912,operand_corruption,REJECTED,BAD_OPCODE,N/A,COMPLETED,False
fibonacci.ml,913,truncation,REJECTED,FALLTHROUGH,N/A,CRASH_IndexError,False
fibonacci.ml,914,operand_corruption,REJECTED,BAD_OPCODE,N/A,COMPLETED,False
fibonacci.ml,915,metadata_num_locals,ACCEPTED,,CLEAN,N/A,False
fibonacci.ml,916,deletion,REJECTED,BAD_OPCODE,N/A,STEP_LIMIT,False
fibonacci.ml,917,byte_replace,REJECTED,BAD_OPCODE,N/A,CRASH_ValueError,False
fibonacci.ml,918,bit_flip,REJECTED,LOCAL_RANGE,N/A,CRASH_IndexError,False
fibonacci.ml,919,insertion,REJECTED,BAD_OPCODE,N/A,CRASH_ValueError,False
fibonacci.ml,920,deletion,REJECTED,BAD_OPCODE,N/A,CRASH_ValueError,False
fibonacci.ml,921,bit_flip,REJECTED,LOCAL_RANGE,N/A,CRASH_IndexError,False
fibonacci.ml,922,opcode_swap,ACCEPTED,,CLEAN,N/A,False
fibonacci.ml,923,metadata_num_locals,REJECTED,LOCAL_RANGE,N/A,COMPLETED,False
fibonacci.ml,924,operand_corruption,REJECTED,BAD_OPCODE,N/A,CRASH_IndexError,False
fibonacci.ml,925,metadata_max_stack,ACCEPTED,,CLEAN,N/A,False
fibonacci.ml,926,truncation,REJECTED,TRUNCATED,N/A,CRASH_error,False
fibonacci.ml,927,truncation,REJECTED,FALLTHROUGH,N/A,CRASH_IndexError,False
fibonacci.ml,928,insertion,REJECTED,BAD_OPCODE,N/A,CRASH_IndexError,False
fibonacci.ml,929,metadata_max_stack,REJECTED,STACK_OVERFLOW,N/A,COMPLETED,False
fibonacci.ml,930,deletion,REJECTED,BAD_OPCODE,N/A,CRASH_ValueError,False
fibonacci.ml,931,byte_replace,REJECTED,LOCAL_RANGE,N/A,CRASH_IndexError,False
fibonacci.ml,932,operand_corruption,ACCEPTED,,CLEAN,N/A,False
fibonacci.ml,933,metadata_entry_func,REJECTED,BAD_CALL,N/A,CRASH_TypeError,False
fibonacci.ml,934,truncation,REJECTED,TRUNCATED,N/A,CRASH_error,False
fibonacci.ml,935,metadata_num_locals,ACCEPTED,,CLEAN,N/A,False
fibonacci.ml,936,insertion,REJECTED,BAD_OPCODE,N/A,CRASH_ValueError,False
fibonacci.ml,937,opcode_swap,REJECTED,BAD_OPCODE,N/A,CRASH_ValueError,False
fibonacci.ml,938,truncation,REJECTED,FALLTHROUGH,N/A,CRASH_IndexError,False
fibonacci.ml,939,operand_corruption,REJECTED,BAD_OPCODE,N/A,CRASH_ValueError,False
fibonacci.ml,940,truncation,REJECTED,FALLTHROUGH,N/A,CRASH_IndexError,False
fibonacci.ml,941,metadata_entry_func,ACCEPTED,,CLEAN,N/A,False
fibonacci.ml,942,bit_flip,ACCEPTED,,CLEAN,N/A,False
fibonacci.ml,943,operand_corruption,REJECTED,BAD_OPCODE,N/A,CRASH_ValueError,False
fibonacci.ml,944,byte_replace,REJECTED,BAD_OPCODE,N/A,CRASH_ValueError,False
fibonacci.ml,945,opcode_swap,REJECTED,BAD_OPCODE,N/A,COMPLETED,False
fibonacci.ml,946,deletion,REJECTED,FALLTHROUGH,N/A,CRASH_IndexError,False
fibonacci.ml,947,truncation,REJECTED,TRUNCATED,N/A,CRASH_error,False
fibonacci.ml,948,metadata_num_locals,REJECTED,LOCAL_RANGE,N/A,COMPLETED,False
fibonacci.ml,949,byte_replace,ACCEPTED,,CLEAN,N/A,False
fibonacci.ml,950,metadata_max_stack,REJECTED,STACK_OVERFLOW,N/A,COMPLETED,False
fibonacci.ml,951,byte_replace,REJECTED,BAD_CALL,N/A,CRASH_IndexError,False
fibonacci.ml,952,deletion,REJECTED,BAD_OPCODE,N/A,CRASH_ValueError,False
fibonacci.ml,953,operand_corruption,REJECTED,BAD_OPCODE,N/A,CRASH_ValueError,False
fibonacci.ml,954,byte_replace,REJECTED,BAD_OPCODE,N/A,CRASH_IndexError,False
fibonacci.ml,955,bit_flip,ACCEPTED,,CLEAN,N/A,False
fibonacci.ml,956,byte_replace,ACCEPTED,,CLEAN,N/A,False
fibonacci.ml,957,operand_corruption,REJECTED,BAD_OPCODE,N/A,CRASH_ValueError,False
fibonacci.ml,958,opcode_swap,REJECTED,BAD_OPCODE,N/A,CRASH_ValueError,False
fibonacci.ml,959,byte_replace,REJECTED,BAD_OPCODE,N/A,CRASH_ValueError,False
fibonacci.ml,960,opcode_swap,REJECTED,BAD_OPCODE,N/A,CRASH_ValueError,False
fibonacci.ml,961,byte_replace,ACCEPTED,,CLEAN,N/A,False
fibonacci.ml,962,byte_replace,ACCEPTED,,STEP_LIMIT,N/A,False
fibonacci.ml,963,truncation,REJECTED,TRUNCATED,N/A,CRASH_error,False
fibonacci.ml,964,metadata_max_stack,ACCEPTED,,CLEAN,N/A,False
fibonacci.ml,965,metadata_num_locals,REJECTED,LOCAL_RANGE,N/A,COMPLETED,False
fibonacci.ml,966,metadata_num_locals,REJECTED,LOCAL_RANGE,N/A,COMPLETED,False
fibonacci.ml,967,bit_flip,ACCEPTED,,CLEAN,N/A,False
fibonacci.ml,968,bit_flip,REJECTED,BAD_OPCODE,N/A,CRASH_ValueError,False
fibonacci.ml,969,opcode_swap,REJECTED,TRUNCATED,N/A,CRASH_error,False
fibonacci.ml,970,deletion,REJECTED,BAD_JUMP,N/A,CRASH_IndexError,False
fibonacci.ml,971,bit_flip,REJECTED,BAD_OPCODE,N/A,CRASH_ValueError,False
fibonacci.ml,972,metadata_num_locals,REJECTED,LOCAL_RANGE,N/A,COMPLETED,False
fibonacci.ml,973,deletion,REJECTED,BAD_OPCODE,N/A,CRASH_ValueError,False
fibonacci.ml,974,opcode_swap,REJECTED,BAD_OPCODE,N/A,CRASH_IndexError,False
fibonacci.ml,975,deletion,REJECTED,STACK_OVERFLOW,N/A,COMPLETED,False
fibonacci.ml,976,insertion,REJECTED,BAD_OPCODE,N/A,CRASH_ValueError,False
fibonacci.ml,977,bit_flip,REJECTED,LOCAL_UNSET,N/A,CRASH_TypeError,False
fibonacci.ml,978,opcode_swap,REJECTED,STACK_UNDERFLOW,N/A,CRASH_IndexError,False
fibonacci.ml,979,operand_corruption,REJECTED,BAD_OPCODE,N/A,CRASH_ValueError,False
fibonacci.ml,980,insertion,REJECTED,STACK_UNDERFLOW,N/A,CRASH_IndexError,False
fibonacci.ml,981,byte_replace,ACCEPTED,,STEP_LIMIT,N/A,False
fibonacci.ml,982,opcode_swap,REJECTED,BAD_OPCODE,N/A,CRASH_IndexError,False
fibonacci.ml,983,byte_replace,ACCEPTED,,CLEAN,N/A,False
fibonacci.ml,984,deletion,REJECTED,BAD_OPCODE,N/A,CRASH_ValueError,False
fibonacci.ml,985,metadata_entry_func,REJECTED,BAD_CALL,N/A,CRASH_IndexError,False
fibonacci.ml,986,truncation,REJECTED,TRUNCATED,N/A,CRASH_error,False
fibonacci.ml,987,byte_replace,REJECTED,BAD_OPCODE,N/A,CRASH_ValueError,False
fibonacci.ml,988,opcode_swap,REJECTED,BAD_OPCODE,N/A,COMPLETED,False
fibonacci.ml,989,insertion,REJECTED,BAD_OPCODE,N/A,CRASH_ValueError,False
fibonacci.ml,990,metadata_max_stack,REJECTED,STACK_OVERFLOW,N/A,COMPLETED,False
fibonacci.ml,991,truncation,REJECTED,BAD_JUMP,N/A,CRASH_IndexError,False
fibonacci.ml,992,deletion,REJECTED,BAD_OPCODE,N/A,CRASH_IndexError,False
fibonacci.ml,993,bit_flip,REJECTED,LOCAL_RANGE,N/A,CRASH_IndexError,False
fibonacci.ml,994,operand_corruption,ACCEPTED,,CLEAN,N/A,False
fibonacci.ml,995,bit_flip,REJECTED,LOCAL_RANGE,N/A,CRASH_IndexError,False
fibonacci.ml,996,opcode_swap,REJECTED,STACK_TYPE,N/A,COMPLETED,False
fibonacci.ml,997,deletion,REJECTED,BAD_OPCODE,N/A,CRASH_ValueError,False
fibonacci.ml,998,byte_replace,REJECTED,BAD_OPCODE,N/A,CRASH_ValueError,False
fibonacci.ml,999,metadata_entry_func,REJECTED,BAD_CALL,N/A,CRASH_IndexError,False
fibonacci.ml,1000,deletion,REJECTED,TRUNCATED,N/A,CRASH_error,False
gcd.ml,1,bit_flip,REJECTED,BAD_JUMP,N/A,CRASH_ValueError,False
gcd.ml,2,byte_replace,REJECTED,LOCAL_RANGE,N/A,CRASH_IndexError,False
gcd.ml,3,operand_corruption,REJECTED,BAD_OPCODE,N/A,COMPLETED,False
gcd.ml,4,bit_flip,REJECTED,BAD_OPCODE,N/A,CRASH_ValueError,False
gcd.ml,5,metadata_num_locals,REJECTED,LOCAL_RANGE,N/A,COMPLETED,False
gcd.ml,6,deletion,REJECTED,BAD_JUMP,N/A,STEP_LIMIT,False
gcd.ml,7,truncation,REJECTED,TRUNCATED,N/A,CRASH_error,False
gcd.ml,8,bit_flip,REJECTED,LOCAL_RANGE,N/A,CRASH_IndexError,False
gcd.ml,9,bit_flip,REJECTED,BAD_OPCODE,N/A,CRASH_IndexError,False
gcd.ml,10,metadata_max_stack,REJECTED,STACK_OVERFLOW,N/A,COMPLETED,False
gcd.ml,11,operand_corruption,ACCEPTED,,CLEAN,N/A,False
gcd.ml,12,metadata_entry_func,ACCEPTED,,CLEAN,N/A,False
gcd.ml,13,operand_corruption,REJECTED,BAD_OPCODE,N/A,CRASH_ValueError,False
gcd.ml,14,bit_flip,REJECTED,LOCAL_RANGE,N/A,CRASH_IndexError,False
gcd.ml,15,insertion,REJECTED,BAD_OPCODE,N/A,CRASH_ValueError,False
gcd.ml,16,bit_flip,REJECTED,LOCAL_RANGE,N/A,CRASH_IndexError,False
gcd.ml,17,bit_flip,ACCEPTED,,CLEAN,N/A,False
gcd.ml,18,insertion,REJECTED,BAD_OPCODE,N/A,COMPLETED,False
gcd.ml,19,deletion,REJECTED,FALLTHROUGH,N/A,CRASH_IndexError,False
gcd.ml,20,metadata_entry_func,ACCEPTED,,CLEAN,N/A,False
gcd.ml,21,byte_replace,ACCEPTED,,CLEAN,N/A,False
gcd.ml,22,metadata_entry_func,ACCEPTED,,CLEAN,N/A,False
gcd.ml,23,truncation,REJECTED,TRUNCATED,N/A,CRASH_error,False
gcd.ml,24,bit_flip,ACCEPTED,,CLEAN,N/A,False
gcd.ml,25,operand_corruption,REJECTED,BAD_OPCODE,N/A,COMPLETED,False
gcd.ml,26,metadata_max_stack,ACCEPTED,,CLEAN,N/A,False
gcd.ml,27,opcode_swap,REJECTED,BAD_OPCODE,N/A,CRASH_IndexError,False
gcd.ml,28,metadata_max_stack,ACCEPTED,,CLEAN,N/A,False
gcd.ml,29,metadata_entry_func,REJECTED,BAD_CALL,N/A,CRASH_TypeError,False
gcd.ml,30,truncation,REJECTED,TRUNCATED,N/A,CRASH_error,False
gcd.ml,31,insertion,REJECTED,BAD_OPCODE,N/A,COMPLETED,False
gcd.ml,32,truncation,REJECTED,TRUNCATED,N/A,CRASH_error,False
gcd.ml,33,metadata_entry_func,ACCEPTED,,CLEAN,N/A,False
gcd.ml,34,bit_flip,REJECTED,BAD_OPCODE,N/A,CRASH_ValueError,False
gcd.ml,35,operand_corruption,REJECTED,BAD_JUMP,N/A,CRASH_ValueError,False
gcd.ml,36,deletion,REJECTED,BAD_OPCODE,N/A,CRASH_ValueError,False
gcd.ml,37,truncation,REJECTED,TRUNCATED,N/A,CRASH_error,False
gcd.ml,38,byte_replace,REJECTED,LOCAL_RANGE,N/A,CRASH_IndexError,False
gcd.ml,39,opcode_swap,REJECTED,BAD_OPCODE,N/A,CRASH_IndexError,False
gcd.ml,40,insertion,REJECTED,BAD_OPCODE,N/A,CRASH_ValueError,False
gcd.ml,41,byte_replace,ACCEPTED,,CLEAN,N/A,False
gcd.ml,42,operand_corruption,REJECTED,BAD_OPCODE,N/A,CRASH_ValueError,False
gcd.ml,43,byte_replace,REJECTED,LOCAL_RANGE,N/A,CRASH_IndexError,False
gcd.ml,44,deletion,REJECTED,BAD_OPCODE,N/A,CRASH_ValueError,False
gcd.ml,45,operand_corruption,REJECTED,BAD_OPCODE,N/A,CRASH_IndexError,False
gcd.ml,46,bit_flip,REJECTED,BAD_OPCODE,N/A,CRASH_ValueError,False
gcd.ml,47,insertion,REJECTED,BAD_OPCODE,N/A,CRASH_ValueError,False
gcd.ml,48,opcode_swap,REJECTED,BAD_OPCODE,N/A,CRASH_ValueError,False
gcd.ml,49,insertion,REJECTED,BAD_OPCODE,N/A,CRASH_IndexError,False
gcd.ml,50,deletion,REJECTED,BAD_OPCODE,N/A,CRASH_ValueError,False
gcd.ml,51,opcode_swap,ACCEPTED,,STEP_LIMIT,N/A,False
gcd.ml,52,byte_replace,REJECTED,BAD_OPCODE,N/A,CRASH_ValueError,False
gcd.ml,53,byte_replace,REJECTED,LOCAL_RANGE,N/A,CRASH_IndexError,False
gcd.ml,54,byte_replace,ACCEPTED,,STEP_LIMIT,N/A,False
gcd.ml,55,byte_replace,REJECTED,BAD_CALL,N/A,CRASH_IndexError,False
gcd.ml,56,truncation,REJECTED,BAD_JUMP,N/A,CRASH_IndexError,False
gcd.ml,57,insertion,REJECTED,BAD_OPCODE,N/A,CRASH_IndexError,False
gcd.ml,58,bit_flip,REJECTED,BAD_OPCODE,N/A,CRASH_ValueError,False
gcd.ml,59,insertion,REJECTED,BAD_OPCODE,N/A,CRASH_IndexError,False
gcd.ml,60,bit_flip,ACCEPTED,,CLEAN,N/A,False
gcd.ml,61,deletion,REJECTED,FALLTHROUGH,N/A,CRASH_IndexError,False
gcd.ml,62,insertion,REJECTED,BAD_OPCODE,N/A,CRASH_ValueError,False
gcd.ml,63,deletion,REJECTED,BAD_OPCODE,N/A,CRASH_ValueError,False
gcd.ml,64,deletion,REJECTED,LOCAL_RANGE,N/A,CRASH_IndexError,False
gcd.ml,65,operand_corruption,REJECTED,BAD_OPCODE,N/A,CRASH_ValueError,False
gcd.ml,66,metadata_max_stack,REJECTED,STACK_OVERFLOW,N/A,COMPLETED,False
gcd.ml,67,bit_flip,REJECTED,LOCAL_RANGE,N/A,CRASH_IndexError,False
gcd.ml,68,deletion,REJECTED,BAD_OPCODE,N/A,CRASH_IndexError,False
gcd.ml,69,operand_corruption,REJECTED,LOCAL_RANGE,N/A,CRASH_IndexError,False
gcd.ml,70,bit_flip,ACCEPTED,,CLEAN,N/A,False
gcd.ml,71,metadata_entry_func,REJECTED,BAD_CALL,N/A,CRASH_IndexError,False
gcd.ml,72,bit_flip,REJECTED,BAD_CALL,N/A,CRASH_IndexError,False
gcd.ml,73,bit_flip,ACCEPTED,,VM_TRAP,N/A,False
gcd.ml,74,byte_replace,ACCEPTED,,CLEAN,N/A,False
gcd.ml,75,opcode_swap,REJECTED,BAD_OPCODE,N/A,CRASH_IndexError,False
gcd.ml,76,opcode_swap,REJECTED,BAD_OPCODE,N/A,CRASH_ValueError,False
gcd.ml,77,operand_corruption,ACCEPTED,,CLEAN,N/A,False
gcd.ml,78,opcode_swap,REJECTED,BAD_OPCODE,N/A,CRASH_IndexError,False
gcd.ml,79,bit_flip,REJECTED,BAD_OPCODE,N/A,CRASH_ValueError,False
gcd.ml,80,operand_corruption,REJECTED,BAD_OPCODE,N/A,CRASH_ValueError,False
gcd.ml,81,opcode_swap,REJECTED,STACK_UNDERFLOW,N/A,CRASH_IndexError,False
gcd.ml,82,insertion,REJECTED,BAD_OPCODE,N/A,COMPLETED,False
gcd.ml,83,insertion,REJECTED,BAD_OPCODE,N/A,CRASH_IndexError,False
gcd.ml,84,operand_corruption,REJECTED,BAD_OPCODE,N/A,COMPLETED,False
gcd.ml,85,insertion,REJECTED,BAD_OPCODE,N/A,CRASH_ValueError,False
gcd.ml,86,deletion,REJECTED,BAD_JUMP,N/A,CRASH_ValueError,False
gcd.ml,87,metadata_entry_func,ACCEPTED,,CLEAN,N/A,False
gcd.ml,88,truncation,REJECTED,BAD_JUMP,N/A,CRASH_IndexError,False
gcd.ml,89,byte_replace,ACCEPTED,,VM_TRAP,N/A,False
gcd.ml,90,insertion,REJECTED,BAD_OPCODE,N/A,CRASH_IndexError,False
gcd.ml,91,bit_flip,REJECTED,LOCAL_RANGE,N/A,CRASH_IndexError,False
gcd.ml,92,operand_corruption,ACCEPTED,,CLEAN,N/A,False
gcd.ml,93,opcode_swap,REJECTED,BAD_OPCODE,N/A,CRASH_IndexError,False
gcd.ml,94,insertion,REJECTED,BAD_OPCODE,N/A,CRASH_ValueError,False
gcd.ml,95,bit_flip,ACCEPTED,,CLEAN,N/A,False
gcd.ml,96,deletion,REJECTED,BAD_OPCODE,N/A,CRASH_ValueError,False
gcd.ml,97,deletion,REJECTED,BAD_OPCODE,N/A,CRASH_IndexError,False
gcd.ml,98,operand_corruption,REJECTED,BAD_OPCODE,N/A,CRASH_IndexError,False
gcd.ml,99,opcode_swap,REJECTED,STACK_TYPE,N/A,CRASH_TypeError,False
gcd.ml,100,metadata_entry_func,ACCEPTED,,CLEAN,N/A,False
gcd.ml,101,bit_flip,REJECTED,LOCAL_RANGE,N/A,CRASH_IndexError,False
gcd.ml,102,byte_replace,ACCEPTED,,CLEAN,N/A,False
gcd.ml,103,byte_replace,ACCEPTED,,CLEAN,N/A,False
gcd.ml,104,byte_replace,REJECTED,LOCAL_RANGE,N/A,CRASH_IndexError,False
gcd.ml,105,truncation,REJECTED,TRUNCATED,N/A,CRASH_error,False
gcd.ml,106,bit_flip,REJECTED,BAD_CALL,N/A,CRASH_IndexError,False
gcd.ml,107,truncation,REJECTED,TRUNCATED,N/A,CRASH_error,False
gcd.ml,108,truncation,REJECTED,BAD_JUMP,N/A,CRASH_IndexError,False
gcd.ml,109,deletion,REJECTED,BAD_JUMP,N/A,CRASH_TypeError,False
gcd.ml,110,metadata_entry_func,REJECTED,BAD_CALL,N/A,CRASH_TypeError,False
gcd.ml,111,opcode_swap,REJECTED,BAD_OPCODE,N/A,CRASH_IndexError,False
gcd.ml,112,opcode_swap,REJECTED,TRUNCATED,N/A,CRASH_error,False
gcd.ml,113,byte_replace,REJECTED,LOCAL_RANGE,N/A,CRASH_IndexError,False
gcd.ml,114,operand_corruption,ACCEPTED,,CLEAN,N/A,False
gcd.ml,115,byte_replace,REJECTED,BAD_OPCODE,N/A,CRASH_ValueError,False
gcd.ml,116,metadata_max_stack,REJECTED,STACK_OVERFLOW,N/A,COMPLETED,False
gcd.ml,117,opcode_swap,REJECTED,BAD_OPCODE,N/A,CRASH_IndexError,False
gcd.ml,118,truncation,REJECTED,FALLTHROUGH,N/A,CRASH_IndexError,False
gcd.ml,119,operand_corruption,ACCEPTED,,CLEAN,N/A,False
gcd.ml,120,insertion,REJECTED,BAD_OPCODE,N/A,CRASH_IndexError,False
gcd.ml,121,operand_corruption,ACCEPTED,,CLEAN,N/A,False
gcd.ml,122,byte_replace,ACCEPTED,,CLEAN,N/A,False
gcd.ml,123,truncation,REJECTED,FALLTHROUGH,N/A,CRASH_IndexError,False
gcd.ml,124,opcode_swap,REJECTED,BAD_OPCODE,N/A,CRASH_IndexError,False
gcd.ml,125,opcode_swap,REJECTED,BAD_OPCODE,N/A,CRASH_ValueError,False
gcd.ml,126,insertion,REJECTED,BAD_OPCODE,N/A,CRASH_ValueError,False
gcd.ml,127,insertion,REJECTED,BAD_OPCODE,N/A,CRASH_ValueError,False
gcd.ml,128,opcode_swap,REJECTED,BAD_OPCODE,N/A,COMPLETED,False
gcd.ml,129,operand_corruption,ACCEPTED,,CLEAN,N/A,False
gcd.ml,130,truncation,REJECTED,TRUNCATED,N/A,CRASH_error,False
gcd.ml,131,deletion,REJECTED,BAD_OPCODE,N/A,CRASH_ValueError,False
gcd.ml,132,metadata_num_locals,REJECTED,LOCAL_RANGE,N/A,COMPLETED,False
gcd.ml,133,metadata_entry_func,REJECTED,BAD_CALL,N/A,CRASH_TypeError,False
gcd.ml,134,opcode_swap,REJECTED,BAD_OPCODE,N/A,CRASH_IndexError,False
gcd.ml,135,deletion,REJECTED,FALLTHROUGH,N/A,CRASH_IndexError,False
gcd.ml,136,insertion,REJECTED,BAD_OPCODE,N/A,CRASH_ValueError,False
gcd.ml,137,deletion,REJECTED,BAD_OPCODE,N/A,CRASH_ValueError,False
gcd.ml,138,deletion,REJECTED,STACK_OVERFLOW,N/A,COMPLETED,False
gcd.ml,139,metadata_entry_func,REJECTED,BAD_CALL,N/A,CRASH_TypeError,False
gcd.ml,140,opcode_swap,REJECTED,BAD_OPCODE,N/A,CRASH_IndexError,False
gcd.ml,141,opcode_swap,REJECTED,BAD_OPCODE,N/A,CRASH_ValueError,False
gcd.ml,142,opcode_swap,ACCEPTED,,CLEAN,N/A,False
gcd.ml,143,metadata_num_locals,REJECTED,LOCAL_RANGE,N/A,COMPLETED,False
gcd.ml,144,metadata_entry_func,REJECTED,BAD_CALL,N/A,CRASH_IndexError,False
gcd.ml,145,operand_corruption,REJECTED,BAD_OPCODE,N/A,COMPLETED,False
gcd.ml,146,bit_flip,REJECTED,LOCAL_RANGE,N/A,CRASH_IndexError,False
gcd.ml,147,byte_replace,REJECTED,TRUNCATED,N/A,CRASH_error,False
gcd.ml,148,operand_corruption,ACCEPTED,,CLEAN,N/A,False
gcd.ml,149,deletion,REJECTED,BAD_OPCODE,N/A,CRASH_ValueError,False
gcd.ml,150,truncation,REJECTED,FALLTHROUGH,N/A,CRASH_IndexError,False
gcd.ml,151,deletion,REJECTED,STACK_OVERFLOW,N/A,VM_TRAP,False
gcd.ml,152,deletion,REJECTED,STACK_UNDERFLOW,N/A,CRASH_IndexError,False
gcd.ml,153,insertion,REJECTED,BAD_OPCODE,N/A,COMPLETED,False
gcd.ml,154,metadata_num_locals,ACCEPTED,,CLEAN,N/A,False
gcd.ml,155,bit_flip,REJECTED,LOCAL_RANGE,N/A,CRASH_IndexError,False
gcd.ml,156,insertion,REJECTED,BAD_OPCODE,N/A,CRASH_ValueError,False
gcd.ml,157,operand_corruption,ACCEPTED,,CLEAN,N/A,False
gcd.ml,158,truncation,REJECTED,BAD_JUMP,N/A,CRASH_IndexError,False
gcd.ml,159,metadata_entry_func,REJECTED,BAD_CALL,N/A,CRASH_IndexError,False
gcd.ml,160,truncation,REJECTED,FALLTHROUGH,N/A,CRASH_IndexError,False
gcd.ml,161,metadata_num_locals,REJECTED,LOCAL_RANGE,N/A,CRASH_IndexError,False
gcd.ml,162,metadata_max_stack,REJECTED,STACK_OVERFLOW,N/A,COMPLETED,False
gcd.ml,163,metadata_entry_func,REJECTED,BAD_CALL,N/A,CRASH_TypeError,False
gcd.ml,164,operand_corruption,REJECTED,BAD_OPCODE,N/A,COMPLETED,False
gcd.ml,165,bit_flip,REJECTED,LOCAL_RANGE,N/A,CRASH_IndexError,False
gcd.ml,166,operand_corruption,REJECTED,BAD_OPCODE,N/A,COMPLETED,False
gcd.ml,167,truncation,REJECTED,TRUNCATED,N/A,CRASH_error,False
gcd.ml,168,bit_flip,ACCEPTED,,CLEAN,N/A,False
gcd.ml,169,opcode_swap,REJECTED,BAD_OPCODE,N/A,CRASH_IndexError,False
gcd.ml,170,truncation,REJECTED,TRUNCATED,N/A,CRASH_error,False
gcd.ml,171,truncation,REJECTED,TRUNCATED,N/A,CRASH_error,False
gcd.ml,172,operand_corruption,REJECTED,BAD_OPCODE,N/A,CRASH_ValueError,False
gcd.ml,173,truncation,REJECTED,FALLTHROUGH,N/A,CRASH_IndexError,False
gcd.ml,174,insertion,REJECTED,BAD_OPCODE,N/A,CRASH_IndexError,False
gcd.ml,175,insertion,REJECTED,BAD_OPCODE,N/A,CRASH_IndexError,False
gcd.ml,176,insertion,REJECTED,BAD_OPCODE,N/A,CRASH_ValueError,False
gcd.ml,177,metadata_num_locals,ACCEPTED,,CLEAN,N/A,False
gcd.ml,178,operand_corruption,REJECTED,BAD_OPCODE,N/A,CRASH_ValueError,False
gcd.ml,179,byte_replace,REJECTED,LOCAL_RANGE,N/A,CRASH_IndexError,False
gcd.ml,180,bit_flip,ACCEPTED,,CLEAN,N/A,False
gcd.ml,181,opcode_swap,REJECTED,BAD_OPCODE,N/A,CRASH_IndexError,False
gcd.ml,182,deletion,REJECTED,BAD_OPCODE,N/A,CRASH_ValueError,False
gcd.ml,183,insertion,REJECTED,BAD_OPCODE,N/A,CRASH_ValueError,False
gcd.ml,184,deletion,REJECTED,BAD_JUMP,N/A,STEP_LIMIT,False
gcd.ml,185,metadata_entry_func,REJECTED,BAD_CALL,N/A,CRASH_IndexError,False
gcd.ml,186,byte_replace,REJECTED,LOCAL_RANGE,N/A,CRASH_IndexError,False
gcd.ml,187,insertion,REJECTED,BAD_OPCODE,N/A,CRASH_ValueError,False
gcd.ml,188,opcode_swap,REJECTED,BAD_OPCODE,N/A,CRASH_IndexError,False
gcd.ml,189,bit_flip,REJECTED,LOCAL_RANGE,N/A,CRASH_IndexError,False
gcd.ml,190,insertion,REJECTED,BAD_OPCODE,N/A,CRASH_IndexError,False
gcd.ml,191,deletion,REJECTED,BAD_OPCODE,N/A,CRASH_IndexError,False
gcd.ml,192,operand_corruption,REJECTED,BAD_OPCODE,N/A,COMPLETED,False
gcd.ml,193,operand_corruption,REJECTED,BAD_OPCODE,N/A,CRASH_ValueError,False
gcd.ml,194,metadata_max_stack,REJECTED,STACK_OVERFLOW,N/A,COMPLETED,False
gcd.ml,195,byte_replace,REJECTED,BAD_OPCODE,N/A,CRASH_ValueError,False
gcd.ml,196,insertion,REJECTED,BAD_OPCODE,N/A,CRASH_ValueError,False
gcd.ml,197,operand_corruption,REJECTED,BAD_OPCODE,N/A,COMPLETED,False
gcd.ml,198,truncation,REJECTED,TRUNCATED,N/A,CRASH_error,False
gcd.ml,199,opcode_swap,REJECTED,BAD_OPCODE,N/A,CRASH_IndexError,False
gcd.ml,200,insertion,REJECTED,BAD_OPCODE,N/A,CRASH_ValueError,False
gcd.ml,201,metadata_max_stack,ACCEPTED,,CLEAN,N/A,False
gcd.ml,202,bit_flip,REJECTED,LOCAL_RANGE,N/A,CRASH_IndexError,False
gcd.ml,203,deletion,REJECTED,BAD_OPCODE,N/A,CRASH_ValueError,False
gcd.ml,204,deletion,REJECTED,FALLTHROUGH,N/A,CRASH_IndexError,False
gcd.ml,205,opcode_swap,REJECTED,BAD_OPCODE,N/A,CRASH_IndexError,False
gcd.ml,206,byte_replace,REJECTED,BAD_OPCODE,N/A,CRASH_ValueError,False
gcd.ml,207,bit_flip,REJECTED,BAD_CALL,N/A,CRASH_IndexError,False
gcd.ml,208,operand_corruption,ACCEPTED,,CLEAN,N/A,False
gcd.ml,209,opcode_swap,REJECTED,BAD_OPCODE,N/A,CRASH_IndexError,False
gcd.ml,210,deletion,REJECTED,BAD_OPCODE,N/A,CRASH_ValueError,False
gcd.ml,211,truncation,REJECTED,TRUNCATED,N/A,CRASH_error,False
gcd.ml,212,bit_flip,REJECTED,LOCAL_RANGE,N/A,CRASH_IndexError,False
gcd.ml,213,opcode_swap,REJECTED,BAD_OPCODE,N/A,CRASH_IndexError,False
gcd.ml,214,insertion,REJECTED,BAD_OPCODE,N/A,CRASH_ValueError,False
gcd.ml,215,metadata_num_locals,REJECTED,LOCAL_RANGE,N/A,CRASH_IndexError,False
gcd.ml,216,metadata_entry_func,REJECTED,BAD_CALL,N/A,CRASH_TypeError,False
gcd.ml,217,bit_flip,REJECTED,LOCAL_RANGE,N/A,CRASH_IndexError,False
gcd.ml,218,insertion,REJECTED,BAD_OPCODE,N/A,CRASH_ValueError,False
gcd.ml,219,insertion,REJECTED,BAD_OPCODE,N/A,CRASH_ValueError,False
gcd.ml,220,opcode_swap,REJECTED,BAD_OPCODE,N/A,CRASH_IndexError,False
gcd.ml,221,operand_corruption,REJECTED,BAD_OPCODE,N/A,CRASH_IndexError,False
gcd.ml,222,deletion,REJECTED,BAD_OPCODE,N/A,CRASH_ValueError,False
gcd.ml,223,truncation,REJECTED,TRUNCATED,N/A,CRASH_error,False
gcd.ml,224,metadata_max_stack,ACCEPTED,,CLEAN,N/A,False
gcd.ml,225,byte_replace,ACCEPTED,,CLEAN,N/A,False
gcd.ml,226,deletion,REJECTED,BAD_CALL,N/A,CRASH_IndexError,False
gcd.ml,227,operand_corruption,ACCEPTED,,CLEAN,N/A,False
gcd.ml,228,insertion,REJECTED,BAD_OPCODE,N/A,CRASH_ValueError,False
gcd.ml,229,deletion,REJECTED,BAD_JUMP,N/A,CRASH_IndexError,False
gcd.ml,230,bit_flip,REJECTED,BAD_OPCODE,N/A,CRASH_ValueError,False
gcd.ml,231,byte_replace,REJECTED,LOCAL_RANGE,N/A,CRASH_IndexError,False
gcd.ml,232,insertion,REJECTED,BAD_OPCODE,N/A,CRASH_IndexError,False
gcd.ml,233,bit_flip,ACCEPTED,,CLEAN,N/A,False
gcd.ml,234,byte_replace,REJECTED,BAD_OPCODE,N/A,CRASH_ValueError,False
gcd.ml,235,deletion,REJECTED,TRUNCATED,N/A,CRASH_error,False
gcd.ml,236,deletion,REJECTED,TRUNCATED,N/A,CRASH_error,False
gcd.ml,237,bit_flip,REJECTED,LOCAL_TYPE,N/A,COMPLETED,False
gcd.ml,238,opcode_swap,REJECTED,BAD_OPCODE,N/A,CRASH_ValueError,False
gcd.ml,239,truncation,REJECTED,TRUNCATED,N/A,CRASH_error,False
gcd.ml,240,byte_replace,REJECTED,BAD_CALL,N/A,CRASH_IndexError,False
gcd.ml,241,metadata_num_locals,REJECTED,LOCAL_RANGE,N/A,COMPLETED,False
gcd.ml,242,opcode_swap,REJECTED,BAD_OPCODE,N/A,CRASH_ValueError,False
gcd.ml,243,opcode_swap,REJECTED,STACK_UNDERFLOW,N/A,CRASH_IndexError,False
gcd.ml,244,truncation,REJECTED,TRUNCATED,N/A,CRASH_error,False
gcd.ml,245,insertion,REJECTED,BAD_OPCODE,N/A,CRASH_ValueError,False
gcd.ml,246,opcode_swap,REJECTED,BAD_OPCODE,N/A,CRASH_IndexError,False
gcd.ml,247,opcode_swap,REJECTED,STACK_UNDERFLOW,N/A,CRASH_IndexError,False
gcd.ml,248,metadata_num_locals,ACCEPTED,,CLEAN,N/A,False
gcd.ml,249,insertion,REJECTED,BAD_OPCODE,N/A,CRASH_IndexError,False
gcd.ml,250,operand_corruption,REJECTED,BAD_OPCODE,N/A,CRASH_IndexError,False
gcd.ml,251,deletion,REJECTED,BAD_OPCODE,N/A,CRASH_ValueError,False
gcd.ml,252,operand_corruption,ACCEPTED,,CLEAN,N/A,False
gcd.ml,253,opcode_swap,REJECTED,BAD_OPCODE,N/A,CRASH_IndexError,False
gcd.ml,254,metadata_max_stack,REJECTED,STACK_OVERFLOW,N/A,COMPLETED,False
gcd.ml,255,metadata_max_stack,REJECTED,STACK_OVERFLOW,N/A,COMPLETED,False
gcd.ml,256,opcode_swap,ACCEPTED,,CLEAN,N/A,False
gcd.ml,257,insertion,REJECTED,BAD_OPCODE,N/A,CRASH_IndexError,False
gcd.ml,258,operand_corruption,REJECTED,BAD_OPCODE,N/A,CRASH_IndexError,False
gcd.ml,259,truncation,REJECTED,BAD_JUMP,N/A,CRASH_IndexError,False
gcd.ml,260,byte_replace,ACCEPTED,,CLEAN,N/A,False
gcd.ml,261,bit_flip,REJECTED,BAD_OPCODE,N/A,CRASH_IndexError,False
gcd.ml,262,byte_replace,REJECTED,LOCAL_RANGE,N/A,CRASH_IndexError,False
gcd.ml,263,opcode_swap,REJECTED,STACK_UNDERFLOW,N/A,CRASH_IndexError,False
gcd.ml,264,truncation,REJECTED,TRUNCATED,N/A,CRASH_error,False
gcd.ml,265,opcode_swap,REJECTED,BAD_JUMP,N/A,CRASH_ValueError,False
gcd.ml,266,metadata_entry_func,ACCEPTED,,CLEAN,N/A,False
gcd.ml,267,bit_flip,REJECTED,LOCAL_RANGE,N/A,CRASH_IndexError,False
gcd.ml,268,byte_replace,REJECTED,BAD_OPCODE,N/A,CRASH_ValueError,False
gcd.ml,269,bit_flip,ACCEPTED,,CLEAN,N/A,False
gcd.ml,270,metadata_entry_func,REJECTED,BAD_CALL,N/A,CRASH_TypeError,False
gcd.ml,271,byte_replace,REJECTED,BAD_OPCODE,N/A,CRASH_ValueError,False
gcd.ml,272,deletion,REJECTED,TRUNCATED,N/A,CRASH_error,False
gcd.ml,273,bit_flip,ACCEPTED,,CLEAN,N/A,False
gcd.ml,274,metadata_max_stack,REJECTED,STACK_OVERFLOW,N/A,COMPLETED,False
gcd.ml,275,operand_corruption,REJECTED,BAD_OPCODE,N/A,CRASH_IndexError,False
gcd.ml,276,byte_replace,REJECTED,BAD_JUMP,N/A,CRASH_IndexError,False
gcd.ml,277,bit_flip,REJECTED,TRUNCATED,N/A,CRASH_error,False
gcd.ml,278,bit_flip,ACCEPTED,,CLEAN,N/A,False
gcd.ml,279,opcode_swap,REJECTED,BAD_OPCODE,N/A,CRASH_IndexError,False
gcd.ml,280,truncation,REJECTED,BAD_JUMP,N/A,CRASH_IndexError,False
gcd.ml,281,insertion,REJECTED,BAD_OPCODE,N/A,CRASH_IndexError,False
gcd.ml,282,operand_corruption,REJECTED,BAD_OPCODE,N/A,COMPLETED,False
gcd.ml,283,operand_corruption,REJECTED,BAD_OPCODE,N/A,CRASH_ValueError,False
gcd.ml,284,opcode_swap,REJECTED,STACK_UNDERFLOW,N/A,CRASH_IndexError,False
gcd.ml,285,opcode_swap,REJECTED,STACK_UNDERFLOW,N/A,CRASH_IndexError,False
gcd.ml,286,bit_flip,REJECTED,BAD_JUMP,N/A,CRASH_ValueError,False
gcd.ml,287,operand_corruption,REJECTED,BAD_OPCODE,N/A,CRASH_IndexError,False
gcd.ml,288,insertion,REJECTED,BAD_OPCODE,N/A,CRASH_IndexError,False
gcd.ml,289,truncation,REJECTED,TRUNCATED,N/A,CRASH_error,False
gcd.ml,290,deletion,REJECTED,BAD_OPCODE,N/A,CRASH_ValueError,False
gcd.ml,291,metadata_entry_func,REJECTED,BAD_CALL,N/A,CRASH_IndexError,False
gcd.ml,292,metadata_max_stack,REJECTED,STACK_OVERFLOW,N/A,COMPLETED,False
gcd.ml,293,metadata_entry_func,REJECTED,BAD_CALL,N/A,CRASH_IndexError,False
gcd.ml,294,operand_corruption,ACCEPTED,,CLEAN,N/A,False
gcd.ml,295,truncation,REJECTED,FALLTHROUGH,N/A,CRASH_IndexError,False
gcd.ml,296,insertion,REJECTED,BAD_OPCODE,N/A,CRASH_IndexError,False
gcd.ml,297,insertion,REJECTED,BAD_OPCODE,N/A,CRASH_ValueError,False
gcd.ml,298,insertion,REJECTED,BAD_OPCODE,N/A,CRASH_ValueError,False
gcd.ml,299,opcode_swap,REJECTED,STACK_UNDERFLOW,N/A,CRASH_IndexError,False
gcd.ml,300,byte_replace,REJECTED,BAD_OPCODE,N/A,CRASH_ValueError,False
gcd.ml,301,truncation,REJECTED,TRUNCATED,N/A,CRASH_error,False
gcd.ml,302,operand_corruption,REJECTED,BAD_OPCODE,N/A,CRASH_ValueError,False
gcd.ml,303,operand_corruption,ACCEPTED,,STEP_LIMIT,N/A,False
gcd.ml,304,opcode_swap,ACCEPTED,,CLEAN,N/A,False
gcd.ml,305,byte_replace,REJECTED,LOCAL_RANGE,N/A,CRASH_IndexError,False
gcd.ml,306,insertion,REJECTED,BAD_OPCODE,N/A,CRASH_ValueError,False
gcd.ml,307,bit_flip,REJECTED,LOCAL_RANGE,N/A,CRASH_IndexError,False
gcd.ml,308,operand_corruption,REJECTED,BAD_OPCODE,N/A,CRASH_ValueError,False
gcd.ml,309,bit_flip,REJECTED,BAD_OPCODE,N/A,CRASH_ValueError,False
gcd.ml,310,bit_flip,REJECTED,BAD_OPCODE,N/A,CRASH_ValueError,False
gcd.ml,311,bit_flip,REJECTED,BAD_OPCODE,N/A,CRASH_ValueError,False
gcd.ml,312,truncation,REJECTED,FALLTHROUGH,N/A,CRASH_IndexError,False
gcd.ml,313,bit_flip,ACCEPTED,,CLEAN,N/A,False
gcd.ml,314,truncation,REJECTED,TRUNCATED,N/A,CRASH_error,False
gcd.ml,315,operand_corruption,REJECTED,BAD_OPCODE,N/A,CRASH_ValueError,False
gcd.ml,316,truncation,REJECTED,FALLTHROUGH,N/A,CRASH_IndexError,False
gcd.ml,317,metadata_entry_func,REJECTED,BAD_CALL,N/A,CRASH_TypeError,False
gcd.ml,318,operand_corruption,ACCEPTED,,VM_TRAP,N/A,False
gcd.ml,319,bit_flip,REJECTED,BAD_OPCODE,N/A,CRASH_ValueError,False
gcd.ml,320,operand_corruption,ACCEPTED,,CLEAN,N/A,False
gcd.ml,321,metadata_entry_func,REJECTED,BAD_CALL,N/A,CRASH_TypeError,False
gcd.ml,322,metadata_max_stack,ACCEPTED,,CLEAN,N/A,False
gcd.ml,323,deletion,REJECTED,BAD_OPCODE,N/A,CRASH_IndexError,False
gcd.ml,324,byte_replace,ACCEPTED,,CLEAN,N/A,False
gcd.ml,325,opcode_swap,REJECTED,STACK_UNDERFLOW,N/A,CRASH_IndexError,False
gcd.ml,326,bit_flip,ACCEPTED,,CLEAN,N/A,False
gcd.ml,327,byte_replace,ACCEPTED,,VM_TRAP,N/A,False
gcd.ml,328,byte_replace,REJECTED,LOCAL_RANGE,N/A,CRASH_IndexError,False
gcd.ml,329,insertion,REJECTED,BAD_OPCODE,N/A,CRASH_ValueError,False
gcd.ml,330,byte_replace,REJECTED,LOCAL_RANGE,N/A,CRASH_IndexError,False
gcd.ml,331,bit_flip,ACCEPTED,,CLEAN,N/A,False
gcd.ml,332,byte_replace,REJECTED,LOCAL_RANGE,N/A,CRASH_IndexError,False
gcd.ml,333,operand_corruption,REJECTED,BAD_OPCODE,N/A,COMPLETED,False
gcd.ml,334,deletion,REJECTED,FALLTHROUGH,N/A,CRASH_IndexError,False
gcd.ml,335,metadata_max_stack,REJECTED,STACK_OVERFLOW,N/A,COMPLETED,False
gcd.ml,336,opcode_swap,REJECTED,BAD_OPCODE,N/A,CRASH_ValueError,False
gcd.ml,337,opcode_swap,REJECTED,STACK_UNDERFLOW,N/A,CRASH_IndexError,False
gcd.ml,338,metadata_max_stack,REJECTED,STACK_OVERFLOW,N/A,COMPLETED,False
gcd.ml,339,byte_replace,REJECTED,BAD_OPCODE,N/A,CRASH_ValueError,False
gcd.ml,340,opcode_swap,REJECTED,BAD_OPCODE,N/A,CRASH_IndexError,False
gcd.ml,341,deletion,REJECTED,FALLTHROUGH,N/A,CRASH_IndexError,False
gcd.ml,342,metadata_max_stack,ACCEPTED,,CLEAN,N/A,False
gcd.ml,343,truncation,REJECTED,TRUNCATED,N/A,CRASH_error,False
gcd.ml,344,opcode_swap,REJECTED,STACK_TYPE,N/A,VM_TRAP,False
gcd.ml,345,truncation,REJECTED,FALLTHROUGH,N/A,CRASH_IndexError,False
gcd.ml,346,operand_corruption,REJECTED,BAD_OPCODE,N/A,CRASH_ValueError,False
gcd.ml,347,bit_flip,ACCEPTED,,CLEAN,N/A,False
gcd.ml,348,truncation,REJECTED,TRUNCATED,N/A,CRASH_error,False
gcd.ml,349,bit_flip,REJECTED,LOCAL_RANGE,N/A,CRASH_IndexError,False
gcd.ml,350,bit_flip,REJECTED,MERGE_MISMATCH,N/A,STEP_LIMIT,False
gcd.ml,351,insertion,REJECTED,BAD_OPCODE,N/A,CRASH_ValueError,False
gcd.ml,352,opcode_swap,REJECTED,BAD_OPCODE,N/A,CRASH_IndexError,False
gcd.ml,353,bit_flip,REJECTED,LOCAL_RANGE,N/A,CRASH_IndexError,False
gcd.ml,354,bit_flip,ACCEPTED,,CLEAN,N/A,False
gcd.ml,355,byte_replace,REJECTED,BAD_OPCODE,N/A,CRASH_ValueError,False
gcd.ml,356,bit_flip,REJECTED,LOCAL_RANGE,N/A,CRASH_IndexError,False
gcd.ml,357,insertion,REJECTED,BAD_OPCODE,N/A,CRASH_ValueError,False
gcd.ml,358,truncation,REJECTED,TRUNCATED,N/A,CRASH_error,False
gcd.ml,359,insertion,REJECTED,BAD_OPCODE,N/A,CRASH_ValueError,False
gcd.ml,360,operand_corruption,REJECTED,BAD_OPCODE,N/A,CRASH_ValueError,False
gcd.ml,361,byte_replace,ACCEPTED,,VM_TRAP,N/A,False
gcd.ml,362,opcode_swap,REJECTED,BAD_OPCODE,N/A,CRASH_IndexError,False
gcd.ml,363,bit_flip,ACCEPTED,,VM_TRAP,N/A,False
gcd.ml,364,insertion,REJECTED,BAD_OPCODE,N/A,CRASH_IndexError,False
gcd.ml,365,metadata_max_stack,REJECTED,STACK_OVERFLOW,N/A,COMPLETED,False
gcd.ml,366,insertion,REJECTED,BAD_OPCODE,N/A,CRASH_ValueError,False
gcd.ml,367,operand_corruption,ACCEPTED,,CLEAN,N/A,False
gcd.ml,368,bit_flip,REJECTED,LOCAL_RANGE,N/A,CRASH_IndexError,False
gcd.ml,369,metadata_num_locals,REJECTED,LOCAL_RANGE,N/A,COMPLETED,False
gcd.ml,370,bit_flip,REJECTED,BAD_OPCODE,N/A,CRASH_ValueError,False
gcd.ml,371,bit_flip,REJECTED,BAD_OPCODE,N/A,CRASH_ValueError,False
gcd.ml,372,operand_corruption,REJECTED,BAD_OPCODE,N/A,CRASH_ValueError,False
gcd.ml,373,insertion,REJECTED,BAD_OPCODE,N/A,CRASH_ValueError,False
gcd.ml,374,byte_replace,ACCEPTED,,CLEAN,N/A,False
gcd.ml,375,operand_corruption,REJECTED,BAD_OPCODE,N/A,CRASH_ValueError,False
gcd.ml,376,operand_corruption,REJECTED,BAD_OPCODE,N/A,CRASH_IndexError,False
gcd.ml,377,byte_replace,REJECTED,BAD_OPCODE,N/A,CRASH_ValueError,False
gcd.ml,378,truncation,REJECTED,TRUNCATED,N/A,CRASH_error,False
gcd.ml,379,insertion,REJECTED,BAD_OPCODE,N/A,CRASH_IndexError,False
gcd.ml,380,operand_corruption,REJECTED,BAD_OPCODE,N/A,CRASH_ValueError,False
gcd.ml,381,truncation,REJECTED,FALLTHROUGH,N/A,CRASH_IndexError,False
gcd.ml,382,truncation,REJECTED,BAD_JUMP,N/A,CRASH_IndexError,False
gcd.ml,383,byte_replace,ACCEPTED,,CLEAN,N/A,False
gcd.ml,384,bit_flip,REJECTED,LOCAL_RANGE,N/A,CRASH_IndexError,False
gcd.ml,385,deletion,REJECTED,BAD_OPCODE,N/A,CRASH_ValueError,False
gcd.ml,386,truncation,REJECTED,FALLTHROUGH,N/A,CRASH_IndexError,False
gcd.ml,387,opcode_swap,REJECTED,BAD_OPCODE,N/A,CRASH_IndexError,False
gcd.ml,388,deletion,REJECTED,BAD_JUMP,N/A,CRASH_IndexError,False
gcd.ml,389,byte_replace,REJECTED,LOCAL_RANGE,N/A,CRASH_IndexError,False
gcd.ml,390,byte_replace,ACCEPTED,,CLEAN,N/A,False
gcd.ml,391,bit_flip,ACCEPTED,,CLEAN,N/A,False
gcd.ml,392,bit_flip,REJECTED,LOCAL_RANGE,N/A,CRASH_IndexError,False
gcd.ml,393,insertion,REJECTED,BAD_OPCODE,N/A,CRASH_IndexError,False
gcd.ml,394,opcode_swap,REJECTED,BAD_OPCODE,N/A,CRASH_IndexError,False
gcd.ml,395,byte_replace,REJECTED,LOCAL_RANGE,N/A,CRASH_IndexError,False
gcd.ml,396,byte_replace,REJECTED,BAD_OPCODE,N/A,CRASH_ValueError,False
gcd.ml,397,bit_flip,ACCEPTED,,CLEAN,N/A,False
gcd.ml,398,opcode_swap,REJECTED,BAD_OPCODE,N/A,CRASH_ValueError,False
gcd.ml,399,insertion,REJECTED,BAD_OPCODE,N/A,CRASH_ValueError,False
gcd.ml,400,metadata_num_locals,REJECTED,LOCAL_RANGE,N/A,CRASH_IndexError,False
gcd.ml,401,metadata_num_locals,REJECTED,LOCAL_RANGE,N/A,COMPLETED,False
gcd.ml,402,truncation,REJECTED,TRUNCATED,N/A,CRASH_error,False
gcd.ml,403,insertion,REJECTED,BAD_OPCODE,N/A,CRASH_ValueError,False
gcd.ml,404,opcode_swap,REJECTED,BAD_OPCODE,N/A,CRASH_IndexError,False
gcd.ml,405,opcode_swap,ACCEPTED,,CLEAN,N/A,False
gcd.ml,406,bit_flip,REJECTED,BAD_CALL,N/A,CRASH_IndexError,False
gcd.ml,407,bit_flip,REJECTED,BAD_OPCODE,N/A,CRASH_ValueError,False
gcd.ml,408,metadata_entry_func,REJECTED,BAD_CALL,N/A,CRASH_TypeError,False
gcd.ml,409,opcode_swap,REJECTED,BAD_OPCODE,N/A,CRASH_IndexError,False
gcd.ml,410,operand_corruption,REJECTED,BAD_OPCODE,N/A,CRASH_ValueError,False
gcd.ml,411,truncation,REJECTED,FALLTHROUGH,N/A,CRASH_IndexError,False
gcd.ml,412,deletion,REJECTED,BAD_RETURN,N/A,COMPLETED,False
gcd.ml,413,opcode_swap,REJECTED,BAD_OPCODE,N/A,CRASH_IndexError,False
gcd.ml,414,byte_replace,REJECTED,LOCAL_RANGE,N/A,CRASH_IndexError,False
gcd.ml,415,truncation,REJECTED,FALLTHROUGH,N/A,CRASH_IndexError,False
gcd.ml,416,metadata_num_locals,REJECTED,LOCAL_RANGE,N/A,CRASH_IndexError,False
gcd.ml,417,operand_corruption,REJECTED,BAD_OPCODE,N/A,COMPLETED,False
gcd.ml,418,byte_replace,ACCEPTED,,CLEAN,N/A,False
gcd.ml,419,bit_flip,ACCEPTED,,CLEAN,N/A,False
gcd.ml,420,bit_flip,REJECTED,BAD_OPCODE,N/A,CRASH_ValueError,False
gcd.ml,421,metadata_entry_func,REJECTED,BAD_CALL,N/A,CRASH_TypeError,False
gcd.ml,422,operand_corruption,REJECTED,BAD_OPCODE,N/A,CRASH_IndexError,False
gcd.ml,423,operand_corruption,REJECTED,BAD_OPCODE,N/A,CRASH_IndexError,False
gcd.ml,424,opcode_swap,REJECTED,BAD_OPCODE,N/A,CRASH_IndexError,False
gcd.ml,425,bit_flip,REJECTED,BAD_CALL,N/A,CRASH_IndexError,False
gcd.ml,426,metadata_max_stack,REJECTED,STACK_OVERFLOW,N/A,COMPLETED,False
gcd.ml,427,insertion,REJECTED,BAD_OPCODE,N/A,CRASH_IndexError,False
gcd.ml,428,insertion,REJECTED,BAD_OPCODE,N/A,CRASH_IndexError,False
gcd.ml,429,insertion,REJECTED,BAD_OPCODE,N/A,CRASH_IndexError,False
gcd.ml,430,operand_corruption,REJECTED,BAD_JUMP,N/A,COMPLETED,False
gcd.ml,431,truncation,REJECTED,TRUNCATED,N/A,CRASH_error,False
gcd.ml,432,metadata_entry_func,ACCEPTED,,CLEAN,N/A,False
gcd.ml,433,byte_replace,REJECTED,BAD_CALL,N/A,CRASH_IndexError,False
gcd.ml,434,truncation,REJECTED,BAD_JUMP,N/A,CRASH_IndexError,False
gcd.ml,435,insertion,REJECTED,BAD_OPCODE,N/A,CRASH_ValueError,False
gcd.ml,436,operand_corruption,ACCEPTED,,CLEAN,N/A,False
gcd.ml,437,truncation,REJECTED,TRUNCATED,N/A,CRASH_error,False
gcd.ml,438,deletion,REJECTED,BAD_OPCODE,N/A,CRASH_ValueError,False
gcd.ml,439,byte_replace,REJECTED,BAD_OPCODE,N/A,CRASH_ValueError,False
gcd.ml,440,deletion,REJECTED,BAD_OPCODE,N/A,CRASH_ValueError,False
gcd.ml,441,opcode_swap,REJECTED,FALLTHROUGH,N/A,CRASH_IndexError,False
gcd.ml,442,operand_corruption,REJECTED,BAD_OPCODE,N/A,CRASH_ValueError,False
gcd.ml,443,bit_flip,ACCEPTED,,CLEAN,N/A,False
gcd.ml,444,byte_replace,REJECTED,LOCAL_RANGE,N/A,CRASH_IndexError,False
gcd.ml,445,deletion,REJECTED,BAD_OPCODE,N/A,CRASH_ValueError,False
gcd.ml,446,opcode_swap,REJECTED,BAD_OPCODE,N/A,CRASH_IndexError,False
gcd.ml,447,deletion,REJECTED,BAD_OPCODE,N/A,CRASH_ValueError,False
gcd.ml,448,truncation,REJECTED,TRUNCATED,N/A,CRASH_error,False
gcd.ml,449,byte_replace,REJECTED,LOCAL_RANGE,N/A,CRASH_IndexError,False
gcd.ml,450,byte_replace,ACCEPTED,,CLEAN,N/A,False
gcd.ml,451,metadata_num_locals,REJECTED,LOCAL_RANGE,N/A,COMPLETED,False
gcd.ml,452,truncation,REJECTED,TRUNCATED,N/A,CRASH_error,False
gcd.ml,453,operand_corruption,REJECTED,BAD_OPCODE,N/A,COMPLETED,False
gcd.ml,454,bit_flip,REJECTED,BAD_OPCODE,N/A,CRASH_ValueError,False
gcd.ml,455,byte_replace,ACCEPTED,,CLEAN,N/A,False
gcd.ml,456,truncation,REJECTED,FALLTHROUGH,N/A,CRASH_IndexError,False
gcd.ml,457,operand_corruption,REJECTED,LOCAL_RANGE,N/A,CRASH_IndexError,False
gcd.ml,458,deletion,REJECTED,BAD_OPCODE,N/A,CRASH_ValueError,False
gcd.ml,459,insertion,REJECTED,BAD_OPCODE,N/A,CRASH_ValueError,False
gcd.ml,460,byte_replace,ACCEPTED,,CLEAN,N/A,False
gcd.ml,461,operand_corruption,REJECTED,BAD_OPCODE,N/A,CRASH_IndexError,False
gcd.ml,462,operand_corruption,REJECTED,BAD_OPCODE,N/A,COMPLETED,False
gcd.ml,463,insertion,REJECTED,BAD_OPCODE,N/A,CRASH_ValueError,False
gcd.ml,464,metadata_max_stack,ACCEPTED,,CLEAN,N/A,False
gcd.ml,465,byte_replace,ACCEPTED,,VM_TRAP,N/A,False
gcd.ml,466,operand_corruption,ACCEPTED,,VM_TRAP,N/A,False
gcd.ml,467,operand_corruption,ACCEPTED,,CLEAN,N/A,False
gcd.ml,468,insertion,REJECTED,BAD_OPCODE,N/A,CRASH_IndexError,False
gcd.ml,469,deletion,REJECTED,BAD_CALL,N/A,CRASH_IndexError,False
gcd.ml,470,byte_replace,REJECTED,BAD_OPCODE,N/A,CRASH_ValueError,False
gcd.ml,471,opcode_swap,REJECTED,BAD_OPCODE,N/A,CRASH_IndexError,False
gcd.ml,472,truncation,REJECTED,TRUNCATED,N/A,CRASH_error,False
gcd.ml,473,operand_corruption,REJECTED,BAD_OPCODE,N/A,CRASH_ValueError,False
gcd.ml,474,truncation,REJECTED,TRUNCATED,N/A,CRASH_error,False
gcd.ml,475,insertion,REJECTED,BAD_OPCODE,N/A,CRASH_ValueError,False
gcd.ml,476,insertion,REJECTED,BAD_OPCODE,N/A,CRASH_ValueError,False
gcd.ml,477,deletion,REJECTED,STACK_OVERFLOW,N/A,VM_TRAP,False
gcd.ml,478,deletion,REJECTED,BAD_OPCODE,N/A,CRASH_ValueError,False
gcd.ml,479,insertion,REJECTED,BAD_OPCODE,N/A,CRASH_ValueError,False
gcd.ml,480,truncation,REJECTED,TRUNCATED,N/A,CRASH_error,False
gcd.ml,481,insertion,REJECTED,BAD_OPCODE,N/A,CRASH_ValueError,False
gcd.ml,482,operand_corruption,REJECTED,LOCAL_RANGE,N/A,CRASH_IndexError,False
gcd.ml,483,insertion,REJECTED,BAD_OPCODE,N/A,CRASH_ValueError,False
gcd.ml,484,byte_replace,ACCEPTED,,CLEAN,N/A,False
gcd.ml,485,byte_replace,REJECTED,LOCAL_RANGE,N/A,CRASH_IndexError,False
gcd.ml,486,operand_corruption,REJECTED,BAD_OPCODE,N/A,CRASH_ValueError,False
gcd.ml,487,opcode_swap,REJECTED,STACK_TYPE,N/A,COMPLETED,False
gcd.ml,488,byte_replace,REJECTED,BAD_OPCODE,N/A,CRASH_ValueError,False
gcd.ml,489,byte_replace,ACCEPTED,,VM_TRAP,N/A,False
gcd.ml,490,deletion,REJECTED,STACK_OVERFLOW,N/A,VM_TRAP,False
gcd.ml,491,truncation,REJECTED,FALLTHROUGH,N/A,CRASH_IndexError,False
gcd.ml,492,metadata_entry_func,REJECTED,BAD_CALL,N/A,CRASH_IndexError,False
gcd.ml,493,deletion,REJECTED,BAD_OPCODE,N/A,CRASH_ValueError,False
gcd.ml,494,insertion,REJECTED,BAD_OPCODE,N/A,CRASH_ValueError,False
gcd.ml,495,metadata_num_locals,REJECTED,LOCAL_RANGE,N/A,COMPLETED,False
gcd.ml,496,opcode_swap,REJECTED,STACK_UNDERFLOW,N/A,CRASH_IndexError,False
gcd.ml,497,bit_flip,REJECTED,BAD_JUMP,N/A,CRASH_IndexError,False
gcd.ml,498,operand_corruption,REJECTED,BAD_OPCODE,N/A,CRASH_IndexError,False
gcd.ml,499,byte_replace,REJECTED,BAD_OPCODE,N/A,CRASH_ValueError,False
gcd.ml,500,operand_corruption,REJECTED,BAD_OPCODE,N/A,CRASH_ValueError,False
gcd.ml,501,metadata_num_locals,REJECTED,LOCAL_RANGE,N/A,COMPLETED,False
gcd.ml,502,bit_flip,REJECTED,BAD_OPCODE,N/A,CRASH_ValueError,False
gcd.ml,503,deletion,REJECTED,FALLTHROUGH,N/A,CRASH_IndexError,False
gcd.ml,504,bit_flip,ACCEPTED,,CLEAN,N/A,False
gcd.ml,505,operand_corruption,REJECTED,BAD_OPCODE,N/A,CRASH_ValueError,False
gcd.ml,506,opcode_swap,REJECTED,BAD_OPCODE,N/A,CRASH_ValueError,False
gcd.ml,507,bit_flip,REJECTED,BAD_OPCODE,N/A,COMPLETED,False
gcd.ml,508,insertion,REJECTED,BAD_JUMP,N/A,CRASH_IndexError,False
gcd.ml,509,byte_replace,ACCEPTED,,CLEAN,N/A,False
gcd.ml,510,opcode_swap,REJECTED,BAD_CALL,N/A,CRASH_IndexError,False
gcd.ml,511,byte_replace,REJECTED,BAD_OPCODE,N/A,CRASH_ValueError,False
gcd.ml,512,truncation,REJECTED,TRUNCATED,N/A,CRASH_error,False
gcd.ml,513,bit_flip,REJECTED,LOCAL_RANGE,N/A,CRASH_IndexError,False
gcd.ml,514,metadata_num_locals,REJECTED,LOCAL_RANGE,N/A,COMPLETED,False
gcd.ml,515,operand_corruption,REJECTED,BAD_OPCODE,N/A,CRASH_IndexError,False
gcd.ml,516,opcode_swap,REJECTED,BAD_OPCODE,N/A,CRASH_IndexError,False
gcd.ml,517,truncation,REJECTED,TRUNCATED,N/A,CRASH_error,False
gcd.ml,518,insertion,REJECTED,BAD_OPCODE,N/A,CRASH_ValueError,False
gcd.ml,519,insertion,REJECTED,BAD_OPCODE,N/A,CRASH_ValueError,False
gcd.ml,520,opcode_swap,REJECTED,BAD_OPCODE,N/A,STEP_LIMIT,False
gcd.ml,521,insertion,REJECTED,BAD_OPCODE,N/A,CRASH_ValueError,False
gcd.ml,522,operand_corruption,ACCEPTED,,CLEAN,N/A,False
gcd.ml,523,deletion,REJECTED,STACK_OVERFLOW,N/A,VM_TRAP,False
gcd.ml,524,bit_flip,ACCEPTED,,CLEAN,N/A,False
gcd.ml,525,insertion,REJECTED,BAD_OPCODE,N/A,CRASH_ValueError,False
gcd.ml,526,metadata_max_stack,REJECTED,STACK_OVERFLOW,N/A,COMPLETED,False
gcd.ml,527,deletion,REJECTED,BAD_JUMP,N/A,CRASH_TypeError,False
gcd.ml,528,insertion,REJECTED,BAD_OPCODE,N/A,CRASH_ValueError,False
gcd.ml,529,operand_corruption,REJECTED,BAD_OPCODE,N/A,COMPLETED,False
gcd.ml,530,bit_flip,REJECTED,BAD_OPCODE,N/A,CRASH_IndexError,False
gcd.ml,531,byte_replace,ACCEPTED,,CLEAN,N/A,False
gcd.ml,532,metadata_entry_func,REJECTED,BAD_CALL,N/A,CRASH_IndexError,False
gcd.ml,533,bit_flip,REJECTED,LOCAL_RANGE,N/A,CRASH_IndexError,False
gcd.ml,534,opcode_swap,REJECTED,BAD_OPCODE,N/A,CRASH_IndexError,False
gcd.ml,535,truncation,REJECTED,TRUNCATED,N/A,CRASH_error,False
gcd.ml,536,metadata_entry_func,ACCEPTED,,CLEAN,N/A,False
gcd.ml,537,byte_replace,ACCEPTED,,CLEAN,N/A,False
gcd.ml,538,byte_replace,ACCEPTED,,CLEAN,N/A,False
gcd.ml,539,metadata_num_locals,REJECTED,LOCAL_RANGE,N/A,CRASH_IndexError,False
gcd.ml,540,truncation,REJECTED,FALLTHROUGH,N/A,CRASH_IndexError,False
gcd.ml,541,deletion,REJECTED,BAD_OPCODE,N/A,CRASH_IndexError,False
gcd.ml,542,truncation,REJECTED,TRUNCATED,N/A,CRASH_error,False
gcd.ml,543,operand_corruption,REJECTED,BAD_OPCODE,N/A,CRASH_ValueError,False
gcd.ml,544,byte_replace,REJECTED,BAD_OPCODE,N/A,CRASH_ValueError,False
gcd.ml,545,opcode_swap,REJECTED,BAD_OPCODE,N/A,CRASH_ValueError,False
gcd.ml,546,bit_flip,REJECTED,BAD_OPCODE,N/A,CRASH_IndexError,False
gcd.ml,547,opcode_swap,REJECTED,BAD_OPCODE,N/A,CRASH_IndexError,False
gcd.ml,548,insertion,REJECTED,BAD_OPCODE,N/A,CRASH_IndexError,False
gcd.ml,549,operand_corruption,ACCEPTED,,CLEAN,N/A,False
gcd.ml,550,truncation,REJECTED,TRUNCATED,N/A,CRASH_error,False
gcd.ml,551,deletion,REJECTED,BAD_OPCODE,N/A,CRASH_IndexError,False
gcd.ml,552,insertion,REJECTED,BAD_OPCODE,N/A,CRASH_ValueError,False
gcd.ml,553,metadata_max_stack,ACCEPTED,,CLEAN,N/A,False
gcd.ml,554,bit_flip,ACCEPTED,,VM_TRAP,N/A,False
gcd.ml,555,deletion,REJECTED,BAD_JUMP,N/A,CRASH_IndexError,False
gcd.ml,556,bit_flip,REJECTED,BAD_OPCODE,N/A,CRASH_IndexError,False
gcd.ml,557,insertion,REJECTED,BAD_OPCODE,N/A,CRASH_ValueError,False
gcd.ml,558,insertion,REJECTED,BAD_OPCODE,N/A,CRASH_ValueError,False
gcd.ml,559,metadata_entry_func,REJECTED,BAD_CALL,N/A,CRASH_TypeError,False
gcd.ml,560,operand_corruption,REJECTED,BAD_OPCODE,N/A,CRASH_IndexError,False
gcd.ml,561,metadata_num_locals,REJECTED,LOCAL_RANGE,N/A,COMPLETED,False
gcd.ml,562,operand_corruption,ACCEPTED,,CLEAN,N/A,False
gcd.ml,563,metadata_entry_func,REJECTED,BAD_CALL,N/A,CRASH_TypeError,False
gcd.ml,564,deletion,REJECTED,STACK_UNDERFLOW,N/A,CRASH_IndexError,False
gcd.ml,565,metadata_num_locals,REJECTED,LOCAL_RANGE,N/A,COMPLETED,False
gcd.ml,566,truncation,REJECTED,FALLTHROUGH,N/A,CRASH_IndexError,False
gcd.ml,567,bit_flip,ACCEPTED,,CLEAN,N/A,False
gcd.ml,568,deletion,REJECTED,BAD_JUMP,N/A,CRASH_IndexError,False
gcd.ml,569,insertion,REJECTED,BAD_OPCODE,N/A,CRASH_IndexError,False
gcd.ml,570,truncation,REJECTED,FALLTHROUGH,N/A,CRASH_IndexError,False
gcd.ml,571,operand_corruption,REJECTED,BAD_OPCODE,N/A,CRASH_ValueError,False
gcd.ml,572,operand_corruption,REJECTED,BAD_OPCODE,N/A,CRASH_IndexError,False
gcd.ml,573,truncation,REJECTED,TRUNCATED,N/A,CRASH_error,False
gcd.ml,574,byte_replace,ACCEPTED,,CLEAN,N/A,False
gcd.ml,575,bit_flip,ACCEPTED,,CLEAN,N/A,False
gcd.ml,576,operand_corruption,REJECTED,BAD_OPCODE,N/A,CRASH_ValueError,False
gcd.ml,577,operand_corruption,REJECTED,BAD_OPCODE,N/A,COMPLETED,False
gcd.ml,578,deletion,REJECTED,BAD_OPCODE,N/A,CRASH_IndexError,False
gcd.ml,579,bit_flip,REJECTED,BAD_OPCODE,N/A,CRASH_IndexError,False
gcd.ml,580,deletion,REJECTED,BAD_JUMP,N/A,STEP_LIMIT,False
gcd.ml,581,bit_flip,ACCEPTED,,VM_TRAP,N/A,False
gcd.ml,582,operand_corruption,REJECTED,BAD_OPCODE,N/A,CRASH_ValueError,False
gcd.ml,583,metadata_entry_func,ACCEPTED,,CLEAN,N/A,False
gcd.ml,584,insertion,REJECTED,BAD_OPCODE,N/A,CRASH_IndexError,False
gcd.ml,585,truncation,REJECTED,TRUNCATED,N/A,CRASH_error,False
gcd.ml,586,metadata_num_locals,REJECTED,LOCAL_RANGE,N/A,CRASH_IndexError,False
gcd.ml,587,bit_flip,ACCEPTED,,CLEAN,N/A,False
gcd.ml,588,byte_replace,REJECTED,LOCAL_RANGE,N/A,CRASH_IndexError,False
gcd.ml,589,operand_corruption,REJECTED,BAD_OPCODE,N/A,CRASH_ValueError,False
gcd.ml,590,metadata_max_stack,REJECTED,STACK_OVERFLOW,N/A,COMPLETED,False
gcd.ml,591,bit_flip,ACCEPTED,,CLEAN,N/A,False
gcd.ml,592,operand_corruption,REJECTED,BAD_OPCODE,N/A,CRASH_ValueError,False
gcd.ml,593,metadata_num_locals,REJECTED,LOCAL_RANGE,N/A,CRASH_IndexError,False
gcd.ml,594,metadata_entry_func,REJECTED,BAD_CALL,N/A,CRASH_IndexError,False
gcd.ml,595,operand_corruption,REJECTED,BAD_OPCODE,N/A,CRASH_ValueError,False
gcd.ml,596,byte_replace,ACCEPTED,,CLEAN,N/A,False
gcd.ml,597,deletion,REJECTED,STACK_UNDERFLOW,N/A,COMPLETED,False
gcd.ml,598,opcode_swap,REJECTED,BAD_OPCODE,N/A,COMPLETED,False
gcd.ml,599,metadata_max_stack,REJECTED,STACK_OVERFLOW,N/A,COMPLETED,False
gcd.ml,600,truncation,REJECTED,FALLTHROUGH,N/A,CRASH_IndexError,False
gcd.ml,601,byte_replace,REJECTED,LOCAL_RANGE,N/A,CRASH_IndexError,False
gcd.ml,602,truncation,REJECTED,TRUNCATED,N/A,CRASH_error,False
gcd.ml,603,bit_flip,ACCEPTED,,CLEAN,N/A,False
gcd.ml,604,bit_flip,REJECTED,BAD_OPCODE,N/A,CRASH_ValueError,False
gcd.ml,605,deletion,REJECTED,BAD_OPCODE,N/A,CRASH_ValueError,False
gcd.ml,606,insertion,REJECTED,BAD_OPCODE,N/A,CRASH_ValueError,False
gcd.ml,607,truncation,REJECTED,TRUNCATED,N/A,CRASH_error,False
gcd.ml,608,opcode_swap,REJECTED,BAD_OPCODE,N/A,CRASH_ValueError,False
gcd.ml,609,bit_flip,REJECTED,BAD_OPCODE,N/A,CRASH_ValueError,False
gcd.ml,610,operand_corruption,ACCEPTED,,CLEAN,N/A,False
gcd.ml,611,insertion,REJECTED,BAD_OPCODE,N/A,CRASH_ValueError,False
gcd.ml,612,metadata_max_stack,REJECTED,STACK_OVERFLOW,N/A,COMPLETED,False
gcd.ml,613,bit_flip,REJECTED,BAD_CALL,N/A,CRASH_IndexError,False
gcd.ml,614,byte_replace,ACCEPTED,,CLEAN,N/A,False
gcd.ml,615,insertion,REJECTED,BAD_OPCODE,N/A,CRASH_IndexError,False
gcd.ml,616,metadata_num_locals,REJECTED,LOCAL_RANGE,N/A,COMPLETED,False
gcd.ml,617,opcode_swap,REJECTED,TRUNCATED,N/A,CRASH_error,False
gcd.ml,618,metadata_entry_func,REJECTED,BAD_CALL,N/A,CRASH_IndexError,False
gcd.ml,619,insertion,REJECTED,BAD_OPCODE,N/A,CRASH_IndexError,False
gcd.ml,620,bit_flip,REJECTED,STACK_UNDERFLOW,N/A,CRASH_IndexError,False
gcd.ml,621,opcode_swap,REJECTED,BAD_OPCODE,N/A,CRASH_IndexError,False
gcd.ml,622,opcode_swap,REJECTED,BAD_OPCODE,N/A,CRASH_IndexError,False
gcd.ml,623,deletion,REJECTED,TRUNCATED,N/A,CRASH_error,False
gcd.ml,624,truncation,REJECTED,FALLTHROUGH,N/A,CRASH_IndexError,False
gcd.ml,625,truncation,REJECTED,TRUNCATED,N/A,CRASH_error,False
gcd.ml,626,insertion,REJECTED,BAD_OPCODE,N/A,CRASH_ValueError,False
gcd.ml,627,operand_corruption,REJECTED,BAD_OPCODE,N/A,CRASH_ValueError,False
gcd.ml,628,byte_replace,ACCEPTED,,CLEAN,N/A,False
gcd.ml,629,bit_flip,ACCEPTED,,CLEAN,N/A,False
gcd.ml,630,opcode_swap,REJECTED,TRUNCATED,N/A,CRASH_error,False
gcd.ml,631,insertion,REJECTED,BAD_OPCODE,N/A,CRASH_ValueError,False
gcd.ml,632,operand_corruption,ACCEPTED,,CLEAN,N/A,False
gcd.ml,633,bit_flip,REJECTED,LOCAL_RANGE,N/A,CRASH_IndexError,False
gcd.ml,634,opcode_swap,REJECTED,STACK_UNDERFLOW,N/A,CRASH_IndexError,False
gcd.ml,635,bit_flip,ACCEPTED,,VM_TRAP,N/A,False
gcd.ml,636,deletion,REJECTED,STACK_OVERFLOW,N/A,VM_TRAP,False
gcd.ml,637,truncation,REJECTED,TRUNCATED,N/A,CRASH_error,False
gcd.ml,638,operand_corruption,REJECTED,BAD_OPCODE,N/A,CRASH_ValueError,False
gcd.ml,639,truncation,REJECTED,BAD_JUMP,N/A,CRASH_IndexError,False
gcd.ml,640,truncation,REJECTED,TRUNCATED,N/A,CRASH_error,False
gcd.ml,641,opcode_swap,REJECTED,BAD_OPCODE,N/A,CRASH_IndexError,False
gcd.ml,642,operand_corruption,ACCEPTED,,CLEAN,N/A,False
gcd.ml,643,bit_flip,ACCEPTED,,VM_TRAP,N/A,False
gcd.ml,644,bit_flip,ACCEPTED,,CLEAN,N/A,False
gcd.ml,645,metadata_entry_func,REJECTED,BAD_CALL,N/A,CRASH_TypeError,False
gcd.ml,646,insertion,REJECTED,BAD_OPCODE,N/A,CRASH_ValueError,False
gcd.ml,647,insertion,REJECTED,BAD_OPCODE,N/A,CRASH_ValueError,False
gcd.ml,648,metadata_max_stack,ACCEPTED,,CLEAN,N/A,False
gcd.ml,649,truncation,REJECTED,FALLTHROUGH,N/A,CRASH_IndexError,False
gcd.ml,650,metadata_num_locals,REJECTED,LOCAL_RANGE,N/A,CRASH_IndexError,False
gcd.ml,651,byte_replace,ACCEPTED,,CLEAN,N/A,False
gcd.ml,652,bit_flip,ACCEPTED,,CLEAN,N/A,False
gcd.ml,653,bit_flip,REJECTED,BAD_OPCODE,N/A,CRASH_ValueError,False
gcd.ml,654,deletion,REJECTED,BAD_OPCODE,N/A,CRASH_ValueError,False
gcd.ml,655,byte_replace,REJECTED,BAD_OPCODE,N/A,CRASH_ValueError,False
gcd.ml,656,operand_corruption,ACCEPTED,,CLEAN,N/A,False
gcd.ml,657,metadata_num_locals,REJECTED,LOCAL_RANGE,N/A,COMPLETED,False
gcd.ml,658,bit_flip,REJECTED,LOCAL_RANGE,N/A,CRASH_IndexError,False
gcd.ml,659,deletion,REJECTED,BAD_JUMP,N/A,CRASH_ValueError,False
gcd.ml,660,deletion,REJECTED,TRUNCATED,N/A,CRASH_error,False
gcd.ml,661,opcode_swap,REJECTED,BAD_OPCODE,N/A,CRASH_IndexError,False
gcd.ml,662,bit_flip,ACCEPTED,,CLEAN,N/A,False
gcd.ml,663,deletion,REJECTED,BAD_OPCODE,N/A,CRASH_IndexError,False
gcd.ml,664,deletion,REJECTED,BAD_OPCODE,N/A,CRASH_IndexError,False
gcd.ml,665,bit_flip,ACCEPTED,,CLEAN,N/A,False
gcd.ml,666,metadata_num_locals,REJECTED,LOCAL_RANGE,N/A,CRASH_IndexError,False
gcd.ml,667,byte_replace,REJECTED,LOCAL_RANGE,N/A,CRASH_IndexError,False
gcd.ml,668,truncation,REJECTED,FALLTHROUGH,N/A,CRASH_IndexError,False
gcd.ml,669,bit_flip,REJECTED,LOCAL_RANGE,N/A,CRASH_IndexError,False
gcd.ml,670,metadata_num_locals,REJECTED,LOCAL_RANGE,N/A,CRASH_IndexError,False
gcd.ml,671,byte_replace,ACCEPTED,,CLEAN,N/A,False
gcd.ml,672,bit_flip,REJECTED,BAD_JUMP,N/A,CRASH_IndexError,False
gcd.ml,673,operand_corruption,REJECTED,BAD_OPCODE,N/A,CRASH_ValueError,False
gcd.ml,674,truncation,REJECTED,FALLTHROUGH,N/A,CRASH_IndexError,False
gcd.ml,675,byte_replace,REJECTED,LOCAL_RANGE,N/A,CRASH_IndexError,False
gcd.ml,676,opcode_swap,REJECTED,BAD_OPCODE,N/A,CRASH_ValueError,False
gcd.ml,677,deletion,REJECTED,BAD_OPCODE,N/A,CRASH_ValueError,False
gcd.ml,678,deletion,REJECTED,BAD_JUMP,N/A,STEP_LIMIT,False
gcd.ml,679,insertion,REJECTED,BAD_OPCODE,N/A,CRASH_IndexError,False
gcd.ml,680,truncation,REJECTED,TRUNCATED,N/A,CRASH_error,False
gcd.ml,681,deletion,REJECTED,TRUNCATED,N/A,CRASH_error,False
gcd.ml,682,opcode_swap,REJECTED,BAD_OPCODE,N/A,CRASH_ValueError,False
gcd.ml,683,truncation,REJECTED,TRUNCATED,N/A,CRASH_error,False
gcd.ml,684,bit_flip,REJECTED,BAD_OPCODE,N/A,CRASH_ValueError,False
gcd.ml,685,byte_replace,REJECTED,LOCAL_RANGE,N/A,CRASH_IndexError,False
gcd.ml,686,opcode_swap,ACCEPTED,,STEP_LIMIT,N/A,False
gcd.ml,687,deletion,REJECTED,BAD_OPCODE,N/A,CRASH_IndexError,False
gcd.ml,688,opcode_swap,REJECTED,BAD_OPCODE,N/A,CRASH_IndexError,False
gcd.ml,689,operand_corruption,ACCEPTED,,CLEAN,N/A,False
gcd.ml,690,metadata_num_locals,ACCEPTED,,CLEAN,N/A,False
gcd.ml,691,operand_corruption,REJECTED,BAD_OPCODE,N/A,COMPLETED,False
gcd.ml,692,opcode_swap,REJECTED,BAD_JUMP,N/A,CRASH_ValueError,False
gcd.ml,693,truncation,REJECTED,TRUNCATED,N/A,CRASH_error,False
gcd.ml,694,insertion,REJECTED,LOCAL_RANGE,N/A,CRASH_IndexError,False
gcd.ml,695,insertion,REJECTED,BAD_OPCODE,N/A,CRASH_ValueError,False
gcd.ml,696,byte_replace,ACCEPTED,,CLEAN,N/A,False
gcd.ml,697,metadata_max_stack,REJECTED,STACK_OVERFLOW,N/A,COMPLETED,False
gcd.ml,698,metadata_num_locals,ACCEPTED,,CLEAN,N/A,False
gcd.ml,699,deletion,REJECTED,BAD_JUMP,N/A,CRASH_TypeError,False
gcd.ml,700,byte_replace,REJECTED,BAD_JUMP,N/A,CRASH_IndexError,False
gcd.ml,701,bit_flip,REJECTED,LOCAL_RANGE,N/A,CRASH_IndexError,False
gcd.ml,702,operand_corruption,REJECTED,BAD_OPCODE,N/A,COMPLETED,False
gcd.ml,703,byte_replace,ACCEPTED,,CLEAN,N/A,False
gcd.ml,704,metadata_num_locals,REJECTED,LOCAL_RANGE,N/A,COMPLETED,False
gcd.ml,705,insertion,REJECTED,BAD_OPCODE,N/A,CRASH_IndexError,False
gcd.ml,706,metadata_num_locals,ACCEPTED,,CLEAN,N/A,False
gcd.ml,707,truncation,REJECTED,BAD_JUMP,N/A,CRASH_IndexError,False
gcd.ml,708,opcode_swap,REJECTED,STACK_OVERFLOW,N/A,CRASH_TypeError,False
gcd.ml,709,insertion,REJECTED,BAD_OPCODE,N/A,CRASH_IndexError,False
gcd.ml,710,byte_replace,ACCEPTED,,CLEAN,N/A,False
gcd.ml,711,byte_replace,ACCEPTED,,CLEAN,N/A,False
gcd.ml,712,opcode_swap,REJECTED,STACK_TYPE,N/A,VM_TRAP,False
gcd.ml,713,byte_replace,REJECTED,BAD_OPCODE,N/A,CRASH_ValueError,False
gcd.ml,714,deletion,REJECTED,BAD_RETURN,N/A,COMPLETED,False
gcd.ml,715,operand_corruption,REJECTED,BAD_OPCODE,N/A,CRASH_ValueError,False
gcd.ml,716,insertion,REJECTED,BAD_OPCODE,N/A,CRASH_ValueError,False
gcd.ml,717,metadata_entry_func,REJECTED,BAD_CALL,N/A,CRASH_TypeError,False
gcd.ml,718,byte_replace,REJECTED,BAD_OPCODE,N/A,CRASH_ValueError,False
gcd.ml,719,truncation,REJECTED,TRUNCATED,N/A,CRASH_error,False
gcd.ml,720,opcode_swap,REJECTED,BAD_OPCODE,N/A,CRASH_IndexError,False
gcd.ml,721,truncation,REJECTED,TRUNCATED,N/A,CRASH_error,False
gcd.ml,722,bit_flip,REJECTED,BAD_JUMP,N/A,CRASH_ValueError,False
gcd.ml,723,operand_corruption,ACCEPTED,,CLEAN,N/A,False
gcd.ml,724,insertion,REJECTED,BAD_OPCODE,N/A,CRASH_ValueError,False
gcd.ml,725,metadata_num_locals,ACCEPTED,,CLEAN,N/A,False
gcd.ml,726,insertion,REJECTED,BAD_OPCODE,N/A,CRASH_ValueError,False
gcd.ml,727,operand_corruption,REJECTED,BAD_OPCODE,N/A,COMPLETED,False
gcd.ml,728,byte_replace,REJECTED,BAD_OPCODE,N/A,CRASH_ValueError,False
gcd.ml,729,deletion,REJECTED,BAD_OPCODE,N/A,CRASH_ValueError,False
gcd.ml,730,insertion,REJECTED,BAD_OPCODE,N/A,CRASH_IndexError,False
gcd.ml,731,truncation,REJECTED,FALLTHROUGH,N/A,CRASH_IndexError,False
gcd.ml,732,metadata_num_locals,REJECTED,LOCAL_RANGE,N/A,COMPLETED,False
gcd.ml,733,operand_corruption,REJECTED,BAD_OPCODE,N/A,COMPLETED,False
gcd.ml,734,bit_flip,REJECTED,BAD_OPCODE,N/A,CRASH_ValueError,False
gcd.ml,735,operand_corruption,REJECTED,BAD_OPCODE,N/A,COMPLETED,False
gcd.ml,736,opcode_swap,REJECTED,BAD_OPCODE,N/A,CRASH_IndexError,False
gcd.ml,737,operand_corruption,ACCEPTED,,CLEAN,N/A,False
gcd.ml,738,insertion,REJECTED,BAD_OPCODE,N/A,CRASH_ValueError,False
gcd.ml,739,bit_flip,ACCEPTED,,CLEAN,N/A,False
gcd.ml,740,metadata_max_stack,REJECTED,STACK_OVERFLOW,N/A,COMPLETED,False
gcd.ml,741,operand_corruption,REJECTED,BAD_OPCODE,N/A,CRASH_ValueError,False
gcd.ml,742,truncation,REJECTED,TRUNCATED,N/A,CRASH_error,False
gcd.ml,743,byte_replace,REJECTED,LOCAL_RANGE,N/A,CRASH_IndexError,False
gcd.ml,744,opcode_swap,REJECTED,BAD_OPCODE,N/A,CRASH_IndexError,False
gcd.ml,745,opcode_swap,REJECTED,BAD_OPCODE,N/A,CRASH_IndexError,False
gcd.ml,746,truncation,REJECTED,TRUNCATED,N/A,CRASH_error,False
gcd.ml,747,deletion,REJECTED,BAD_JUMP,N/A,CRASH_IndexError,False
gcd.ml,748,opcode_swap,REJECTED,STACK_UNDERFLOW,N/A,CRASH_IndexError,False
gcd.ml,749,deletion,REJECTED,BAD_OPCODE,N/A,CRASH_ValueError,False
gcd.ml,750,truncation,REJECTED,TRUNCATED,N/A,CRASH_error,False
gcd.ml,751,byte_replace,REJECTED,BAD_JUMP,N/A,CRASH_ValueError,False
gcd.ml,752,operand_corruption,REJECTED,BAD_OPCODE,N/A,CRASH_ValueError,False
gcd.ml,753,insertion,REJECTED,BAD_OPCODE,N/A,CRASH_IndexError,False
gcd.ml,754,opcode_swap,REJECTED,BAD_OPCODE,N/A,CRASH_ValueError,False
gcd.ml,755,byte_replace,ACCEPTED,,CLEAN,N/A,False
gcd.ml,756,metadata_max_stack,REJECTED,STACK_OVERFLOW,N/A,COMPLETED,False
gcd.ml,757,metadata_num_locals,ACCEPTED,,CLEAN,N/A,False
gcd.ml,758,bit_flip,REJECTED,BAD_OPCODE,N/A,CRASH_IndexError,False
gcd.ml,759,deletion,REJECTED,FALLTHROUGH,N/A,CRASH_IndexError,False
gcd.ml,760,operand_corruption,REJECTED,BAD_OPCODE,N/A,CRASH_IndexError,False
gcd.ml,761,truncation,REJECTED,BAD_JUMP,N/A,CRASH_IndexError,False
gcd.ml,762,insertion,REJECTED,BAD_OPCODE,N/A,CRASH_IndexError,False
gcd.ml,763,byte_replace,REJECTED,BAD_CALL,N/A,CRASH_IndexError,False
gcd.ml,764,deletion,REJECTED,BAD_OPCODE,N/A,CRASH_IndexError,False
gcd.ml,765,operand_corruption,ACCEPTED,,CLEAN,N/A,False
gcd.ml,766,truncation,REJECTED,TRUNCATED,N/A,CRASH_error,False
gcd.ml,767,truncation,REJECTED,FALLTHROUGH,N/A,CRASH_IndexError,False
gcd.ml,768,insertion,REJECTED,BAD_OPCODE,N/A,CRASH_ValueError,False
gcd.ml,769,metadata_max_stack,ACCEPTED,,CLEAN,N/A,False
gcd.ml,770,deletion,REJECTED,STACK_OVERFLOW,N/A,COMPLETED,False
gcd.ml,771,insertion,REJECTED,BAD_OPCODE,N/A,CRASH_IndexError,False
gcd.ml,772,bit_flip,REJECTED,BAD_OPCODE,N/A,CRASH_IndexError,False
gcd.ml,773,byte_replace,REJECTED,BAD_OPCODE,N/A,CRASH_ValueError,False
gcd.ml,774,deletion,REJECTED,BAD_OPCODE,N/A,CRASH_ValueError,False
gcd.ml,775,operand_corruption,ACCEPTED,,CLEAN,N/A,False
gcd.ml,776,operand_corruption,REJECTED,BAD_OPCODE,N/A,CRASH_ValueError,False
gcd.ml,777,operand_corruption,ACCEPTED,,CLEAN,N/A,False
gcd.ml,778,insertion,REJECTED,BAD_OPCODE,N/A,CRASH_ValueError,False
gcd.ml,779,byte_replace,REJECTED,BAD_OPCODE,N/A,CRASH_ValueError,False
gcd.ml,780,byte_replace,ACCEPTED,,CLEAN,N/A,False
gcd.ml,781,insertion,REJECTED,BAD_OPCODE,N/A,COMPLETED,False
gcd.ml,782,deletion,REJECTED,BAD_OPCODE,N/A,CRASH_ValueError,False
gcd.ml,783,opcode_swap,REJECTED,STACK_UNDERFLOW,N/A,CRASH_IndexError,False
gcd.ml,784,insertion,REJECTED,BAD_OPCODE,N/A,CRASH_IndexError,False
gcd.ml,785,byte_replace,REJECTED,LOCAL_RANGE,N/A,CRASH_IndexError,False
gcd.ml,786,insertion,REJECTED,BAD_OPCODE,N/A,CRASH_IndexError,False
gcd.ml,787,byte_replace,REJECTED,BAD_OPCODE,N/A,CRASH_ValueError,False
gcd.ml,788,metadata_max_stack,ACCEPTED,,CLEAN,N/A,False
gcd.ml,789,metadata_max_stack,REJECTED,STACK_OVERFLOW,N/A,COMPLETED,False
gcd.ml,790,operand_corruption,REJECTED,BAD_OPCODE,N/A,CRASH_ValueError,False
gcd.ml,791,opcode_swap,ACCEPTED,,CLEAN,N/A,False
gcd.ml,792,bit_flip,ACCEPTED,,CLEAN,N/A,False
gcd.ml,793,metadata_entry_func,ACCEPTED,,CLEAN,N/A,False
gcd.ml,794,byte_replace,ACCEPTED,,CLEAN,N/A,False
gcd.ml,795,byte_replace,REJECTED,STACK_UNDERFLOW,N/A,CRASH_IndexError,False
gcd.ml,796,truncation,REJECTED,TRUNCATED,N/A,CRASH_error,False
gcd.ml,797,insertion,REJECTED,BAD_OPCODE,N/A,CRASH_ValueError,False
gcd.ml,798,operand_corruption,REJECTED,BAD_OPCODE,N/A,CRASH_ValueError,False
gcd.ml,799,insertion,REJECTED,BAD_OPCODE,N/A,CRASH_ValueError,False
gcd.ml,800,deletion,REJECTED,BAD_OPCODE,N/A,CRASH_ValueError,False
gcd.ml,801,metadata_entry_func,REJECTED,BAD_CALL,N/A,CRASH_IndexError,False
gcd.ml,802,deletion,REJECTED,BAD_OPCODE,N/A,CRASH_ValueError,False
gcd.ml,803,byte_replace,REJECTED,BAD_OPCODE,N/A,CRASH_IndexError,False
gcd.ml,804,metadata_entry_func,REJECTED,BAD_CALL,N/A,CRASH_IndexError,False
gcd.ml,805,bit_flip,REJECTED,LOCAL_RANGE,N/A,CRASH_IndexError,False
gcd.ml,806,deletion,REJECTED,LOCAL_RANGE,N/A,CRASH_IndexError,False
gcd.ml,807,opcode_swap,REJECTED,BAD_OPCODE,N/A,CRASH_ValueError,False
gcd.ml,808,metadata_entry_func,REJECTED,BAD_CALL,N/A,CRASH_TypeError,False
gcd.ml,809,metadata_num_locals,REJECTED,LOCAL_RANGE,N/A,COMPLETED,False
gcd.ml,810,opcode_swap,REJECTED,BAD_OPCODE,N/A,CRASH_ValueError,False
gcd.ml,811,metadata_entry_func,REJECTED,BAD_CALL,N/A,CRASH_TypeError,False
gcd.ml,812,bit_flip,ACCEPTED,,CLEAN,N/A,False
gcd.ml,813,bit_flip,REJECTED,BAD_CALL,N/A,CRASH_IndexError,False
gcd.ml,814,byte_replace,REJECTED,BAD_OPCODE,N/A,CRASH_IndexError,False
gcd.ml,815,metadata_entry_func,REJECTED,BAD_CALL,N/A,CRASH_IndexError,False
gcd.ml,816,insertion,REJECTED,BAD_OPCODE,N/A,CRASH_ValueError,False
gcd.ml,817,truncation,REJECTED,FALLTHROUGH,N/A,CRASH_IndexError,False
gcd.ml,818,deletion,REJECTED,BAD_JUMP,N/A,CRASH_TypeError,False
gcd.ml,819,byte_replace,REJECTED,BAD_OPCODE,N/A,CRASH_ValueError,False
gcd.ml,820,byte_replace,ACCEPTED,,CLEAN,N/A,False
gcd.ml,821,opcode_swap,REJECTED,STACK_UNDERFLOW,N/A,CRASH_IndexError,False
gcd.ml,822,metadata_entry_func,REJECTED,BAD_CALL,N/A,CRASH_IndexError,False
gcd.ml,823,bit_flip,REJECTED,BAD_CALL,N/A,CRASH_IndexError,False
gcd.ml,824,bit_flip,REJECTED,STACK_UNDERFLOW,N/A,CRASH_IndexError,False
gcd.ml,825,bit_flip,ACCEPTED,,CLEAN,N/A,False
gcd.ml,826,bit_flip,REJECTED,BAD_OPCODE,N/A,CRASH_ValueError,False
gcd.ml,827,insertion,REJECTED,BAD_OPCODE,N/A,CRASH_ValueError,False
gcd.ml,828,metadata_num_locals,ACCEPTED,,CLEAN,N/A,False
gcd.ml,829,operand_corruption,REJECTED,BAD_OPCODE,N/A,CRASH_ValueError,False
gcd.ml,830,deletion,REJECTED,STACK_UNDERFLOW,N/A,CRASH_IndexError,False
gcd.ml,831,deletion,REJECTED,BAD_RETURN,N/A,COMPLETED,False
gcd.ml,832,bit_flip,REJECTED,LOCAL_RANGE,N/A,CRASH_IndexError,False
gcd.ml,833,byte_replace,ACCEPTED,,CLEAN,N/A,False
gcd.ml,834,deletion,REJECTED,BAD_OPCODE,N/A,CRASH_ValueError,False
gcd.ml,835,opcode_swap,REJECTED,BAD_OPCODE,N/A,CRASH_IndexError,False
gcd.ml,836,truncation,REJECTED,TRUNCATED,N/A,CRASH_error,False
gcd.ml,837,byte_replace,ACCEPTED,,CLEAN,N/A,False
gcd.ml,838,bit_flip,ACCEPTED,,CLEAN,N/A,False
gcd.ml,839,metadata_entry_func,REJECTED,BAD_CALL,N/A,CRASH_IndexError,False
gcd.ml,840,insertion,REJECTED,BAD_OPCODE,N/A,CRASH_ValueError,False
gcd.ml,841,truncation,REJECTED,TRUNCATED,N/A,CRASH_error,False
gcd.ml,842,metadata_max_stack,ACCEPTED,,CLEAN,N/A,False
gcd.ml,843,operand_corruption,ACCEPTED,,CLEAN,N/A,False
gcd.ml,844,metadata_max_stack,REJECTED,STACK_OVERFLOW,N/A,COMPLETED,False
gcd.ml,845,operand_corruption,REJECTED,BAD_OPCODE,N/A,CRASH_ValueError,False
gcd.ml,846,insertion,REJECTED,BAD_OPCODE,N/A,COMPLETED,False
gcd.ml,847,insertion,REJECTED,BAD_OPCODE,N/A,CRASH_ValueError,False
gcd.ml,848,byte_replace,REJECTED,BAD_OPCODE,N/A,CRASH_ValueError,False
gcd.ml,849,insertion,REJECTED,BAD_OPCODE,N/A,CRASH_ValueError,False
gcd.ml,850,insertion,REJECTED,BAD_OPCODE,N/A,CRASH_ValueError,False
gcd.ml,851,metadata_num_locals,REJECTED,LOCAL_RANGE,N/A,COMPLETED,False
gcd.ml,852,truncation,REJECTED,TRUNCATED,N/A,CRASH_error,False
gcd.ml,853,truncation,REJECTED,TRUNCATED,N/A,CRASH_error,False
gcd.ml,854,opcode_swap,REJECTED,BAD_OPCODE,N/A,CRASH_IndexError,False
gcd.ml,855,deletion,REJECTED,BAD_OPCODE,N/A,CRASH_IndexError,False
gcd.ml,856,operand_corruption,REJECTED,BAD_OPCODE,N/A,COMPLETED,False
gcd.ml,857,metadata_max_stack,REJECTED,STACK_OVERFLOW,N/A,COMPLETED,False
gcd.ml,858,bit_flip,REJECTED,BAD_OPCODE,N/A,CRASH_ValueError,False
gcd.ml,859,metadata_max_stack,REJECTED,STACK_OVERFLOW,N/A,COMPLETED,False
gcd.ml,860,truncation,REJECTED,BAD_JUMP,N/A,CRASH_IndexError,False
gcd.ml,861,metadata_max_stack,ACCEPTED,,CLEAN,N/A,False
gcd.ml,862,operand_corruption,REJECTED,LOCAL_RANGE,N/A,CRASH_IndexError,False
gcd.ml,863,truncation,REJECTED,FALLTHROUGH,N/A,CRASH_IndexError,False
gcd.ml,864,opcode_swap,REJECTED,BAD_OPCODE,N/A,STEP_LIMIT,False
gcd.ml,865,bit_flip,REJECTED,BAD_JUMP,N/A,CRASH_IndexError,False
gcd.ml,866,metadata_max_stack,REJECTED,STACK_OVERFLOW,N/A,COMPLETED,False
gcd.ml,867,insertion,REJECTED,BAD_OPCODE,N/A,CRASH_ValueError,False
gcd.ml,868,bit_flip,ACCEPTED,,CLEAN,N/A,False
gcd.ml,869,metadata_num_locals,REJECTED,LOCAL_RANGE,N/A,CRASH_IndexError,False
gcd.ml,870,opcode_swap,REJECTED,BAD_OPCODE,N/A,CRASH_IndexError,False
gcd.ml,871,metadata_max_stack,REJECTED,STACK_OVERFLOW,N/A,COMPLETED,False
gcd.ml,872,bit_flip,REJECTED,BAD_JUMP,N/A,CRASH_ValueError,False
gcd.ml,873,metadata_entry_func,REJECTED,BAD_CALL,N/A,CRASH_IndexError,False
gcd.ml,874,metadata_max_stack,ACCEPTED,,CLEAN,N/A,False
gcd.ml,875,truncation,REJECTED,BAD_JUMP,N/A,CRASH_IndexError,False
gcd.ml,876,opcode_swap,REJECTED,STACK_UNDERFLOW,N/A,CRASH_IndexError,False
gcd.ml,877,metadata_entry_func,ACCEPTED,,CLEAN,N/A,False
gcd.ml,878,insertion,REJECTED,BAD_OPCODE,N/A,CRASH_ValueError,False
gcd.ml,879,truncation,REJECTED,BAD_JUMP,N/A,CRASH_IndexError,False
gcd.ml,880,deletion,REJECTED,TRUNCATED,N/A,CRASH_error,False
gcd.ml,881,metadata_num_locals,REJECTED,LOCAL_RANGE,N/A,CRASH_IndexError,False
gcd.ml,882,opcode_swap,REJECTED,STACK_UNDERFLOW,N/A,CRASH_IndexError,False
gcd.ml,883,operand_corruption,REJECTED,BAD_OPCODE,N/A,CRASH_ValueError,False
gcd.ml,884,operand_corruption,ACCEPTED,,CLEAN,N/A,False
gcd.ml,885,truncation,REJECTED,TRUNCATED,N/A,CRASH_error,False
gcd.ml,886,metadata_entry_func,REJECTED,BAD_CALL,N/A,CRASH_TypeError,False
gcd.ml,887,metadata_num_locals,REJECTED,LOCAL_RANGE,N/A,COMPLETED,False
gcd.ml,888,metadata_entry_func,REJECTED,BAD_CALL,N/A,CRASH_TypeError,False
gcd.ml,889,metadata_max_stack,REJECTED,STACK_OVERFLOW,N/A,COMPLETED,False
gcd.ml,890,operand_corruption,REJECTED,BAD_OPCODE,N/A,CRASH_IndexError,False
gcd.ml,891,metadata_entry_func,ACCEPTED,,CLEAN,N/A,False
gcd.ml,892,byte_replace,ACCEPTED,,CLEAN,N/A,False
gcd.ml,893,truncation,REJECTED,TRUNCATED,N/A,CRASH_error,False
gcd.ml,894,bit_flip,REJECTED,BAD_OPCODE,N/A,CRASH_ValueError,False
gcd.ml,895,deletion,REJECTED,STACK_OVERFLOW,N/A,COMPLETED,False
gcd.ml,896,opcode_swap,REJECTED,STACK_UNDERFLOW,N/A,CRASH_IndexError,False
gcd.ml,897,byte_replace,ACCEPTED,,CLEAN,N/A,False
gcd.ml,898,truncation,REJECTED,TRUNCATED,N/A,CRASH_error,False
gcd.ml,899,opcode_swap,REJECTED,BAD_OPCODE,N/A,CRASH_ValueError,False
gcd.ml,900,byte_replace,ACCEPTED,,CLEAN,N/A,False
gcd.ml,901,insertion,REJECTED,BAD_OPCODE,N/A,CRASH_ValueError,False
gcd.ml,902,truncation,REJECTED,TRUNCATED,N/A,CRASH_error,False
gcd.ml,903,operand_corruption,ACCEPTED,,CLEAN,N/A,False
gcd.ml,904,deletion,REJECTED,BAD_OPCODE,N/A,CRASH_ValueError,False
gcd.ml,905,deletion,REJECTED,BAD_OPCODE,N/A,CRASH_ValueError,False
gcd.ml,906,bit_flip,REJECTED,BAD_OPCODE,N/A,CRASH_ValueError,False
gcd.ml,907,deletion,REJECTED,BAD_OPCODE,N/A,CRASH_IndexError,False
gcd.ml,908,insertion,REJECTED,BAD_OPCODE,N/A,CRASH_ValueError,False
gcd.ml,909,operand_corruption,REJECTED,BAD_OPCODE,N/A,CRASH_IndexError,False
gcd.ml,910,bit_flip,REJECTED,BAD_OPCODE,N/A,CRASH_ValueError,False
gcd.ml,911,metadata_num_locals,REJECTED,LOCAL_RANGE,N/A,CRASH_IndexError,False
gcd.ml,912,bit_flip,REJECTED,LOCAL_RANGE,N/A,CRASH_IndexError,False
gcd.ml,913,byte_replace,REJECTED,BAD_OPCODE,N/A,CRASH_ValueError,False
gcd.ml,914,deletion,REJECTED,BAD_RETURN,N/A,COMPLETED,False
gcd.ml,915,metadata_max_stack,ACCEPTED,,CLEAN,N/A,False
gcd.ml,916,opcode_swap,REJECTED,BAD_OPCODE,N/A,CRASH_IndexError,False
gcd.ml,917,insertion,REJECTED,BAD_OPCODE,N/A,CRASH_ValueError,False
gcd.ml,918,metadata_entry_func,ACCEPTED,,CLEAN,N/A,False
gcd.ml,919,truncation,REJECTED,TRUNCATED,N/A,CRASH_error,False
gcd.ml,920,operand_corruption,REJECTED,BAD_OPCODE,N/A,COMPLETED,False
gcd.ml,921,byte_replace,REJECTED,LOCAL_RANGE,N/A,CRASH_IndexError,False
gcd.ml,922,metadata_max_stack,REJECTED,STACK_OVERFLOW,N/A,COMPLETED,False
gcd.ml,923,byte_replace,REJECTED,LOCAL_RANGE,N/A,CRASH_IndexError,False
gcd.ml,924,truncation,REJECTED,TRUNCATED,N/A,CRASH_error,False
gcd.ml,925,byte_replace,REJECTED,BAD_OPCODE,N/A,CRASH_ValueError,False
gcd.ml,926,byte_replace,REJECTED,BAD_OPCODE,N/A,CRASH_ValueError,False
gcd.ml,927,opcode_swap,REJECTED,BAD_OPCODE,N/A,CRASH_IndexError,False
gcd.ml,928,metadata_num_locals,REJECTED,LOCAL_RANGE,N/A,COMPLETED,False
gcd.ml,929,truncation,REJECTED,TRUNCATED,N/A,CRASH_error,False
gcd.ml,930,deletion,REJECTED,BAD_OPCODE,N/A,CRASH_ValueError,False
gcd.ml,931,truncation,REJECTED,TRUNCATED,N/A,CRASH_error,False
gcd.ml,932,byte_replace,REJECTED,BAD_OPCODE,N/A,CRASH_ValueError,False
gcd.ml,933,bit_flip,ACCEPTED,,CLEAN,N/A,False
gcd.ml,934,opcode_swap,REJECTED,BAD_OPCODE,N/A,CRASH_ValueError,False
gcd.ml,935,byte_replace,REJECTED,LOCAL_RANGE,N/A,CRASH_IndexError,False
gcd.ml,936,metadata_max_stack,REJECTED,STACK_OVERFLOW,N/A,COMPLETED,False
gcd.ml,937,deletion,REJECTED,LOCAL_RANGE,N/A,CRASH_IndexError,False
gcd.ml,938,opcode_swap,REJECTED,STACK_OVERFLOW,N/A,STEP_LIMIT,False
gcd.ml,939,operand_corruption,REJECTED,BAD_OPCODE,N/A,COMPLETED,False
gcd.ml,940,metadata_num_locals,ACCEPTED,,CLEAN,N/A,False
gcd.ml,941,metadata_max_stack,ACCEPTED,,CLEAN,N/A,False
gcd.ml,942,byte_replace,REJECTED,LOCAL_RANGE,N/A,CRASH_IndexError,False
gcd.ml,943,bit_flip,REJECTED,BAD_OPCODE,N/A,CRASH_IndexError,False
gcd.ml,944,byte_replace,REJECTED,LOCAL_RANGE,N/A,CRASH_IndexError,False
gcd.ml,945,byte_replace,ACCEPTED,,CLEAN,N/A,False
gcd.ml,946,byte_replace,ACCEPTED,,VM_TRAP,N/A,False
gcd.ml,947,metadata_num_locals,REJECTED,LOCAL_RANGE,N/A,COMPLETED,False
gcd.ml,948,insertion,REJECTED,BAD_OPCODE,N/A,CRASH_ValueError,False
gcd.ml,949,deletion,REJECTED,BAD_OPCODE,N/A,CRASH_ValueError,False
gcd.ml,950,bit_flip,ACCEPTED,,CLEAN,N/A,False
gcd.ml,951,byte_replace,REJECTED,LOCAL_RANGE,N/A,CRASH_IndexError,False
gcd.ml,952,deletion,REJECTED,FALLTHROUGH,N/A,CRASH_IndexError,False
gcd.ml,953,truncation,REJECTED,TRUNCATED,N/A,CRASH_error,False
gcd.ml,954,metadata_max_stack,REJECTED,STACK_OVERFLOW,N/A,COMPLETED,False
gcd.ml,955,deletion,REJECTED,BAD_JUMP,N/A,CRASH_TypeError,False
gcd.ml,956,deletion,REJECTED,BAD_OPCODE,N/A,CRASH_IndexError,False
gcd.ml,957,bit_flip,REJECTED,BAD_OPCODE,N/A,CRASH_ValueError,False
gcd.ml,958,opcode_swap,REJECTED,MERGE_MISMATCH,N/A,COMPLETED,False
gcd.ml,959,metadata_num_locals,REJECTED,LOCAL_RANGE,N/A,COMPLETED,False
gcd.ml,960,truncation,REJECTED,TRUNCATED,N/A,CRASH_error,False
gcd.ml,961,byte_replace,REJECTED,BAD_JUMP,N/A,CRASH_IndexError,False
gcd.ml,962,metadata_num_locals,ACCEPTED,,CLEAN,N/A,False
gcd.ml,963,byte_replace,ACCEPTED,,CLEAN,N/A,False
gcd.ml,964,metadata_entry_func,REJECTED,BAD_CALL,N/A,CRASH_TypeError,False
gcd.ml,965,truncation,REJECTED,TRUNCATED,N/A,CRASH_error,False
gcd.ml,966,operand_corruption,ACCEPTED,,CLEAN,N/A,False
gcd.ml,967,operand_corruption,REJECTED,BAD_OPCODE,N/A,CRASH_IndexError,False
gcd.ml,968,bit_flip,REJECTED,BAD_CALL,N/A,CRASH_IndexError,False
gcd.ml,969,truncation,REJECTED,TRUNCATED,N/A,CRASH_error,False
gcd.ml,970,deletion,REJECTED,BAD_OPCODE,N/A,CRASH_ValueError,False
gcd.ml,971,insertion,REJECTED,BAD_OPCODE,N/A,CRASH_IndexError,False
gcd.ml,972,metadata_max_stack,REJECTED,STACK_OVERFLOW,N/A,COMPLETED,False
gcd.ml,973,deletion,REJECTED,BAD_OPCODE,N/A,CRASH_ValueError,False
gcd.ml,974,metadata_max_stack,REJECTED,STACK_OVERFLOW,N/A,COMPLETED,False
gcd.ml,975,bit_flip,ACCEPTED,,CLEAN,N/A,False
gcd.ml,976,opcode_swap,REJECTED,STACK_UNDERFLOW,N/A,CRASH_IndexError,False
gcd.ml,977,insertion,REJECTED,BAD_OPCODE,N/A,CRASH_ValueError,False
gcd.ml,978,insertion,REJECTED,BAD_OPCODE,N/A,CRASH_ValueError,False
gcd.ml,979,operand_corruption,ACCEPTED,,CLEAN,N/A,False
gcd.ml,980,deletion,REJECTED,BAD_OPCODE,N/A,CRASH_IndexError,False
gcd.ml,981,metadata_num_locals,ACCEPTED,,CLEAN,N/A,False
gcd.ml,982,insertion,REJECTED,BAD_OPCODE,N/A,CRASH_IndexError,False
gcd.ml,983,insertion,REJECTED,BAD_OPCODE,N/A,CRASH_ValueError,False
gcd.ml,984,insertion,REJECTED,BAD_OPCODE,N/A,CRASH_IndexError,False
gcd.ml,985,bit_flip,ACCEPTED,,CLEAN,N/A,False
gcd.ml,986,bit_flip,REJECTED,BAD_OPCODE,N/A,CRASH_ValueError,False
gcd.ml,987,operand_corruption,ACCEPTED,,CLEAN,N/A,False
gcd.ml,988,opcode_swap,REJECTED,BAD_OPCODE,N/A,CRASH_IndexError,False
gcd.ml,989,bit_flip,REJECTED,STACK_UNDERFLOW,N/A,CRASH_IndexError,False
gcd.ml,990,bit_flip,REJECTED,BAD_JUMP,N/A,CRASH_IndexError,False
gcd.ml,991,metadata_max_stack,REJECTED,STACK_OVERFLOW,N/A,COMPLETED,False
gcd.ml,992,truncation,REJECTED,BAD_JUMP,N/A,CRASH_IndexError,False
gcd.ml,993,bit_flip,REJECTED,BAD_OPCODE,N/A,CRASH_ValueError,False
gcd.ml,994,operand_corruption,REJECTED,BAD_OPCODE,N/A,CRASH_ValueError,False
gcd.ml,995,byte_replace,REJECTED,BAD_OPCODE,N/A,CRASH_ValueError,False
gcd.ml,996,operand_corruption,ACCEPTED,,CLEAN,N/A,False
gcd.ml,997,byte_replace,REJECTED,BAD_OPCODE,N/A,CRASH_ValueError,False
gcd.ml,998,metadata_max_stack,REJECTED,STACK_OVERFLOW,N/A,COMPLETED,False
gcd.ml,999,insertion,REJECTED,BAD_OPCODE,N/A,CRASH_ValueError,False
gcd.ml,1000,byte_replace,ACCEPTED,,CLEAN,N/A,False
logic.ml,1,operand_corruption,ACCEPTED,,CLEAN,N/A,False
logic.ml,2,metadata_max_stack,REJECTED,STACK_OVERFLOW,N/A,COMPLETED,False
logic.ml,3,insertion,REJECTED,BAD_OPCODE,N/A,COMPLETED,False
logic.ml,4,deletion,REJECTED,BAD_OPCODE,N/A,CRASH_ValueError,False
logic.ml,5,insertion,REJECTED,BAD_OPCODE,N/A,CRASH_ValueError,False
logic.ml,6,insertion,REJECTED,BAD_OPCODE,N/A,CRASH_IndexError,False
logic.ml,7,truncation,REJECTED,FALLTHROUGH,N/A,CRASH_IndexError,False
logic.ml,8,deletion,REJECTED,BAD_OPCODE,N/A,CRASH_ValueError,False
logic.ml,9,truncation,REJECTED,TRUNCATED,N/A,CRASH_error,False
logic.ml,10,deletion,REJECTED,BAD_OPCODE,N/A,CRASH_ValueError,False
logic.ml,11,truncation,REJECTED,TRUNCATED,N/A,CRASH_error,False
logic.ml,12,bit_flip,REJECTED,BAD_OPCODE,N/A,CRASH_IndexError,False
logic.ml,13,bit_flip,ACCEPTED,,CLEAN,N/A,False
logic.ml,14,deletion,REJECTED,BAD_OPCODE,N/A,CRASH_IndexError,False
logic.ml,15,byte_replace,REJECTED,LOCAL_RANGE,N/A,CRASH_IndexError,False
logic.ml,16,metadata_max_stack,ACCEPTED,,CLEAN,N/A,False
logic.ml,17,operand_corruption,ACCEPTED,,CLEAN,N/A,False
logic.ml,18,metadata_num_locals,REJECTED,LOCAL_RANGE,N/A,COMPLETED,False
logic.ml,19,metadata_entry_func,ACCEPTED,,CLEAN,N/A,False
logic.ml,20,truncation,REJECTED,FALLTHROUGH,N/A,CRASH_IndexError,False
logic.ml,21,metadata_num_locals,ACCEPTED,,CLEAN,N/A,False
logic.ml,22,deletion,REJECTED,BAD_OPCODE,N/A,CRASH_ValueError,False
logic.ml,23,bit_flip,ACCEPTED,,CLEAN,N/A,False
logic.ml,24,truncation,REJECTED,FALLTHROUGH,N/A,CRASH_IndexError,False
logic.ml,25,metadata_entry_func,REJECTED,BAD_CALL,N/A,CRASH_TypeError,False
logic.ml,26,deletion,REJECTED,BAD_RETURN,N/A,COMPLETED,False
logic.ml,27,truncation,REJECTED,FALLTHROUGH,N/A,CRASH_IndexError,False
logic.ml,28,operand_corruption,REJECTED,BAD_OPCODE,N/A,CRASH_ValueError,False
logic.ml,29,metadata_num_locals,REJECTED,LOCAL_RANGE,N/A,COMPLETED,False
logic.ml,30,opcode_swap,REJECTED,TRUNCATED,N/A,CRASH_error,False
logic.ml,31,bit_flip,REJECTED,LOCAL_RANGE,N/A,CRASH_IndexError,False
logic.ml,32,metadata_num_locals,REJECTED,LOCAL_RANGE,N/A,COMPLETED,False
logic.ml,33,insertion,REJECTED,BAD_OPCODE,N/A,CRASH_ValueError,False
logic.ml,34,operand_corruption,REJECTED,BAD_OPCODE,N/A,CRASH_ValueError,False
logic.ml,35,insertion,REJECTED,BAD_OPCODE,N/A,CRASH_ValueError,False
logic.ml,36,deletion,REJECTED,STACK_TYPE,N/A,COMPLETED,False
logic.ml,37,metadata_num_locals,ACCEPTED,,CLEAN,N/A,False
logic.ml,38,insertion,REJECTED,BAD_OPCODE,N/A,CRASH_ValueError,False
logic.ml,39,operand_corruption,REJECTED,BAD_OPCODE,N/A,CRASH_IndexError,False
logic.ml,40,metadata_entry_func,REJECTED,BAD_CALL,N/A,CRASH_IndexError,False
logic.ml,41,bit_flip,ACCEPTED,,CLEAN,N/A,False
logic.ml,42,byte_replace,REJECTED,LOCAL_RANGE,N/A,CRASH_IndexError,False
logic.ml,43,opcode_swap,REJECTED,BAD_OPCODE,N/A,CRASH_ValueError,False
logic.ml,44,operand_corruption,ACCEPTED,,CLEAN,N/A,False
logic.ml,45,deletion,REJECTED,FALLTHROUGH,N/A,CRASH_IndexError,False
logic.ml,46,insertion,REJECTED,BAD_OPCODE,N/A,CRASH_ValueError,False
logic.ml,47,metadata_num_locals,REJECTED,LOCAL_RANGE,N/A,COMPLETED,False
logic.ml,48,deletion,REJECTED,LOCAL_RANGE,N/A,CRASH_IndexError,False
logic.ml,49,deletion,REJECTED,BAD_OPCODE,N/A,CRASH_ValueError,False
logic.ml,50,opcode_swap,REJECTED,BAD_OPCODE,N/A,COMPLETED,False
logic.ml,51,metadata_num_locals,REJECTED,LOCAL_RANGE,N/A,COMPLETED,False
logic.ml,52,byte_replace,REJECTED,LOCAL_RANGE,N/A,CRASH_IndexError,False
logic.ml,53,metadata_entry_func,REJECTED,BAD_CALL,N/A,CRASH_IndexError,False
logic.ml,54,bit_flip,REJECTED,BAD_OPCODE,N/A,CRASH_ValueError,False
logic.ml,55,bit_flip,REJECTED,TRUNCATED,N/A,CRASH_error,False
logic.ml,56,opcode_swap,REJECTED,STACK_UNDERFLOW,N/A,COMPLETED,False
logic.ml,57,bit_flip,ACCEPTED,,CLEAN,N/A,False
logic.ml,58,operand_corruption,ACCEPTED,,CLEAN,N/A,False
logic.ml,59,deletion,REJECTED,LOCAL_RANGE,N/A,CRASH_IndexError,False
logic.ml,60,byte_replace,REJECTED,BAD_OPCODE,N/A,CRASH_ValueError,False
logic.ml,61,bit_flip,ACCEPTED,,CLEAN,N/A,False
logic.ml,62,operand_corruption,REJECTED,BAD_OPCODE,N/A,CRASH_ValueError,False
logic.ml,63,insertion,REJECTED,BAD_OPCODE,N/A,CRASH_ValueError,False
logic.ml,64,truncation,REJECTED,FALLTHROUGH,N/A,CRASH_IndexError,False
logic.ml,65,truncation,REJECTED,FALLTHROUGH,N/A,CRASH_IndexError,False
logic.ml,66,opcode_swap,REJECTED,TRUNCATED,N/A,CRASH_error,False
logic.ml,67,truncation,REJECTED,FALLTHROUGH,N/A,CRASH_IndexError,False
logic.ml,68,insertion,REJECTED,BAD_OPCODE,N/A,CRASH_ValueError,False
logic.ml,69,metadata_entry_func,REJECTED,BAD_CALL,N/A,CRASH_TypeError,False
logic.ml,70,deletion,REJECTED,BAD_OPCODE,N/A,CRASH_IndexError,False
logic.ml,71,byte_replace,ACCEPTED,,CLEAN,N/A,False
logic.ml,72,metadata_max_stack,REJECTED,STACK_OVERFLOW,N/A,COMPLETED,False
logic.ml,73,insertion,REJECTED,BAD_OPCODE,N/A,CRASH_ValueError,False
logic.ml,74,insertion,REJECTED,BAD_OPCODE,N/A,CRASH_ValueError,False
logic.ml,75,metadata_max_stack,REJECTED,STACK_OVERFLOW,N/A,COMPLETED,False
logic.ml,76,metadata_entry_func,ACCEPTED,,CLEAN,N/A,False
logic.ml,77,metadata_num_locals,REJECTED,LOCAL_RANGE,N/A,COMPLETED,False
logic.ml,78,bit_flip,REJECTED,BAD_OPCODE,N/A,CRASH_ValueError,False
logic.ml,79,bit_flip,REJECTED,BAD_OPCODE,N/A,CRASH_ValueError,False
logic.ml,80,opcode_swap,REJECTED,BAD_OPCODE,N/A,CRASH_IndexError,False
logic.ml,81,metadata_entry_func,REJECTED,BAD_CALL,N/A,CRASH_IndexError,False
logic.ml,82,insertion,REJECTED,BAD_OPCODE,N/A,CRASH_ValueError,False
logic.ml,83,deletion,REJECTED,STACK_UNDERFLOW,N/A,CRASH_IndexError,False
logic.ml,84,insertion,REJECTED,BAD_OPCODE,N/A,CRASH_ValueError,False
logic.ml,85,insertion,REJECTED,BAD_OPCODE,N/A,CRASH_ValueError,False
logic.ml,86,opcode_swap,REJECTED,BAD_OPCODE,N/A,CRASH_ValueError,False
logic.ml,87,byte_replace,REJECTED,LOCAL_RANGE,N/A,CRASH_IndexError,False
logic.ml,88,truncation,REJECTED,TRUNCATED,N/A,CRASH_error,False
logic.ml,89,operand_corruption,REJECTED,BAD_OPCODE,N/A,CRASH_ValueError,False
logic.ml,90,bit_flip,ACCEPTED,,CLEAN,N/A,False
logic.ml,91,byte_replace,REJECTED,BAD_JUMP,N/A,COMPLETED,False
logic.ml,92,byte_replace,REJECTED,BAD_OPCODE,N/A,CRASH_ValueError,False
logic.ml,93,truncation,REJECTED,TRUNCATED,N/A,CRASH_error,False
logic.ml,94,metadata_max_stack,REJECTED,STACK_OVERFLOW,N/A,COMPLETED,False
logic.ml,95,bit_flip,ACCEPTED,,CLEAN,N/A,False
logic.ml,96,bit_flip,ACCEPTED,,CLEAN,N/A,False
logic.ml,97,metadata_max_stack,REJECTED,STACK_OVERFLOW,N/A,COMPLETED,False
logic.ml,98,deletion,REJECTED,BAD_OPCODE,N/A,CRASH_ValueError,False
logic.ml,99,insertion,REJECTED,BAD_OPCODE,N/A,CRASH_ValueError,False
logic.ml,100,bit_flip,REJECTED,BAD_OPCODE,N/A,CRASH_ValueError,False
logic.ml,101,deletion,REJECTED,BAD_OPCODE,N/A,CRASH_ValueError,False
logic.ml,102,metadata_num_locals,REJECTED,LOCAL_RANGE,N/A,COMPLETED,False
logic.ml,103,byte_replace,REJECTED,BAD_OPCODE,N/A,CRASH_ValueError,False
logic.ml,104,byte_replace,ACCEPTED,,CLEAN,N/A,False
logic.ml,105,operand_corruption,ACCEPTED,,CLEAN,N/A,False
logic.ml,106,metadata_entry_func,REJECTED,BAD_CALL,N/A,CRASH_TypeError,False
logic.ml,107,metadata_max_stack,REJECTED,STACK_OVERFLOW,N/A,COMPLETED,False
logic.ml,108,deletion,REJECTED,LOCAL_RANGE,N/A,CRASH_IndexError,False
logic.ml,109,byte_replace,ACCEPTED,,CLEAN,N/A,False
logic.ml,110,metadata_num_locals,ACCEPTED,,CLEAN,N/A,False
logic.ml,111,operand_corruption,REJECTED,BAD_OPCODE,N/A,CRASH_IndexError,False
logic.ml,112,deletion,REJECTED,LOCAL_RANGE,N/A,CRASH_IndexError,False
logic.ml,113,bit_flip,REJECTED,BAD_OPCODE,N/A,COMPLETED,False
logic.ml,114,insertion,REJECTED,BAD_OPCODE,N/A,CRASH_IndexError,False
logic.ml,115,deletion,REJECTED,BAD_RETURN,N/A,COMPLETED,False
logic.ml,116,byte_replace,ACCEPTED,,CLEAN,N/A,False
logic.ml,117,operand_corruption,REJECTED,TRUNCATED,N/A,CRASH_error,False
logic.ml,118,byte_replace,ACCEPTED,,CLEAN,N/A,False
logic.ml,119,truncation,REJECTED,FALLTHROUGH,N/A,CRASH_IndexError,False
logic.ml,120,byte_replace,ACCEPTED,,CLEAN,N/A,False
logic.ml,121,truncation,REJECTED,TRUNCATED,N/A,CRASH_error,False
logic.ml,122,bit_flip,REJECTED,BAD_OPCODE,N/A,CRASH_ValueError,False
logic.ml,123,metadata_max_stack,REJECTED,STACK_OVERFLOW,N/A,COMPLETED,False
logic.ml,124,operand_corruption,REJECTED,BAD_OPCODE,N/A,COMPLETED,False
logic.ml,125,metadata_max_stack,REJECTED,STACK_OVERFLOW,N/A,COMPLETED,False
logic.ml,126,metadata_num_locals,REJECTED,LOCAL_RANGE,N/A,COMPLETED,False
logic.ml,127,truncation,REJECTED,TRUNCATED,N/A,CRASH_error,False
logic.ml,128,deletion,REJECTED,BAD_OPCODE,N/A,CRASH_IndexError,False
logic.ml,129,bit_flip,ACCEPTED,,CLEAN,N/A,False
logic.ml,130,opcode_swap,REJECTED,BAD_OPCODE,N/A,COMPLETED,False
logic.ml,131,operand_corruption,REJECTED,BAD_OPCODE,N/A,COMPLETED,False
logic.ml,132,operand_corruption,ACCEPTED,,CLEAN,N/A,False
logic.ml,133,operand_corruption,REJECTED,BAD_OPCODE,N/A,COMPLETED,False
logic.ml,134,deletion,REJECTED,BAD_OPCODE,N/A,CRASH_ValueError,False
logic.ml,135,opcode_swap,REJECTED,BAD_OPCODE,N/A,COMPLETED,False
logic.ml,136,metadata_entry_func,REJECTED,BAD_CALL,N/A,CRASH_TypeError,False
logic.ml,137,deletion,REJECTED,BAD_OPCODE,N/A,CRASH_ValueError,False
logic.ml,138,bit_flip,ACCEPTED,,CLEAN,N/A,False
logic.ml,139,insertion,REJECTED,BAD_OPCODE,N/A,CRASH_ValueError,False
logic.ml,140,operand_corruption,REJECTED,BAD_OPCODE,N/A,COMPLETED,False
logic.ml,141,metadata_max_stack,REJECTED,STACK_OVERFLOW,N/A,COMPLETED,False
logic.ml,142,insertion,REJECTED,BAD_OPCODE,N/A,CRASH_ValueError,False
logic.ml,143,deletion,REJECTED,BAD_OPCODE,N/A,CRASH_ValueError,False
logic.ml,144,deletion,REJECTED,LOCAL_RANGE,N/A,CRASH_IndexError,False
logic.ml,145,byte_replace,REJECTED,BAD_OPCODE,N/A,CRASH_ValueError,False
logic.ml,146,byte_replace,ACCEPTED,,CLEAN,N/A,False
logic.ml,147,insertion,REJECTED,BAD_OPCODE,N/A,CRASH_ValueError,False
logic.ml,148,truncation,REJECTED,TRUNCATED,N/A,CRASH_error,False
logic.ml,149,insertion,REJECTED,BAD_OPCODE,N/A,CRASH_ValueError,False
logic.ml,150,opcode_swap,REJECTED,BAD_OPCODE,N/A,CRASH_ValueError,False
logic.ml,151,opcode_swap,REJECTED,STACK_OVERFLOW,N/A,COMPLETED,False
logic.ml,152,truncation,REJECTED,FALLTHROUGH,N/A,CRASH_IndexError,False
logic.ml,153,metadata_entry_func,REJECTED,BAD_CALL,N/A,CRASH_TypeError,False
logic.ml,154,truncation,REJECTED,FALLTHROUGH,N/A,CRASH_IndexError,False
logic.ml,155,truncation,REJECTED,FALLTHROUGH,N/A,CRASH_IndexError,False
logic.ml,156,metadata_max_stack,REJECTED,STACK_OVERFLOW,N/A,COMPLETED,False
logic.ml,157,bit_flip,REJECTED,BAD_OPCODE,N/A,CRASH_ValueError,False
logic.ml,158,byte_replace,REJECTED,BAD_OPCODE,N/A,CRASH_ValueError,False
logic.ml,159,byte_replace,ACCEPTED,,CLEAN,N/A,False
logic.ml,160,operand_corruption,REJECTED,BAD_OPCODE,N/A,CRASH_IndexError,False
logic.ml,161,bit_flip,REJECTED,BAD_OPCODE,N/A,CRASH_IndexError,False
logic.ml,162,insertion,REJECTED,BAD_OPCODE,N/A,CRASH_ValueError,False
logic.ml,163,metadata_num_locals,REJECTED,LOCAL_RANGE,N/A,COMPLETED,False
logic.ml,164,metadata_entry_func,ACCEPTED,,CLEAN,N/A,False
logic.ml,165,operand_corruption,REJECTED,BAD_OPCODE,N/A,CRASH_IndexError,False
logic.ml,166,byte_replace,ACCEPTED,,CLEAN,N/A,False
logic.ml,167,metadata_entry_func,ACCEPTED,,CLEAN,N/A,False
logic.ml,168,operand_corruption,REJECTED,STACK_OVERFLOW,N/A,COMPLETED,False
logic.ml,169,bit_flip,REJECTED,BAD_OPCODE,N/A,CRASH_IndexError,False
logic.ml,170,truncation,REJECTED,FALLTHROUGH,N/A,CRASH_IndexError,False
logic.ml,171,byte_replace,ACCEPTED,,CLEAN,N/A,False
logic.ml,172,metadata_entry_func,REJECTED,BAD_CALL,N/A,CRASH_IndexError,False
logic.ml,173,bit_flip,ACCEPTED,,CLEAN,N/A,False
logic.ml,174,deletion,REJECTED,BAD_OPCODE,N/A,CRASH_ValueError,False
logic.ml,175,truncation,REJECTED,TRUNCATED,N/A,CRASH_error,False
logic.ml,176,bit_flip,REJECTED,BAD_OPCODE,N/A,CRASH_IndexError,False
logic.ml,177,insertion,REJECTED,BAD_OPCODE,N/A,CRASH_ValueError,False
logic.ml,178,bit_flip,REJECTED,LOCAL_RANGE,N/A,CRASH_IndexError,False
logic.ml,179,metadata_max_stack,ACCEPTED,,CLEAN,N/A,False
logic.ml,180,operand_corruption,ACCEPTED,,CLEAN,N/A,False
logic.ml,181,metadata_max_stack,REJECTED,STACK_OVERFLOW,N/A,COMPLETED,False
logic.ml,182,opcode_swap,REJECTED,STACK_TYPE,N/A,COMPLETED,False
logic.ml,183,metadata_num_locals,REJECTED,LOCAL_RANGE,N/A,COMPLETED,False
logic.ml,184,operand_corruption,ACCEPTED,,CLEAN,N/A,False
logic.ml,185,deletion,REJECTED,BAD_OPCODE,N/A,CRASH_ValueError,False
logic.ml,186,metadata_num_locals,ACCEPTED,,CLEAN,N/A,False
logic.ml,187,metadata_entry_func,REJECTED,BAD_CALL,N/A,CRASH_TypeError,False
logic.ml,188,metadata_max_stack,REJECTED,STACK_OVERFLOW,N/A,COMPLETED,False
logic.ml,189,byte_replace,REJECTED,BAD_OPCODE,N/A,CRASH_ValueError,False
logic.ml,190,insertion,REJECTED,BAD_OPCODE,N/A,CRASH_ValueError,False
logic.ml,191,byte_replace,REJECTED,LOCAL_RANGE,N/A,CRASH_IndexError,False
logic.ml,192,opcode_swap,REJECTED,BAD_OPCODE,N/A,CRASH_IndexError,False
logic.ml,193,operand_corruption,REJECTED,LOCAL_RANGE,N/A,CRASH_IndexError,False
logic.ml,194,opcode_swap,REJECTED,STACK_TYPE,N/A,COMPLETED,False
logic.ml,195,bit_flip,REJECTED,LOCAL_RANGE,N/A,CRASH_IndexError,False
logic.ml,196,insertion,REJECTED,BAD_OPCODE,N/A,CRASH_ValueError,False
logic.ml,197,operand_corruption,ACCEPTED,,CLEAN,N/A,False
logic.ml,198,truncation,REJECTED,FALLTHROUGH,N/A,CRASH_IndexError,False
logic.ml,199,bit_flip,ACCEPTED,,CLEAN,N/A,False
logic.ml,200,opcode_swap,REJECTED,BAD_OPCODE,N/A,CRASH_ValueError,False
logic.ml,201,operand_corruption,REJECTED,LOCAL_RANGE,N/A,CRASH_IndexError,False
logic.ml,202,insertion,REJECTED,BAD_OPCODE,N/A,CRASH_IndexError,False
logic.ml,203,bit_flip,ACCEPTED,,CLEAN,N/A,False
logic.ml,204,byte_replace,ACCEPTED,,CLEAN,N/A,False
logic.ml,205,bit_flip,REJECTED,BAD_OPCODE,N/A,CRASH_ValueError,False
logic.ml,206,insertion,REJECTED,BAD_OPCODE,N/A,CRASH_ValueError,False
logic.ml,207,truncation,REJECTED,TRUNCATED,N/A,CRASH_error,False
logic.ml,208,byte_replace,REJECTED,BAD_OPCODE,N/A,CRASH_ValueError,False
logic.ml,209,opcode_swap,REJECTED,STACK_TYPE,N/A,CRASH_IndexError,False
logic.ml,210,byte_replace,ACCEPTED,,CLEAN,N/A,False
logic.ml,211,metadata_num_locals,REJECTED,LOCAL_RANGE,N/A,COMPLETED,False
logic.ml,212,byte_replace,REJECTED,BAD_OPCODE,N/A,CRASH_IndexError,False
logic.ml,213,bit_flip,REJECTED,BAD_JUMP,N/A,COMPLETED,False
logic.ml,214,truncation,REJECTED,FALLTHROUGH,N/A,CRASH_IndexError,False
logic.ml,215,insertion,REJECTED,BAD_OPCODE,N/A,CRASH_ValueError,False
logic.ml,216,truncation,REJECTED,FALLTHROUGH,N/A,CRASH_IndexError,False
logic.ml,217,byte_replace,REJECTED,BAD_OPCODE,N/A,CRASH_ValueError,False
logic.ml,218,truncation,REJECTED,FALLTHROUGH,N/A,CRASH_IndexError,False
logic.ml,219,bit_flip,REJECTED,STACK_UNDERFLOW,N/A,CRASH_IndexError,False
logic.ml,220,opcode_swap,REJECTED,TRUNCATED,N/A,CRASH_error,False
logic.ml,221,deletion,REJECTED,BAD_OPCODE,N/A,CRASH_ValueError,False
logic.ml,222,byte_replace,REJECTED,BAD_OPCODE,N/A,CRASH_ValueError,False
logic.ml,223,byte_replace,ACCEPTED,,CLEAN,N/A,False
logic.ml,224,metadata_max_stack,ACCEPTED,,CLEAN,N/A,False
logic.ml,225,insertion,REJECTED,BAD_OPCODE,N/A,CRASH_ValueError,False
logic.ml,226,metadata_entry_func,REJECTED,BAD_CALL,N/A,CRASH_TypeError,False
logic.ml,227,operand_corruption,ACCEPTED,,CLEAN,N/A,False
logic.ml,228,metadata_entry_func,REJECTED,BAD_CALL,N/A,CRASH_IndexError,False
logic.ml,229,opcode_swap,REJECTED,BAD_RETURN,N/A,COMPLETED,False
logic.ml,230,deletion,REJECTED,FALLTHROUGH,N/A,CRASH_IndexError,False
logic.ml,231,metadata_max_stack,REJECTED,STACK_OVERFLOW,N/A,COMPLETED,False
logic.ml,232,truncation,REJECTED,FALLTHROUGH,N/A,CRASH_IndexError,False
logic.ml,233,metadata_entry_func,REJECTED,BAD_CALL,N/A,CRASH_TypeError,False
logic.ml,234,operand_corruption,REJECTED,BAD_OPCODE,N/A,CRASH_ValueError,False
logic.ml,235,byte_replace,REJECTED,BAD_OPCODE,N/A,CRASH_ValueError,False
logic.ml,236,insertion,REJECTED,BAD_OPCODE,N/A,CRASH_IndexError,False
logic.ml,237,operand_corruption,REJECTED,LOCAL_RANGE,N/A,CRASH_IndexError,False
logic.ml,238,opcode_swap,REJECTED,BAD_OPCODE,N/A,CRASH_IndexError,False
logic.ml,239,insertion,REJECTED,BAD_OPCODE,N/A,CRASH_IndexError,False
logic.ml,240,bit_flip,REJECTED,STACK_UNDERFLOW,N/A,CRASH_IndexError,False
logic.ml,241,truncation,REJECTED,TRUNCATED,N/A,CRASH_error,False
logic.ml,242,insertion,REJECTED,BAD_OPCODE,N/A,CRASH_ValueError,False
logic.ml,243,deletion,REJECTED,BAD_RETURN,N/A,COMPLETED,False
logic.ml,244,byte_replace,REJECTED,BAD_OPCODE,N/A,COMPLETED,False
logic.ml,245,opcode_swap,REJECTED,STACK_TYPE,N/A,CRASH_IndexError,False
logic.ml,246,bit_flip,ACCEPTED,,CLEAN,N/A,False
logic.ml,247,byte_replace,REJECTED,LOCAL_RANGE,N/A,CRASH_IndexError,False
logic.ml,248,bit_flip,ACCEPTED,,CLEAN,N/A,False
logic.ml,249,byte_replace,REJECTED,LOCAL_RANGE,N/A,CRASH_IndexError,False
logic.ml,250,metadata_entry_func,REJECTED,BAD_CALL,N/A,CRASH_TypeError,False
logic.ml,251,deletion,REJECTED,BAD_OPCODE,N/A,CRASH_ValueError,False
logic.ml,252,metadata_max_stack,REJECTED,STACK_OVERFLOW,N/A,COMPLETED,False
logic.ml,253,metadata_max_stack,REJECTED,STACK_OVERFLOW,N/A,COMPLETED,False
logic.ml,254,insertion,REJECTED,BAD_OPCODE,N/A,CRASH_IndexError,False
logic.ml,255,opcode_swap,REJECTED,BAD_OPCODE,N/A,COMPLETED,False
logic.ml,256,truncation,REJECTED,TRUNCATED,N/A,CRASH_error,False
logic.ml,257,truncation,REJECTED,TRUNCATED,N/A,CRASH_error,False
logic.ml,258,insertion,REJECTED,BAD_OPCODE,N/A,CRASH_ValueError,False
logic.ml,259,metadata_max_stack,REJECTED,STACK_OVERFLOW,N/A,COMPLETED,False
logic.ml,260,byte_replace,REJECTED,LOCAL_RANGE,N/A,CRASH_IndexError,False
logic.ml,261,operand_corruption,ACCEPTED,,CLEAN,N/A,False
logic.ml,262,opcode_swap,REJECTED,BAD_OPCODE,N/A,CRASH_IndexError,False
logic.ml,263,insertion,REJECTED,BAD_OPCODE,N/A,CRASH_IndexError,False
logic.ml,264,operand_corruption,REJECTED,BAD_OPCODE,N/A,COMPLETED,False
logic.ml,265,metadata_entry_func,REJECTED,BAD_CALL,N/A,CRASH_IndexError,False
logic.ml,266,byte_replace,ACCEPTED,,CLEAN,N/A,False
logic.ml,267,metadata_num_locals,ACCEPTED,,CLEAN,N/A,False
logic.ml,268,bit_flip,REJECTED,STACK_UNDERFLOW,N/A,CRASH_IndexError,False
logic.ml,269,insertion,REJECTED,BAD_OPCODE,N/A,CRASH_ValueError,False
logic.ml,270,insertion,REJECTED,BAD_OPCODE,N/A,CRASH_IndexError,False
logic.ml,271,operand_corruption,REJECTED,BAD_OPCODE,N/A,COMPLETED,False
logic.ml,272,byte_replace,REJECTED,BAD_JUMP,N/A,COMPLETED,False
logic.ml,273,bit_flip,REJECTED,LOCAL_RANGE,N/A,CRASH_IndexError,False
logic.ml,274,opcode_swap,REJECTED,TRUNCATED,N/A,CRASH_error,False
logic.ml,275,metadata_entry_func,REJECTED,BAD_CALL,N/A,CRASH_TypeError,False
logic.ml,276,operand_corruption,REJECTED,BAD_OPCODE,N/A,CRASH_ValueError,False
logic.ml,277,insertion,REJECTED,BAD_OPCODE,N/A,CRASH_ValueError,False
logic.ml,278,truncation,REJECTED,FALLTHROUGH,N/A,CRASH_IndexError,False
logic.ml,279,byte_replace,REJECTED,BAD_OPCODE,N/A,COMPLETED,False
logic.ml,280,metadata_entry_func,ACCEPTED,,CLEAN,N/A,False
logic.ml,281,truncation,REJECTED,FALLTHROUGH,N/A,CRASH_IndexError,False
logic.ml,282,byte_replace,ACCEPTED,,CLEAN,N/A,False
logic.ml,283,byte_replace,ACCEPTED,,CLEAN,N/A,False
logic.ml,284,opcode_swap,REJECTED,BAD_OPCODE,N/A,STEP_LIMIT,False
logic.ml,285,bit_flip,REJECTED,LOCAL_RANGE,N/A,CRASH_IndexError,False
logic.ml,286,byte_replace,REJECTED,BAD_OPCODE,N/A,CRASH_ValueError,False
logic.ml,287,truncation,REJECTED,FALLTHROUGH,N/A,CRASH_IndexError,False
logic.ml,288,bit_flip,REJECTED,STACK_OVERFLOW,N/A,COMPLETED,False
logic.ml,289,truncation,REJECTED,FALLTHROUGH,N/A,CRASH_IndexError,False
logic.ml,290,operand_corruption,REJECTED,BAD_OPCODE,N/A,CRASH_ValueError,False
logic.ml,291,byte_replace,REJECTED,BAD_OPCODE,N/A,COMPLETED,False
logic.ml,292,deletion,REJECTED,FALLTHROUGH,N/A,CRASH_IndexError,False
logic.ml,293,bit_flip,ACCEPTED,,CLEAN,N/A,False
logic.ml,294,insertion,REJECTED,BAD_OPCODE,N/A,CRASH_ValueError,False
logic.ml,295,insertion,REJECTED,BAD_OPCODE,N/A,CRASH_ValueError,False
logic.ml,296,metadata_max_stack,REJECTED,STACK_OVERFLOW,N/A,COMPLETED,False
logic.ml,297,metadata_num_locals,REJECTED,LOCAL_RANGE,N/A,COMPLETED,False
logic.ml,298,deletion,REJECTED,BAD_OPCODE,N/A,CRASH_ValueError,False
logic.ml,299,bit_flip,REJECTED,BAD_OPCODE,N/A,CRASH_ValueError,False
logic.ml,300,metadata_entry_func,REJECTED,BAD_CALL,N/A,CRASH_TypeError,False
logic.ml,301,byte_replace,REJECTED,BAD_CALL,N/A,CRASH_IndexError,False
logic.ml,302,insertion,REJECTED,BAD_OPCODE,N/A,CRASH_ValueError,False
logic.ml,303,insertion,REJECTED,BAD_OPCODE,N/A,CRASH_ValueError,False
logic.ml,304,deletion,REJECTED,BAD_OPCODE,N/A,CRASH_ValueError,False
logic.ml,305,insertion,REJECTED,BAD_OPCODE,N/A,CRASH_ValueError,False
logic.ml,306,opcode_swap,REJECTED,BAD_OPCODE,N/A,COMPLETED,False
logic.ml,307,byte_replace,REJECTED,BAD_OPCODE,N/A,COMPLETED,False
logic.ml,308,metadata_num_locals,REJECTED,LOCAL_RANGE,N/A,COMPLETED,False
logic.ml,309,insertion,REJECTED,BAD_OPCODE,N/A,CRASH_IndexError,False
logic.ml,310,insertion,REJECTED,BAD_OPCODE,N/A,CRASH_ValueError,False
logic.ml,311,insertion,REJECTED,BAD_OPCODE,N/A,CRASH_ValueError,False
logic.ml,312,operand_corruption,REJECTED,BAD_JUMP,N/A,COMPLETED,False
logic.ml,313,metadata_max_stack,REJECTED,STACK_OVERFLOW,N/A,COMPLETED,False
logic.ml,314,opcode_swap,REJECTED,STACK_TYPE,N/A,CRASH_IndexError,False
logic.ml,315,opcode_swap,REJECTED,BAD_OPCODE,N/A,CRASH_IndexError,False
logic.ml,316,deletion,REJECTED,BAD_JUMP,N/A,CRASH_ValueError,False
logic.ml,317,metadata_entry_func,REJECTED,BAD_CALL,N/A,CRASH_IndexError,False
logic.ml,318,metadata_num_locals,REJECTED,LOCAL_RANGE,N/A,COMPLETED,False
logic.ml,319,opcode_swap,ACCEPTED,,CLEAN,N/A,False
logic.ml,320,bit_flip,REJECTED,LOCAL_RANGE,N/A,CRASH_IndexError,False
logic.ml,321,operand_corruption,REJECTED,BAD_OPCODE,N/A,COMPLETED,False
logic.ml,322,byte_replace,REJECTED,BAD_OPCODE,N/A,CRASH_ValueError,False
logic.ml,323,deletion,REJECTED,BAD_OPCODE,N/A,CRASH_ValueError,False
logic.ml,324,bit_flip,REJECTED,BAD_OPCODE,N/A,CRASH_ValueError,False
logic.ml,325,metadata_entry_func,ACCEPTED,,CLEAN,N/A,False
logic.ml,326,deletion,REJECTED,STACK_UNDERFLOW,N/A,CRASH_IndexError,False
logic.ml,327,truncation,REJECTED,TRUNCATED,N/A,CRASH_error,False
logic.ml,328,insertion,REJECTED,BAD_OPCODE,N/A,CRASH_ValueError,False
logic.ml,329,bit_flip,REJECTED,BAD_OPCODE,N/A,CRASH_ValueError,False
logic.ml,330,metadata_entry_func,ACCEPTED,,CLEAN,N/A,False
logic.ml,331,metadata_entry_func,REJECTED,BAD_CALL,N/A,CRASH_TypeError,False
logic.ml,332,opcode_swap,REJECTED,MERGE_MISMATCH,N/A,COMPLETED,False
logic.ml,333,opcode_swap,REJECTED,STACK_TYPE,N/A,CRASH_IndexError,False
logic.ml,334,byte_replace,REJECTED,BAD_OPCODE,N/A,COMPLETED,False
logic.ml,335,byte_replace,REJECTED,BAD_OPCODE,N/A,CRASH_ValueError,False
logic.ml,336,operand_corruption,REJECTED,BAD_OPCODE,N/A,CRASH_ValueError,False
logic.ml,337,opcode_swap,REJECTED,STACK_UNDERFLOW,N/A,CRASH_IndexError,False
logic.ml,338,deletion,REJECTED,BAD_OPCODE,N/A,CRASH_ValueError,False
logic.ml,339,truncation,REJECTED,FALLTHROUGH,N/A,CRASH_IndexError,False
logic.ml,340,metadata_num_locals,ACCEPTED,,CLEAN,N/A,False
logic.ml,341,operand_corruption,REJECTED,BAD_OPCODE,N/A,COMPLETED,False
logic.ml,342,deletion,REJECTED,BAD_OPCODE,N/A,CRASH_IndexError,False
logic.ml,343,bit_flip,ACCEPTED,,CLEAN,N/A,False
logic.ml,344,metadata_entry_func,REJECTED,BAD_CALL,N/A,CRASH_TypeError,False
logic.ml,345,deletion,REJECTED,BAD_RETURN,N/A,COMPLETED,False
logic.ml,346,metadata_max_stack,REJECTED,STACK_OVERFLOW,N/A,COMPLETED,False
logic.ml,347,opcode_swap,REJECTED,BAD_OPCODE,N/A,CRASH_IndexError,False
logic.ml,348,metadata_num_locals,ACCEPTED,,CLEAN,N/A,False
logic.ml,349,metadata_num_locals,REJECTED,LOCAL_RANGE,N/A,COMPLETED,False
logic.ml,350,opcode_swap,REJECTED,BAD_OPCODE,N/A,CRASH_ValueError,False
logic.ml,351,deletion,REJECTED,BAD_OPCODE,N/A,CRASH_ValueError,False
logic.ml,352,insertion,REJECTED,BAD_OPCODE,N/A,CRASH_ValueError,False
logic.ml,353,deletion,REJECTED,BAD_RETURN,N/A,COMPLETED,False
logic.ml,354,truncation,REJECTED,FALLTHROUGH,N/A,CRASH_IndexError,False
logic.ml,355,insertion,REJECTED,BAD_OPCODE,N/A,CRASH_ValueError,False
logic.ml,356,truncation,REJECTED,TRUNCATED,N/A,CRASH_error,False
logic.ml,357,metadata_num_locals,ACCEPTED,,CLEAN,N/A,False
logic.ml,358,byte_replace,REJECTED,STACK_TYPE,N/A,COMPLETED,False
logic.ml,359,opcode_swap,REJECTED,STACK_TYPE,N/A,COMPLETED,False
logic.ml,360,opcode_swap,REJECTED,BAD_OPCODE,N/A,CRASH_IndexError,False
logic.ml,361,deletion,REJECTED,STACK_UNDERFLOW,N/A,CRASH_IndexError,False
logic.ml,362,operand_corruption,ACCEPTED,,CLEAN,N/A,False
logic.ml,363,metadata_max_stack,REJECTED,STACK_OVERFLOW,N/A,COMPLETED,False
logic.ml,364,opcode_swap,REJECTED,STACK_UNDERFLOW,N/A,CRASH_IndexError,False
logic.ml,365,insertion,REJECTED,BAD_OPCODE,N/A,CRASH_IndexError,False
logic.ml,366,operand_corruption,REJECTED,BAD_OPCODE,N/A,CRASH_IndexError,False
logic.ml,367,insertion,REJECTED,BAD_OPCODE,N/A,CRASH_IndexError,False
logic.ml,368,deletion,REJECTED,FALLTHROUGH,N/A,CRASH_IndexError,False
logic.ml,369,truncation,REJECTED,FALLTHROUGH,N/A,CRASH_IndexError,False
logic.ml,370,byte_replace,ACCEPTED,,CLEAN,N/A,False
logic.ml,371,bit_flip,REJECTED,STACK_UNDERFLOW,N/A,CRASH_IndexError,False
logic.ml,372,opcode_swap,REJECTED,BAD_OPCODE,N/A,CRASH_ValueError,False
logic.ml,373,byte_replace,REJECTED,BAD_OPCODE,N/A,COMPLETED,False
logic.ml,374,bit_flip,ACCEPTED,,CLEAN,N/A,False
logic.ml,375,deletion,REJECTED,BAD_OPCODE,N/A,CRASH_ValueError,False
logic.ml,376,byte_replace,ACCEPTED,,CLEAN,N/A,False
logic.ml,377,bit_flip,REJECTED,LOCAL_RANGE,N/A,CRASH_IndexError,False
logic.ml,378,truncation,REJECTED,FALLTHROUGH,N/A,CRASH_IndexError,False
logic.ml,379,bit_flip,ACCEPTED,,CLEAN,N/A,False
logic.ml,380,bit_flip,REJECTED,BAD_JUMP,N/A,COMPLETED,False
logic.ml,381,deletion,REJECTED,BAD_OPCODE,N/A,CRASH_IndexError,False
logic.ml,382,deletion,REJECTED,BAD_OPCODE,N/A,CRASH_ValueError,False
logic.ml,383,byte_replace,REJECTED,BAD_OPCODE,N/A,CRASH_ValueError,False
logic.ml,384,byte_replace,REJECTED,BAD_OPCODE,N/A,CRASH_ValueError,False
logic.ml,385,insertion,REJECTED,BAD_OPCODE,N/A,CRASH_ValueError,False
logic.ml,386,truncation,REJECTED,FALLTHROUGH,N/A,CRASH_IndexError,False
logic.ml,387,opcode_swap,REJECTED,BAD_OPCODE,N/A,COMPLETED,False
logic.ml,388,bit_flip,REJECTED,LOCAL_RANGE,N/A,CRASH_IndexError,False
logic.ml,389,operand_corruption,REJECTED,BAD_OPCODE,N/A,COMPLETED,False
logic.ml,390,truncation,REJECTED,FALLTHROUGH,N/A,CRASH_IndexError,False
logic.ml,391,opcode_swap,REJECTED,BAD_OPCODE,N/A,CRASH_ValueError,False
logic.ml,392,operand_corruption,REJECTED,BAD_OPCODE,N/A,CRASH_ValueError,False
logic.ml,393,metadata_entry_func,REJECTED,BAD_CALL,N/A,CRASH_IndexError,False
logic.ml,394,byte_replace,REJECTED,LOCAL_RANGE,N/A,CRASH_IndexError,False
logic.ml,395,byte_replace,REJECTED,LOCAL_RANGE,N/A,CRASH_IndexError,False
logic.ml,396,insertion,REJECTED,BAD_OPCODE,N/A,CRASH_IndexError,False
logic.ml,397,deletion,REJECTED,BAD_OPCODE,N/A,CRASH_IndexError,False
logic.ml,398,byte_replace,ACCEPTED,,CLEAN,N/A,False
logic.ml,399,metadata_max_stack,REJECTED,STACK_OVERFLOW,N/A,COMPLETED,False
logic.ml,400,bit_flip,REJECTED,BAD_OPCODE,N/A,CRASH_ValueError,False
logic.ml,401,deletion,REJECTED,BAD_RETURN,N/A,COMPLETED,False
logic.ml,402,opcode_swap,REJECTED,STACK_TYPE,N/A,COMPLETED,False
logic.ml,403,byte_replace,REJECTED,LOCAL_RANGE,N/A,CRASH_IndexError,False
logic.ml,404,metadata_num_locals,REJECTED,LOCAL_RANGE,N/A,COMPLETED,False
logic.ml,405,byte_replace,REJECTED,BAD_OPCODE,N/A,CRASH_ValueError,False
logic.ml,406,opcode_swap,ACCEPTED,,CLEAN,N/A,False
logic.ml,407,bit_flip,ACCEPTED,,CLEAN,N/A,False
logic.ml,408,metadata_entry_func,REJECTED,BAD_CALL,N/A,CRASH_TypeError,False
logic.ml,409,byte_replace,REJECTED,BAD_OPCODE,N/A,CRASH_ValueError,False
logic.ml,410,byte_replace,REJECTED,BAD_OPCODE,N/A,CRASH_ValueError,False
logic.ml,411,insertion,REJECTED,BAD_OPCODE,N/A,CRASH_ValueError,False
logic.ml,412,metadata_num_locals,ACCEPTED,,CLEAN,N/A,False
logic.ml,413,metadata_max_stack,ACCEPTED,,CLEAN,N/A,False
logic.ml,414,metadata_entry_func,ACCEPTED,,CLEAN,N/A,False
logic.ml,415,metadata_entry_func,REJECTED,BAD_CALL,N/A,CRASH_IndexError,False
logic.ml,416,bit_flip,REJECTED,LOCAL_RANGE,N/A,CRASH_IndexError,False
logic.ml,417,insertion,REJECTED,BAD_OPCODE,N/A,CRASH_ValueError,False
logic.ml,418,bit_flip,ACCEPTED,,CLEAN,N/A,False
logic.ml,419,truncation,REJECTED,FALLTHROUGH,N/A,CRASH_IndexError,False
logic.ml,420,opcode_swap,REJECTED,BAD_RETURN,N/A,COMPLETED,False
logic.ml,421,bit_flip,REJECTED,STACK_TYPE,N/A,COMPLETED,False
logic.ml,422,byte_replace,REJECTED,BAD_OPCODE,N/A,CRASH_ValueError,False
logic.ml,423,byte_replace,ACCEPTED,,CLEAN,N/A,False
logic.ml,424,opcode_swap,REJECTED,STACK_TYPE,N/A,CRASH_IndexError,False
logic.ml,425,deletion,REJECTED,BAD_OPCODE,N/A,CRASH_ValueError,False
logic.ml,426,opcode_swap,REJECTED,STACK_UNDERFLOW,N/A,CRASH_IndexError,False
logic.ml,427,metadata_entry_func,ACCEPTED,,CLEAN,N/A,False
logic.ml,428,operand_corruption,REJECTED,BAD_OPCODE,N/A,CRASH_ValueError,False
logic.ml,429,byte_replace,REJECTED,LOCAL_RANGE,N/A,CRASH_IndexError,False
logic.ml,430,metadata_max_stack,REJECTED,STACK_OVERFLOW,N/A,COMPLETED,False
logic.ml,431,bit_flip,REJECTED,BAD_OPCODE,N/A,COMPLETED,False
logic.ml,432,bit_flip,ACCEPTED,,CLEAN,N/A,False
logic.ml,433,byte_replace,REJECTED,BAD_OPCODE,N/A,CRASH_ValueError,False
logic.ml,434,byte_replace,REJECTED,STACK_UNDERFLOW,N/A,CRASH_IndexError,False
logic.ml,435,operand_corruption,ACCEPTED,,CLEAN,N/A,False
logic.ml,436,metadata_entry_func,ACCEPTED,,CLEAN,N/A,False
logic.ml,437,bit_flip,REJECTED,BAD_OPCODE,N/A,COMPLETED,False
logic.ml,438,insertion,REJECTED,BAD_OPCODE,N/A,CRASH_IndexError,False
logic.ml,439,truncation,REJECTED,FALLTHROUGH,N/A,CRASH_IndexError,False
logic.ml,440,insertion,REJECTED,BAD_OPCODE,N/A,CRASH_ValueError,False
logic.ml,441,insertion,REJECTED,BAD_OPCODE,N/A,CRASH_ValueError,False
logic.ml,442,operand_corruption,REJECTED,BAD_OPCODE,N/A,CRASH_ValueError,False
logic.ml,443,bit_flip,REJECTED,BAD_JUMP,N/A,COMPLETED,False
logic.ml,444,insertion,REJECTED,BAD_OPCODE,N/A,CRASH_ValueError,False
logic.ml,445,byte_replace,REJECTED,BAD_OPCODE,N/A,COMPLETED,False
logic.ml,446,opcode_swap,REJECTED,BAD_OPCODE,N/A,CRASH_IndexError,False
logic.ml,447,opcode_swap,REJECTED,BAD_OPCODE,N/A,CRASH_IndexError,False
logic.ml,448,opcode_swap,REJECTED,BAD_OPCODE,N/A,CRASH_ValueError,False
logic.ml,449,opcode_swap,REJECTED,STACK_TYPE,N/A,VM_TRAP,False
logic.ml,450,opcode_swap,REJECTED,BAD_OPCODE,N/A,COMPLETED,False
logic.ml,451,byte_replace,REJECTED,BAD_JUMP,N/A,COMPLETED,False
logic.ml,452,metadata_entry_func,REJECTED,BAD_CALL,N/A,CRASH_IndexError,False
logic.ml,453,metadata_num_locals,ACCEPTED,,CLEAN,N/A,False
logic.ml,454,metadata_entry_func,REJECTED,BAD_CALL,N/A,CRASH_TypeError,False
logic.ml,455,byte_replace,REJECTED,BAD_OPCODE,N/A,CRASH_ValueError,False
logic.ml,456,deletion,REJECTED,BAD_OPCODE,N/A,CRASH_ValueError,False
logic.ml,457,insertion,REJECTED,BAD_OPCODE,N/A,CRASH_IndexError,False
logic.ml,458,insertion,REJECTED,BAD_OPCODE,N/A,CRASH_IndexError,False
logic.ml,459,opcode_swap,REJECTED,BAD_OPCODE,N/A,COMPLETED,False
logic.ml,460,opcode_swap,REJECTED,STACK_UNDERFLOW,N/A,CRASH_IndexError,False
logic.ml,461,opcode_swap,REJECTED,BAD_OPCODE,N/A,CRASH_IndexError,False
logic.ml,462,byte_replace,ACCEPTED,,CLEAN,N/A,False
logic.ml,463,truncation,REJECTED,TRUNCATED,N/A,CRASH_error,False
logic.ml,464,metadata_max_stack,REJECTED,STACK_OVERFLOW,N/A,COMPLETED,False
logic.ml,465,operand_corruption,ACCEPTED,,CLEAN,N/A,False
logic.ml,466,insertion,REJECTED,BAD_OPCODE,N/A,CRASH_IndexError,False
logic.ml,467,deletion,REJECTED,FALLTHROUGH,N/A,CRASH_IndexError,False
logic.ml,468,insertion,REJECTED,BAD_OPCODE,N/A,CRASH_ValueError,False
logic.ml,469,bit_flip,REJECTED,BAD_OPCODE,N/A,CRASH_ValueError,False
logic.ml,470,truncation,REJECTED,TRUNCATED,N/A,CRASH_error,False
logic.ml,471,bit_flip,REJECTED,BAD_OPCODE,N/A,COMPLETED,False
logic.ml,472,byte_replace,ACCEPTED,,CLEAN,N/A,False
logic.ml,473,deletion,REJECTED,BAD_OPCODE,N/A,CRASH_ValueError,False
logic.ml,474,bit_flip,REJECTED,BAD_OPCODE,N/A,CRASH_ValueError,False
logic.ml,475,byte_replace,REJECTED,BAD_OPCODE,N/A,CRASH_ValueError,False
logic.ml,476,opcode_swap,REJECTED,STACK_UNDERFLOW,N/A,CRASH_IndexError,False
logic.ml,477,byte_replace,ACCEPTED,,CLEAN,N/A,False
logic.ml,478,deletion,REJECTED,BAD_OPCODE,N/A,CRASH_ValueError,False
logic.ml,479,byte_replace,REJECTED,LOCAL_RANGE,N/A,CRASH_IndexError,False
logic.ml,480,truncation,REJECTED,TRUNCATED,N/A,CRASH_error,False
logic.ml,481,bit_flip,REJECTED,TRUNCATED,N/A,CRASH_error,False
logic.ml,482,bit_flip,REJECTED,LOCAL_RANGE,N/A,CRASH_IndexError,False
logic.ml,483,metadata_max_stack,REJECTED,STACK_OVERFLOW,N/A,COMPLETED,False
logic.ml,484,bit_flip,ACCEPTED,,CLEAN,N/A,False
logic.ml,485,metadata_entry_func,REJECTED,BAD_CALL,N/A,CRASH_IndexError,False
logic.ml,486,metadata_num_locals,REJECTED,LOCAL_RANGE,N/A,COMPLETED,False
logic.ml,487,truncation,REJECTED,TRUNCATED,N/A,CRASH_error,False
logic.ml,488,bit_flip,REJECTED,STACK_UNDERFLOW,N/A,COMPLETED,False
logic.ml,489,truncation,REJECTED,FALLTHROUGH,N/A,CRASH_IndexError,False
logic.ml,490,insertion,REJECTED,BAD_OPCODE,N/A,CRASH_ValueError,False
logic.ml,491,insertion,REJECTED,BAD_OPCODE,N/A,COMPLETED,False
logic.ml,492,opcode_swap,REJECTED,BAD_OPCODE,N/A,CRASH_IndexError,False
logic.ml,493,operand_corruption,REJECTED,BAD_OPCODE,N/A,CRASH_ValueError,False
logic.ml,494,byte_replace,ACCEPTED,,CLEAN,N/A,False
logic.ml,495,insertion,REJECTED,BAD_OPCODE,N/A,CRASH_ValueError,False
logic.ml,496,byte_replace,REJECTED,LOCAL_RANGE,N/A,CRASH_IndexError,False
logic.ml,497,insertion,REJECTED,BAD_OPCODE,N/A,CRASH_ValueError,False
logic.ml,498,truncation,REJECTED,TRUNCATED,N/A,CRASH_error,False
logic.ml,499,deletion,REJECTED,BAD_RETURN,N/A,COMPLETED,False
logic.ml,500,operand_corruption,REJECTED,BAD_OPCODE,N/A,CRASH_ValueError,False
logic.ml,501,truncation,REJECTED,FALLTHROUGH,N/A,CRASH_IndexError,False
logic.ml,502,insertion,REJECTED,BAD_OPCODE,N/A,CRASH_IndexError,False
logic.ml,503,insertion,REJECTED,BAD_OPCODE,N/A,CRASH_IndexError,False
logic.ml,504,insertion,REJECTED,BAD_OPCODE,N/A,CRASH_ValueError,False
logic.ml,505,insertion,REJECTED,BAD_OPCODE,N/A,CRASH_IndexError,False
logic.ml,506,bit_flip,REJECTED,LOCAL_RANGE,N/A,CRASH_IndexError,False
logic.ml,507,opcode_swap,REJECTED,BAD_OPCODE,N/A,CRASH_ValueError,False
logic.ml,508,metadata_max_stack,ACCEPTED,,CLEAN,N/A,False
logic.ml,509,opcode_swap,REJECTED,STACK_UNDERFLOW,N/A,COMPLETED,False
logic.ml,510,bit_flip,ACCEPTED,,CLEAN,N/A,False
logic.ml,511,operand_corruption,ACCEPTED,,CLEAN,N/A,False
logic.ml,512,insertion,REJECTED,STACK_UNDERFLOW,N/A,CRASH_IndexError,False
logic.ml,513,metadata_entry_func,REJECTED,BAD_CALL,N/A,CRASH_IndexError,False
logic.ml,514,operand_corruption,REJECTED,BAD_OPCODE,N/A,CRASH_ValueError,False
logic.ml,515,deletion,REJECTED,BAD_JUMP,N/A,CRASH_ValueError,False
logic.ml,516,byte_replace,REJECTED,BAD_OPCODE,N/A,CRASH_ValueError,False
logic.ml,517,byte_replace,ACCEPTED,,CLEAN,N/A,False
logic.ml,518,opcode_swap,REJECTED,TRUNCATED,N/A,CRASH_IndexError,False
logic.ml,519,operand_corruption,REJECTED,BAD_OPCODE,N/A,CRASH_ValueError,False
logic.ml,520,operand_corruption,REJECTED,BAD_OPCODE,N/A,COMPLETED,False
logic.ml,521,operand_corruption,REJECTED,BAD_OPCODE,N/A,CRASH_ValueError,False
logic.ml,522,metadata_num_locals,ACCEPTED,,CLEAN,N/A,False
logic.ml,523,truncation,REJECTED,FALLTHROUGH,N/A,CRASH_IndexError,False
logic.ml,524,metadata_max_stack,ACCEPTED,,CLEAN,N/A,False
logic.ml,525,byte_replace,REJECTED,BAD_OPCODE,N/A,CRASH_ValueError,False
logic.ml,526,opcode_swap,REJECTED,STACK_UNDERFLOW,N/A,CRASH_IndexError,False
logic.ml,527,operand_corruption,REJECTED,BAD_OPCODE,N/A,COMPLETED,False
logic.ml,528,deletion,REJECTED,TRUNCATED,N/A,CRASH_error,False
logic.ml,529,deletion,REJECTED,BAD_OPCODE,N/A,CRASH_ValueError,False
logic.ml,530,truncation,REJECTED,TRUNCATED,N/A,CRASH_error,False
logic.ml,531,insertion,REJECTED,BAD_OPCODE,N/A,CRASH_IndexError,False
logic.ml,532,truncation,REJECTED,TRUNCATED,N/A,CRASH_error,False
logic.ml,533,metadata_max_stack,ACCEPTED,,CLEAN,N/A,False
logic.ml,534,metadata_entry_func,REJECTED,BAD_CALL,N/A,CRASH_IndexError,False
logic.ml,535,insertion,REJECTED,BAD_OPCODE,N/A,CRASH_IndexError,False
logic.ml,536,deletion,REJECTED,BAD_OPCODE,N/A,CRASH_ValueError,False
logic.ml,537,deletion,REJECTED,BAD_RETURN,N/A,COMPLETED,False
logic.ml,538,opcode_swap,REJECTED,STACK_UNDERFLOW,N/A,COMPLETED,False
logic.ml,539,deletion,ACCEPTED,,CLEAN,N/A,False
logic.ml,540,opcode_swap,REJECTED,STACK_TYPE,N/A,CRASH_IndexError,False
logic.ml,541,opcode_swap,REJECTED,BAD_OPCODE,N/A,CRASH_ValueError,False
logic.ml,542,metadata_entry_func,REJECTED,BAD_CALL,N/A,CRASH_IndexError,False
logic.ml,543,opcode_swap,REJECTED,BAD_OPCODE,N/A,CRASH_IndexError,False
logic.ml,544,operand_corruption,REJECTED,BAD_OPCODE,N/A,CRASH_IndexError,False
logic.ml,545,metadata_max_stack,ACCEPTED,,CLEAN,N/A,False
logic.ml,546,metadata_entry_func,REJECTED,BAD_CALL,N/A,CRASH_IndexError,False
logic.ml,547,truncation,REJECTED,FALLTHROUGH,N/A,CRASH_IndexError,False
logic.ml,548,opcode_swap,REJECTED,STACK_TYPE,N/A,COMPLETED,False
logic.ml,549,operand_corruption,ACCEPTED,,CLEAN,N/A,False
logic.ml,550,deletion,REJECTED,BAD_OPCODE,N/A,CRASH_ValueError,False
logic.ml,551,byte_replace,ACCEPTED,,CLEAN,N/A,False
logic.ml,552,byte_replace,REJECTED,BAD_OPCODE,N/A,CRASH_ValueError,False
logic.ml,553,deletion,REJECTED,STACK_TYPE,N/A,COMPLETED,False
logic.ml,554,deletion,REJECTED,BAD_OPCODE,N/A,CRASH_IndexError,False
logic.ml,555,opcode_swap,REJECTED,BAD_OPCODE,N/A,CRASH_IndexError,False
logic.ml,556,opcode_swap,REJECTED,TRUNCATED,N/A,CRASH_error,False
logic.ml,557,metadata_max_stack,REJECTED,STACK_OVERFLOW,N/A,COMPLETED,False
logic.ml,558,byte_replace,REJECTED,BAD_OPCODE,N/A,COMPLETED,False
logic.ml,559,operand_corruption,ACCEPTED,,CLEAN,N/A,False
logic.ml,560,byte_replace,ACCEPTED,,CLEAN,N/A,False
logic.ml,561,opcode_swap,REJECTED,BAD_OPCODE,N/A,CRASH_IndexError,False
logic.ml,562,bit_flip,ACCEPTED,,CLEAN,N/A,False
logic.ml,563,operand_corruption,REJECTED,BAD_OPCODE,N/A,CRASH_ValueError,False
logic.ml,564,operand_corruption,REJECTED,BAD_OPCODE,N/A,COMPLETED,False
logic.ml,565,truncation,REJECTED,TRUNCATED,N/A,CRASH_error,False
logic.ml,566,opcode_swap,REJECTED,BAD_JUMP,N/A,CRASH_IndexError,False
logic.ml,567,opcode_swap,REJECTED,BAD_OPCODE,N/A,COMPLETED,False
logic.ml,568,operand_corruption,REJECTED,BAD_OPCODE,N/A,CRASH_IndexError,False
logic.ml,569,deletion,REJECTED,BAD_OPCODE,N/A,CRASH_ValueError,False
logic.ml,570,bit_flip,ACCEPTED,,CLEAN,N/A,False
logic.ml,571,deletion,REJECTED,BAD_OPCODE,N/A,CRASH_IndexError,False
logic.ml,572,metadata_entry_func,REJECTED,BAD_CALL,N/A,CRASH_IndexError,False
logic.ml,573,operand_corruption,REJECTED,BAD_JUMP,N/A,COMPLETED,False
logic.ml,574,operand_corruption,REJECTED,BAD_OPCODE,N/A,COMPLETED,False
logic.ml,575,metadata_num_locals,REJECTED,LOCAL_RANGE,N/A,COMPLETED,False
logic.ml,576,operand_corruption,REJECTED,BAD_OPCODE,N/A,CRASH_ValueError,False
logic.ml,577,metadata_num_locals,REJECTED,LOCAL_RANGE,N/A,COMPLETED,False
logic.ml,578,operand_corruption,REJECTED,LOCAL_RANGE,N/A,CRASH_IndexError,False
logic.ml,579,bit_flip,ACCEPTED,,CLEAN,N/A,False
logic.ml,580,byte_replace,ACCEPTED,,CLEAN,N/A,False
logic.ml,581,truncation,REJECTED,TRUNCATED,N/A,CRASH_error,False
logic.ml,582,metadata_num_locals,ACCEPTED,,CLEAN,N/A,False
logic.ml,583,insertion,REJECTED,BAD_OPCODE,N/A,CRASH_ValueError,False
logic.ml,584,deletion,REJECTED,FALLTHROUGH,N/A,CRASH_IndexError,False
logic.ml,585,metadata_max_stack,REJECTED,STACK_OVERFLOW,N/A,COMPLETED,False
logic.ml,586,deletion,REJECTED,BAD_OPCODE,N/A,CRASH_ValueError,False
logic.ml,587,metadata_max_stack,REJECTED,STACK_OVERFLOW,N/A,COMPLETED,False
logic.ml,588,insertion,REJECTED,BAD_OPCODE,N/A,CRASH_ValueError,False
logic.ml,589,opcode_swap,REJECTED,STACK_TYPE,N/A,COMPLETED,False
logic.ml,590,truncation,REJECTED,TRUNCATED,N/A,CRASH_error,False
logic.ml,591,deletion,REJECTED,BAD_OPCODE,N/A,CRASH_ValueError,False
logic.ml,592,insertion,REJECTED,BAD_OPCODE,N/A,CRASH_ValueError,False
logic.ml,593,bit_flip,REJECTED,BAD_OPCODE,N/A,CRASH_ValueError,False
logic.ml,594,deletion,REJECTED,BAD_OPCODE,N/A,CRASH_ValueError,False
logic.ml,595,metadata_max_stack,ACCEPTED,,CLEAN,N/A,False
logic.ml,596,operand_corruption,REJECTED,BAD_OPCODE,N/A,CRASH_ValueError,False
logic.ml,597,deletion,REJECTED,BAD_OPCODE,N/A,CRASH_ValueError,False
logic.ml,598,metadata_max_stack,REJECTED,STACK_OVERFLOW,N/A,COMPLETED,False
logic.ml,599,truncation,REJECTED,FALLTHROUGH,N/A,CRASH_IndexError,False
logic.ml,600,insertion,REJECTED,BAD_JUMP,N/A,CRASH_IndexError,False
logic.ml,601,metadata_num_locals,ACCEPTED,,CLEAN,N/A,False
logic.ml,602,byte_replace,REJECTED,BAD_OPCODE,N/A,CRASH_IndexError,False
logic.ml,603,bit_flip,REJECTED,LOCAL_RANGE,N/A,CRASH_IndexError,False
logic.ml,604,insertion,REJECTED,BAD_OPCODE,N/A,CRASH_ValueError,False
logic.ml,605,deletion,REJECTED,BAD_RETURN,N/A,COMPLETED,False
logic.ml,606,deletion,REJECTED,LOCAL_RANGE,N/A,CRASH_IndexError,False
logic.ml,607,bit_flip,ACCEPTED,,CLEAN,N/A,False
logic.ml,608,operand_corruption,REJECTED,BAD_OPCODE,N/A,CRASH_ValueError,False
logic.ml,609,deletion,REJECTED,BAD_JUMP,N/A,CRASH_IndexError,False
logic.ml,610,insertion,REJECTED,BAD_OPCODE,N/A,CRASH_ValueError,False
logic.ml,611,operand_corruption,ACCEPTED,,CLEAN,N/A,False
logic.ml,612,opcode_swap,REJECTED,BAD_JUMP,N/A,CRASH_ValueError,False
logic.ml,613,insertion,REJECTED,BAD_OPCODE,N/A,CRASH_IndexError,False
logic.ml,614,opcode_swap,REJECTED,BAD_OPCODE,N/A,CRASH_ValueError,False
logic.ml,615,truncation,REJECTED,TRUNCATED,N/A,CRASH_error,False
logic.ml,616,byte_replace,REJECTED,BAD_JUMP,N/A,COMPLETED,False
logic.ml,617,deletion,REJECTED,BAD_RETURN,N/A,COMPLETED,False
logic.ml,618,truncation,REJECTED,TRUNCATED,N/A,CRASH_error,False
logic.ml,619,operand_corruption,REJECTED,BAD_OPCODE,N/A,CRASH_ValueError,False
logic.ml,620,operand_corruption,REJECTED,BAD_OPCODE,N/A,COMPLETED,False
logic.ml,621,insertion,REJECTED,BAD_OPCODE,N/A,CRASH_ValueError,False
logic.ml,622,truncation,REJECTED,TRUNCATED,N/A,CRASH_error,False
logic.ml,623,deletion,REJECTED,STACK_TYPE,N/A,COMPLETED,False
logic.ml,624,operand_corruption,REJECTED,BAD_OPCODE,N/A,CRASH_ValueError,False
logic.ml,625,metadata_num_locals,REJECTED,LOCAL_RANGE,N/A,COMPLETED,False
logic.ml,626,truncation,REJECTED,FALLTHROUGH,N/A,CRASH_IndexError,False
logic.ml,627,operand_corruption,ACCEPTED,,CLEAN,N/A,False
logic.ml,628,byte_replace,REJECTED,BAD_OPCODE,N/A,CRASH_ValueError,False
logic.ml,629,operand_corruption,REJECTED,BAD_OPCODE,N/A,CRASH_ValueError,False
logic.ml,630,insertion,REJECTED,BAD_OPCODE,N/A,CRASH_ValueError,False
logic.ml,631,metadata_entry_func,REJECTED,BAD_CALL,N/A,CRASH_TypeError,False
logic.ml,632,byte_replace,REJECTED,BAD_OPCODE,N/A,CRASH_ValueError,False
logic.ml,633,byte_replace,REJECTED,BAD_OPCODE,N/A,CRASH_ValueError,False
logic.ml,634,metadata_entry_func,REJECTED,BAD_CALL,N/A,CRASH_IndexError,False
logic.ml,635,insertion,REJECTED,BAD_OPCODE,N/A,CRASH_ValueError,False
logic.ml,636,operand_corruption,REJECTED,BAD_OPCODE,N/A,CRASH_IndexError,False
logic.ml,637,operand_corruption,ACCEPTED,,CLEAN,N/A,False
logic.ml,638,insertion,REJECTED,BAD_OPCODE,N/A,CRASH_IndexError,False
logic.ml,639,metadata_max_stack,ACCEPTED,,CLEAN,N/A,False
logic.ml,640,truncation,REJECTED,TRUNCATED,N/A,CRASH_error,False
logic.ml,641,metadata_num_locals,REJECTED,LOCAL_RANGE,N/A,COMPLETED,False
logic.ml,642,metadata_max_stack,ACCEPTED,,CLEAN,N/A,False
logic.ml,643,operand_corruption,REJECTED,BAD_OPCODE,N/A,COMPLETED,False
logic.ml,644,opcode_swap,REJECTED,STACK_TYPE,N/A,CRASH_IndexError,False
logic.ml,645,opcode_swap,REJECTED,STACK_UNDERFLOW,N/A,CRASH_IndexError,False
logic.ml,646,opcode_swap,REJECTED,BAD_OPCODE,N/A,COMPLETED,False
logic.ml,647,deletion,REJECTED,BAD_OPCODE,N/A,CRASH_IndexError,False
logic.ml,648,insertion,REJECTED,BAD_OPCODE,N/A,CRASH_ValueError,False
logic.ml,649,metadata_entry_func,REJECTED,BAD_CALL,N/A,CRASH_TypeError,False
logic.ml,650,bit_flip,ACCEPTED,,CLEAN,N/A,False
logic.ml,651,metadata_max_stack,REJECTED,STACK_OVERFLOW,N/A,COMPLETED,False
logic.ml,652,byte_replace,REJECTED,BAD_OPCODE,N/A,CRASH_ValueError,False
logic.ml,653,insertion,REJECTED,BAD_OPCODE,N/A,CRASH_ValueError,False
logic.ml,654,bit_flip,ACCEPTED,,CLEAN,N/A,False
logic.ml,655,insertion,REJECTED,BAD_OPCODE,N/A,CRASH_ValueError,False
logic.ml,656,truncation,REJECTED,FALLTHROUGH,N/A,CRASH_IndexError,False
logic.ml,657,insertion,REJECTED,BAD_OPCODE,N/A,CRASH_IndexError,False
logic.ml,658,opcode_swap,REJECTED,BAD_OPCODE,N/A,CRASH_ValueError,False
logic.ml,659,operand_corruption,REJECTED,BAD_OPCODE,N/A,CRASH_ValueError,False
logic.ml,660,byte_replace,REJECTED,LOCAL_RANGE,N/A,CRASH_IndexError,False
logic.ml,661,operand_corruption,REJECTED,BAD_OPCODE,N/A,CRASH_ValueError,False
logic.ml,662,truncation,REJECTED,FALLTHROUGH,N/A,CRASH_IndexError,False
logic.ml,663,metadata_max_stack,REJECTED,STACK_OVERFLOW,N/A,COMPLETED,False
logic.ml,664,opcode_swap,REJECTED,STACK_TYPE,N/A,COMPLETED,False
logic.ml,665,insertion,REJECTED,BAD_OPCODE,N/A,CRASH_ValueError,False
logic.ml,666,byte_replace,ACCEPTED,,CLEAN,N/A,False
logic.ml,667,bit_flip,REJECTED,BAD_CALL,N/A,CRASH_IndexError,False
logic.ml,668,deletion,REJECTED,BAD_RETURN,N/A,COMPLETED,False
logic.ml,669,deletion,REJECTED,FALLTHROUGH,N/A,CRASH_IndexError,False
logic.ml,670,operand_corruption,REJECTED,BAD_OPCODE,N/A,COMPLETED,False
logic.ml,671,truncation,REJECTED,TRUNCATED,N/A,CRASH_error,False
logic.ml,672,byte_replace,ACCEPTED,,CLEAN,N/A,False
logic.ml,673,deletion,REJECTED,STACK_TYPE,N/A,COMPLETED,False
logic.ml,674,byte_replace,ACCEPTED,,CLEAN,N/A,False
logic.ml,675,truncation,REJECTED,FALLTHROUGH,N/A,CRASH_IndexError,False
logic.ml,676,operand_corruption,REJECTED,BAD_OPCODE,N/A,CRASH_ValueError,False
logic.ml,677,bit_flip,ACCEPTED,,CLEAN,N/A,False
logic.ml,678,bit_flip,REJECTED,BAD_OPCODE,N/A,CRASH_ValueError,False
logic.ml,679,operand_corruption,REJECTED,BAD_OPCODE,N/A,CRASH_ValueError,False
logic.ml,680,insertion,REJECTED,BAD_OPCODE,N/A,CRASH_ValueError,False
logic.ml,681,opcode_swap,REJECTED,STACK_UNDERFLOW,N/A,CRASH_IndexError,False
logic.ml,682,opcode_swap,REJECTED,BAD_OPCODE,N/A,CRASH_IndexError,False
logic.ml,683,insertion,REJECTED,BAD_OPCODE,N/A,CRASH_ValueError,False
logic.ml,684,byte_replace,ACCEPTED,,CLEAN,N/A,False
logic.ml,685,bit_flip,ACCEPTED,,CLEAN,N/A,False
logic.ml,686,operand_corruption,REJECTED,BAD_OPCODE,N/A,CRASH_ValueError,False
logic.ml,687,bit_flip,ACCEPTED,,CLEAN,N/A,False
logic.ml,688,truncation,REJECTED,TRUNCATED,N/A,CRASH_error,False
logic.ml,689,metadata_entry_func,REJECTED,BAD_CALL,N/A,CRASH_TypeError,False
logic.ml,690,byte_replace,REJECTED,BAD_OPCODE,N/A,CRASH_ValueError,False
logic.ml,691,opcode_swap,REJECTED,BAD_OPCODE,N/A,CRASH_ValueError,False
logic.ml,692,operand_corruption,REJECTED,LOCAL_RANGE,N/A,CRASH_IndexError,False
logic.ml,693,operand_corruption,REJECTED,BAD_OPCODE,N/A,CRASH_ValueError,False
logic.ml,694,opcode_swap,REJECTED,BAD_OPCODE,N/A,CRASH_ValueError,False
logic.ml,695,opcode_swap,REJECTED,BAD_OPCODE,N/A,COMPLETED,False
logic.ml,696,byte_replace,ACCEPTED,,CLEAN,N/A,False
logic.ml,697,deletion,REJECTED,FALLTHROUGH,N/A,CRASH_IndexError,False
logic.ml,698,byte_replace,REJECTED,BAD_OPCODE,N/A,CRASH_ValueError,False
logic.ml,699,truncation,REJECTED,TRUNCATED,N/A,CRASH_error,False
logic.ml,700,byte_replace,REJECTED,BAD_OPCODE,N/A,CRASH_ValueError,False
logic.ml,701,opcode_swap,REJECTED,BAD_OPCODE,N/A,COMPLETED,False
logic.ml,702,deletion,REJECTED,FALLTHROUGH,N/A,CRASH_IndexError,False
logic.ml,703,byte_replace,REJECTED,LOCAL_RANGE,N/A,CRASH_IndexError,False
logic.ml,704,operand_corruption,REJECTED,BAD_JUMP,N/A,COMPLETED,False
logic.ml,705,insertion,REJECTED,BAD_OPCODE,N/A,CRASH_ValueError,False
logic.ml,706,insertion,REJECTED,BAD_OPCODE,N/A,CRASH_ValueError,False
logic.ml,707,metadata_num_locals,REJECTED,LOCAL_RANGE,N/A,COMPLETED,False
logic.ml,708,metadata_num_locals,REJECTED,LOCAL_RANGE,N/A,COMPLETED,False
logic.ml,709,metadata_max_stack,ACCEPTED,,CLEAN,N/A,False
logic.ml,710,metadata_entry_func,ACCEPTED,,CLEAN,N/A,False
logic.ml,711,truncation,REJECTED,TRUNCATED,N/A,CRASH_error,False
logic.ml,712,truncation,REJECTED,FALLTHROUGH,N/A,CRASH_IndexError,False
logic.ml,713,operand_corruption,REJECTED,BAD_OPCODE,N/A,COMPLETED,False
logic.ml,714,metadata_entry_func,ACCEPTED,,CLEAN,N/A,False
logic.ml,715,insertion,REJECTED,BAD_OPCODE,N/A,CRASH_ValueError,False
logic.ml,716,metadata_num_locals,ACCEPTED,,CLEAN,N/A,False
logic.ml,717,deletion,REJECTED,STACK_TYPE,N/A,COMPLETED,False
logic.ml,718,bit_flip,REJECTED,BAD_OPCODE,N/A,CRASH_ValueError,False
logic.ml,719,opcode_swap,REJECTED,BAD_OPCODE,N/A,COMPLETED,False
logic.ml,720,deletion,REJECTED,FALLTHROUGH,N/A,CRASH_IndexError,False
logic.ml,721,opcode_swap,REJECTED,STACK_TYPE,N/A,COMPLETED,False
logic.ml,722,truncation,REJECTED,FALLTHROUGH,N/A,CRASH_IndexError,False
logic.ml,723,operand_corruption,REJECTED,BAD_OPCODE,N/A,CRASH_IndexError,False
logic.ml,724,deletion,REJECTED,BAD_OPCODE,N/A,CRASH_ValueError,False
logic.ml,725,bit_flip,REJECTED,BAD_OPCODE,N/A,COMPLETED,False
logic.ml,726,truncation,REJECTED,TRUNCATED,N/A,CRASH_error,False
logic.ml,727,byte_replace,ACCEPTED,,CLEAN,N/A,False
logic.ml,728,operand_corruption,REJECTED,BAD_OPCODE,N/A,CRASH_IndexError,False
logic.ml,729,deletion,REJECTED,BAD_OPCODE,N/A,CRASH_ValueError,False
logic.ml,730,bit_flip,REJECTED,BAD_OPCODE,N/A,CRASH_ValueError,False
logic.ml,731,operand_corruption,ACCEPTED,,CLEAN,N/A,False
logic.ml,732,metadata_entry_func,REJECTED,BAD_CALL,N/A,CRASH_IndexError,False
logic.ml,733,operand_corruption,REJECTED,BAD_OPCODE,N/A,COMPLETED,False
logic.ml,734,metadata_entry_func,ACCEPTED,,CLEAN,N/A,False
logic.ml,735,opcode_swap,ACCEPTED,,CLEAN,N/A,False
logic.ml,736,bit_flip,REJECTED,BAD_OPCODE,N/A,CRASH_IndexError,False
logic.ml,737,metadata_max_stack,REJECTED,STACK_OVERFLOW,N/A,COMPLETED,False
logic.ml,738,deletion,REJECTED,FALLTHROUGH,N/A,CRASH_IndexError,False
logic.ml,739,opcode_swap,REJECTED,BAD_OPCODE,N/A,CRASH_IndexError,False
logic.ml,740,byte_replace,ACCEPTED,,CLEAN,N/A,False
logic.ml,741,deletion,REJECTED,STACK_TYPE,N/A,COMPLETED,False
logic.ml,742,operand_corruption,REJECTED,BAD_OPCODE,N/A,COMPLETED,False
logic.ml,743,deletion,REJECTED,BAD_OPCODE,N/A,CRASH_ValueError,False
logic.ml,744,byte_replace,REJECTED,LOCAL_RANGE,N/A,CRASH_IndexError,False
logic.ml,745,deletion,REJECTED,BAD_OPCODE,N/A,CRASH_ValueError,False
logic.ml,746,deletion,REJECTED,BAD_OPCODE,N/A,CRASH_IndexError,False
logic.ml,747,metadata_max_stack,REJECTED,STACK_OVERFLOW,N/A,COMPLETED,False
logic.ml,748,byte_replace,ACCEPTED,,CLEAN,N/A,False
logic.ml,749,opcode_swap,REJECTED,LOCAL_TYPE,N/A,CRASH_IndexError,False
logic.ml,750,bit_flip,REJECTED,BAD_OPCODE,N/A,CRASH_ValueError,False
logic.ml,751,metadata_max_stack,REJECTED,STACK_OVERFLOW,N/A,COMPLETED,False
logic.ml,752,metadata_num_locals,REJECTED,LOCAL_RANGE,N/A,COMPLETED,False
logic.ml,753,operand_corruption,REJECTED,BAD_OPCODE,N/A,COMPLETED,False
logic.ml,754,truncation,REJECTED,TRUNCATED,N/A,CRASH_error,False
logic.ml,755,opcode_swap,REJECTED,BAD_OPCODE,N/A,CRASH_IndexError,False
logic.ml,756,metadata_max_stack,ACCEPTED,,CLEAN,N/A,False
logic.ml,757,truncation,REJECTED,TRUNCATED,N/A,CRASH_error,False
logic.ml,758,metadata_num_locals,ACCEPTED,,CLEAN,N/A,False
logic.ml,759,metadata_num_locals,ACCEPTED,,CLEAN,N/A,False
logic.ml,760,opcode_swap,REJECTED,BAD_OPCODE,N/A,CRASH_ValueError,False
logic.ml,761,operand_corruption,REJECTED,LOCAL_RANGE,N/A,CRASH_IndexError,False
logic.ml,762,deletion,REJECTED,BAD_OPCODE,N/A,CRASH_ValueError,False
logic.ml,763,deletion,REJECTED,BAD_OPCODE,N/A,CRASH_ValueError,False
logic.ml,764,byte_replace,REJECTED,BAD_OPCODE,N/A,CRASH_ValueError,False
logic.ml,765,byte_replace,REJECTED,LOCAL_RANGE,N/A,CRASH_IndexError,False
logic.ml,766,metadata_entry_func,REJECTED,BAD_CALL,N/A,CRASH_TypeError,False
logic.ml,767,deletion,REJECTED,BAD_OPCODE,N/A,CRASH_IndexError,False
logic.ml,768,bit_flip,ACCEPTED,,CLEAN,N/A,False
logic.ml,769,metadata_entry_func,REJECTED,BAD_CALL,N/A,CRASH_TypeError,False
logic.ml,770,operand_corruption,REJECTED,BAD_OPCODE,N/A,CRASH_IndexError,False
logic.ml,771,insertion,REJECTED,BAD_OPCODE,N/A,CRASH_ValueError,False
logic.ml,772,bit_flip,REJECTED,BAD_OPCODE,N/A,CRASH_ValueError,False
logic.ml,773,byte_replace,REJECTED,BAD_OPCODE,N/A,CRASH_ValueError,False
logic.ml,774,insertion,REJECTED,BAD_OPCODE,N/A,CRASH_ValueError,False
logic.ml,775,operand_corruption,ACCEPTED,,CLEAN,N/A,False
logic.ml,776,operand_corruption,REJECTED,BAD_OPCODE,N/A,CRASH_IndexError,False
logic.ml,777,metadata_entry_func,ACCEPTED,,CLEAN,N/A,False
logic.ml,778,opcode_swap,REJECTED,BAD_OPCODE,N/A,CRASH_IndexError,False
logic.ml,779,insertion,REJECTED,BAD_OPCODE,N/A,CRASH_ValueError,False
logic.ml,780,byte_replace,ACCEPTED,,CLEAN,N/A,False
logic.ml,781,metadata_entry_func,REJECTED,BAD_CALL,N/A,CRASH_IndexError,False
logic.ml,782,truncation,REJECTED,TRUNCATED,N/A,CRASH_error,False
logic.ml,783,deletion,REJECTED,FALLTHROUGH,N/A,CRASH_IndexError,False
logic.ml,784,insertion,REJECTED,BAD_OPCODE,N/A,CRASH_ValueError,False
logic.ml,785,insertion,REJECTED,BAD_OPCODE,N/A,CRASH_ValueError,False
logic.ml,786,metadata_max_stack,REJECTED,STACK_OVERFLOW,N/A,COMPLETED,False
logic.ml,787,operand_corruption,ACCEPTED,,CLEAN,N/A,False
logic.ml,788,operand_corruption,REJECTED,BAD_OPCODE,N/A,COMPLETED,False
logic.ml,789,opcode_swap,ACCEPTED,,CLEAN,N/A,False
logic.ml,790,truncation,REJECTED,TRUNCATED,N/A,CRASH_error,False
logic.ml,791,byte_replace,REJECTED,BAD_OPCODE,N/A,COMPLETED,False
logic.ml,792,bit_flip,REJECTED,LOCAL_RANGE,N/A,CRASH_IndexError,False
logic.ml,793,deletion,REJECTED,BAD_OPCODE,N/A,CRASH_ValueError,False
logic.ml,794,metadata_entry_func,REJECTED,BAD_CALL,N/A,CRASH_IndexError,False
logic.ml,795,metadata_max_stack,REJECTED,STACK_OVERFLOW,N/A,COMPLETED,False
logic.ml,796,operand_corruption,ACCEPTED,,CLEAN,N/A,False
logic.ml,797,metadata_num_locals,ACCEPTED,,CLEAN,N/A,False
logic.ml,798,operand_corruption,REJECTED,BAD_RETURN,N/A,COMPLETED,False
logic.ml,799,metadata_entry_func,REJECTED,BAD_CALL,N/A,CRASH_IndexError,False
logic.ml,800,truncation,REJECTED,FALLTHROUGH,N/A,CRASH_IndexError,False
logic.ml,801,metadata_max_stack,REJECTED,STACK_OVERFLOW,N/A,COMPLETED,False
logic.ml,802,truncation,REJECTED,TRUNCATED,N/A,CRASH_error,False
logic.ml,803,truncation,REJECTED,FALLTHROUGH,N/A,CRASH_IndexError,False
logic.ml,804,truncation,REJECTED,TRUNCATED,N/A,CRASH_error,False
logic.ml,805,operand_corruption,ACCEPTED,,CLEAN,N/A,False
logic.ml,806,operand_corruption,REJECTED,BAD_OPCODE,N/A,CRASH_ValueError,False
logic.ml,807,insertion,REJECTED,BAD_OPCODE,N/A,CRASH_IndexError,False
logic.ml,808,operand_corruption,REJECTED,BAD_OPCODE,N/A,COMPLETED,False
logic.ml,809,metadata_entry_func,REJECTED,BAD_CALL,N/A,CRASH_TypeError,False
logic.ml,810,insertion,REJECTED,BAD_OPCODE,N/A,CRASH_ValueError,False
logic.ml,811,opcode_swap,REJECTED,STACK_TYPE,N/A,COMPLETED,False
logic.ml,812,operand_corruption,REJECTED,BAD_OPCODE,N/A,CRASH_IndexError,False
logic.ml,813,metadata_max_stack,REJECTED,STACK_OVERFLOW,N/A,COMPLETED,False
logic.ml,814,byte_replace,ACCEPTED,,CLEAN,N/A,False
logic.ml,815,metadata_num_locals,ACCEPTED,,CLEAN,N/A,False
logic.ml,816,metadata_num_locals,REJECTED,LOCAL_RANGE,N/A,COMPLETED,False
logic.ml,817,byte_replace,ACCEPTED,,CLEAN,N/A,False
logic.ml,818,truncation,REJECTED,FALLTHROUGH,N/A,CRASH_IndexError,False
logic.ml,819,insertion,REJECTED,BAD_OPCODE,N/A,CRASH_IndexError,False
logic.ml,820,operand_corruption,REJECTED,BAD_OPCODE,N/A,CRASH_ValueError,False
logic.ml,821,deletion,REJECTED,BAD_JUMP,N/A,CRASH_ValueError,False
logic.ml,822,byte_replace,ACCEPTED,,CLEAN,N/A,False
logic.ml,823,bit_flip,REJECTED,LOCAL_RANGE,N/A,CRASH_IndexError,False
logic.ml,824,byte_replace,REJECTED,LOCAL_RANGE,N/A,CRASH_IndexError,False
logic.ml,825,bit_flip,ACCEPTED,,CLEAN,N/A,False
logic.ml,826,byte_replace,REJECTED,BAD_OPCODE,N/A,CRASH_ValueError,False
logic.ml,827,bit_flip,REJECTED,BAD_CALL,N/A,CRASH_IndexError,False
logic.ml,828,deletion,REJECTED,BAD_JUMP,N/A,CRASH_ValueError,False
logic.ml,829,insertion,REJECTED,BAD_OPCODE,N/A,CRASH_ValueError,False
logic.ml,830,metadata_max_stack,ACCEPTED,,CLEAN,N/A,False
logic.ml,831,deletion,REJECTED,STACK_UNDERFLOW,N/A,CRASH_IndexError,False
logic.ml,832,deletion,REJECTED,BAD_OPCODE,N/A,CRASH_ValueError,False
logic.ml,833,insertion,REJECTED,BAD_OPCODE,N/A,CRASH_ValueError,False
logic.ml,834,opcode_swap,REJECTED,BAD_OPCODE,N/A,CRASH_IndexError,False
logic.ml,835,deletion,REJECTED,BAD_OPCODE,N/A,CRASH_ValueError,False
logic.ml,836,opcode_swap,REJECTED,BAD_RETURN,N/A,COMPLETED,False
logic.ml,837,operand_corruption,REJECTED,LOCAL_RANGE,N/A,CRASH_IndexError,False
logic.ml,838,truncation,REJECTED,TRUNCATED,N/A,CRASH_error,False
logic.ml,839,truncation,REJECTED,FALLTHROUGH,N/A,CRASH_IndexError,False
logic.ml,840,bit_flip,ACCEPTED,,CLEAN,N/A,False
logic.ml,841,byte_replace,REJECTED,LOCAL_RANGE,N/A,CRASH_IndexError,False
logic.ml,842,deletion,REJECTED,BAD_JUMP,N/A,CRASH_IndexError,False
logic.ml,843,insertion,REJECTED,BAD_OPCODE,N/A,CRASH_ValueError,False
logic.ml,844,byte_replace,ACCEPTED,,CLEAN,N/A,False
logic.ml,845,metadata_entry_func,REJECTED,BAD_CALL,N/A,CRASH_TypeError,False
logic.ml,846,insertion,REJECTED,BAD_OPCODE,N/A,CRASH_ValueError,False
logic.ml,847,operand_corruption,REJECTED,BAD_OPCODE,N/A,CRASH_ValueError,False
logic.ml,848,insertion,REJECTED,BAD_OPCODE,N/A,CRASH_ValueError,False
logic.ml,849,bit_flip,REJECTED,BAD_JUMP,N/A,COMPLETED,False
logic.ml,850,bit_flip,REJECTED,BAD_OPCODE,N/A,CRASH_ValueError,False
logic.ml,851,bit_flip,REJECTED,LOCAL_RANGE,N/A,CRASH_IndexError,False
logic.ml,852,metadata_entry_func,ACCEPTED,,CLEAN,N/A,False
logic.ml,853,metadata_num_locals,REJECTED,LOCAL_RANGE,N/A,COMPLETED,False
logic.ml,854,insertion,REJECTED,BAD_OPCODE,N/A,CRASH_IndexError,False
logic.ml,855,opcode_swap,REJECTED,BAD_OPCODE,N/A,STEP_LIMIT,False
logic.ml,856,operand_corruption,ACCEPTED,,CLEAN,N/A,False
logic.ml,857,byte_replace,REJECTED,LOCAL_RANGE,N/A,CRASH_IndexError,False
logic.ml,858,deletion,REJECTED,FALLTHROUGH,N/A,CRASH_IndexError,False
logic.ml,859,opcode_swap,ACCEPTED,,CLEAN,N/A,False
logic.ml,860,truncation,REJECTED,TRUNCATED,N/A,CRASH_error,False
logic.ml,861,insertion,REJECTED,BAD_OPCODE,N/A,CRASH_ValueError,False
logic.ml,862,byte_replace,REJECTED,BAD_JUMP,N/A,COMPLETED,False
logic.ml,863,operand_corruption,ACCEPTED,,CLEAN,N/A,False
logic.ml,864,deletion,REJECTED,BAD_OPCODE,N/A,CRASH_ValueError,False
logic.ml,865,bit_flip,ACCEPTED,,CLEAN,N/A,False
logic.ml,866,truncation,REJECTED,FALLTHROUGH,N/A,CRASH_IndexError,False
logic.ml,867,operand_corruption,REJECTED,BAD_OPCODE,N/A,COMPLETED,False
logic.ml,868,operand_corruption,REJECTED,BAD_OPCODE,N/A,CRASH_ValueError,False
logic.ml,869,truncation,REJECTED,FALLTHROUGH,N/A,CRASH_IndexError,False
logic.ml,870,operand_corruption,REJECTED,LOCAL_RANGE,N/A,CRASH_IndexError,False
logic.ml,871,metadata_max_stack,ACCEPTED,,CLEAN,N/A,False
logic.ml,872,byte_replace,REJECTED,LOCAL_RANGE,N/A,CRASH_IndexError,False
logic.ml,873,truncation,REJECTED,FALLTHROUGH,N/A,CRASH_IndexError,False
logic.ml,874,bit_flip,ACCEPTED,,CLEAN,N/A,False
logic.ml,875,insertion,REJECTED,BAD_OPCODE,N/A,CRASH_ValueError,False
logic.ml,876,opcode_swap,REJECTED,BAD_OPCODE,N/A,COMPLETED,False
logic.ml,877,metadata_entry_func,ACCEPTED,,CLEAN,N/A,False
logic.ml,878,deletion,REJECTED,BAD_OPCODE,N/A,CRASH_ValueError,False
logic.ml,879,byte_replace,ACCEPTED,,CLEAN,N/A,False
logic.ml,880,operand_corruption,REJECTED,BAD_OPCODE,N/A,CRASH_IndexError,False
logic.ml,881,opcode_swap,REJECTED,STACK_TYPE,N/A,CRASH_IndexError,False
logic.ml,882,operand_corruption,REJECTED,BAD_OPCODE,N/A,CRASH_IndexError,False
logic.ml,883,truncation,REJECTED,FALLTHROUGH,N/A,CRASH_IndexError,False
logic.ml,884,metadata_num_locals,REJECTED,LOCAL_RANGE,N/A,COMPLETED,False
logic.ml,885,insertion,REJECTED,BAD_OPCODE,N/A,CRASH_ValueError,False
logic.ml,886,opcode_swap,REJECTED,BAD_OPCODE,N/A,CRASH_ValueError,False
logic.ml,887,metadata_entry_func,ACCEPTED,,CLEAN,N/A,False
logic.ml,888,truncation,REJECTED,FALLTHROUGH,N/A,CRASH_IndexError,False
logic.ml,889,byte_replace,ACCEPTED,,CLEAN,N/A,False
logic.ml,890,deletion,REJECTED,BAD_OPCODE,N/A,CRASH_ValueError,False
logic.ml,891,deletion,REJECTED,BAD_OPCODE,N/A,CRASH_ValueError,False
logic.ml,892,operand_corruption,REJECTED,BAD_OPCODE,N/A,CRASH_ValueError,False
logic.ml,893,metadata_max_stack,REJECTED,STACK_OVERFLOW,N/A,COMPLETED,False
logic.ml,894,metadata_max_stack,REJECTED,STACK_OVERFLOW,N/A,COMPLETED,False
logic.ml,895,insertion,REJECTED,BAD_OPCODE,N/A,CRASH_ValueError,False
logic.ml,896,byte_replace,ACCEPTED,,CLEAN,N/A,False
logic.ml,897,metadata_num_locals,REJECTED,LOCAL_RANGE,N/A,COMPLETED,False
logic.ml,898,byte_replace,ACCEPTED,,CLEAN,N/A,False
logic.ml,899,insertion,REJECTED,BAD_OPCODE,N/A,CRASH_ValueError,False
logic.ml,900,deletion,REJECTED,BAD_RETURN,N/A,COMPLETED,False
logic.ml,901,opcode_swap,REJECTED,BAD_OPCODE,N/A,CRASH_ValueError,False
logic.ml,902,byte_replace,ACCEPTED,,CLEAN,N/A,False
logic.ml,903,deletion,REJECTED,FALLTHROUGH,N/A,CRASH_IndexError,False
logic.ml,904,opcode_swap,ACCEPTED,,CLEAN,N/A,False
logic.ml,905,metadata_num_locals,REJECTED,LOCAL_RANGE,N/A,COMPLETED,False
logic.ml,906,truncation,REJECTED,TRUNCATED,N/A,CRASH_error,False
logic.ml,907,byte_replace,ACCEPTED,,CLEAN,N/A,False
logic.ml,908,bit_flip,REJECTED,BAD_OPCODE,N/A,CRASH_IndexError,False
logic.ml,909,operand_corruption,ACCEPTED,,CLEAN,N/A,False
logic.ml,910,byte_replace,ACCEPTED,,CLEAN,N/A,False
logic.ml,911,byte_replace,REJECTED,LOCAL_RANGE,N/A,CRASH_IndexError,False
logic.ml,912,opcode_swap,REJECTED,STACK_TYPE,N/A,CRASH_IndexError,False
logic.ml,913,insertion,REJECTED,BAD_OPCODE,N/A,CRASH_IndexError,False
logic.ml,914,truncation,REJECTED,FALLTHROUGH,N/A,CRASH_IndexError,False
logic.ml,915,bit_flip,REJECTED,BAD_CALL,N/A,CRASH_IndexError,False
logic.ml,916,byte_replace,ACCEPTED,,CLEAN,N/A,False
logic.ml,917,metadata_max_stack,ACCEPTED,,CLEAN,N/A,False
logic.ml,918,deletion,REJECTED,FALLTHROUGH,N/A,CRASH_IndexError,False
logic.ml,919,operand_corruption,REJECTED,BAD_OPCODE,N/A,COMPLETED,False
logic.ml,920,deletion,REJECTED,BAD_OPCODE,N/A,CRASH_ValueError,False
logic.ml,921,bit_flip,REJECTED,LOCAL_RANGE,N/A,CRASH_IndexError,False
logic.ml,922,truncation,REJECTED,FALLTHROUGH,N/A,CRASH_IndexError,False
logic.ml,923,deletion,REJECTED,BAD_RETURN,N/A,COMPLETED,False
logic.ml,924,truncation,REJECTED,FALLTHROUGH,N/A,CRASH_IndexError,False
logic.ml,925,insertion,REJECTED,BAD_RETURN,N/A,COMPLETED,False
logic.ml,926,bit_flip,REJECTED,BAD_OPCODE,N/A,CRASH_ValueError,False
logic.ml,927,insertion,REJECTED,BAD_OPCODE,N/A,CRASH_IndexError,False
logic.ml,928,insertion,REJECTED,BAD_OPCODE,N/A,CRASH_ValueError,False
logic.ml,929,opcode_swap,REJECTED,BAD_OPCODE,N/A,CRASH_ValueError,False
logic.ml,930,opcode_swap,ACCEPTED,,CLEAN,N/A,False
logic.ml,931,truncation,REJECTED,TRUNCATED,N/A,CRASH_error,False
logic.ml,932,operand_corruption,REJECTED,BAD_OPCODE,N/A,CRASH_ValueError,False
logic.ml,933,deletion,REJECTED,BAD_JUMP,N/A,CRASH_ValueError,False
logic.ml,934,truncation,REJECTED,FALLTHROUGH,N/A,CRASH_IndexError,False
logic.ml,935,metadata_max_stack,REJECTED,STACK_OVERFLOW,N/A,COMPLETED,False
logic.ml,936,deletion,REJECTED,BAD_OPCODE,N/A,CRASH_ValueError,False
logic.ml,937,byte_replace,REJECTED,BAD_OPCODE,N/A,CRASH_ValueError,False
logic.ml,938,insertion,REJECTED,BAD_OPCODE,N/A,CRASH_IndexError,False
logic.ml,939,bit_flip,ACCEPTED,,CLEAN,N/A,False
logic.ml,940,opcode_swap,REJECTED,BAD_OPCODE,N/A,CRASH_ValueError,False
logic.ml,941,metadata_max_stack,REJECTED,STACK_OVERFLOW,N/A,COMPLETED,False
logic.ml,942,truncation,REJECTED,FALLTHROUGH,N/A,CRASH_IndexError,False
logic.ml,943,byte_replace,ACCEPTED,,CLEAN,N/A,False
logic.ml,944,metadata_num_locals,REJECTED,LOCAL_RANGE,N/A,COMPLETED,False
logic.ml,945,metadata_num_locals,ACCEPTED,,CLEAN,N/A,False
logic.ml,946,metadata_entry_func,ACCEPTED,,CLEAN,N/A,False
logic.ml,947,truncation,REJECTED,FALLTHROUGH,N/A,CRASH_IndexError,False
logic.ml,948,byte_replace,REJECTED,LOCAL_RANGE,N/A,CRASH_IndexError,False
logic.ml,949,operand_corruption,ACCEPTED,,CLEAN,N/A,False
logic.ml,950,insertion,REJECTED,BAD_OPCODE,N/A,CRASH_ValueError,False
logic.ml,951,operand_corruption,REJECTED,BAD_OPCODE,N/A,COMPLETED,False
logic.ml,952,byte_replace,REJECTED,LOCAL_RANGE,N/A,CRASH_IndexError,False
logic.ml,953,opcode_swap,REJECTED,BAD_OPCODE,N/A,COMPLETED,False
logic.ml,954,byte_replace,REJECTED,BAD_OPCODE,N/A,COMPLETED,False
logic.ml,955,truncation,REJECTED,TRUNCATED,N/A,CRASH_error,False
logic.ml,956,operand_corruption,ACCEPTED,,CLEAN,N/A,False
logic.ml,957,insertion,REJECTED,BAD_OPCODE,N/A,CRASH_IndexError,False
logic.ml,958,deletion,REJECTED,STACK_TYPE,N/A,COMPLETED,False
logic.ml,959,bit_flip,ACCEPTED,,CLEAN,N/A,False
logic.ml,960,operand_corruption,REJECTED,BAD_OPCODE,N/A,CRASH_ValueError,False
logic.ml,961,metadata_entry_func,REJECTED,BAD_CALL,N/A,CRASH_TypeError,False
logic.ml,962,opcode_swap,REJECTED,STACK_TYPE,N/A,COMPLETED,False
logic.ml,963,byte_replace,REJECTED,BAD_OPCODE,N/A,COMPLETED,False
logic.ml,964,insertion,REJECTED,BAD_OPCODE,N/A,CRASH_ValueError,False
logic.ml,965,truncation,REJECTED,TRUNCATED,N/A,CRASH_error,False
logic.ml,966,opcode_swap,REJECTED,BAD_OPCODE,N/A,COMPLETED,False
logic.ml,967,byte_replace,ACCEPTED,,CLEAN,N/A,False
logic.ml,968,metadata_max_stack,REJECTED,STACK_OVERFLOW,N/A,COMPLETED,False
logic.ml,969,byte_replace,REJECTED,BAD_OPCODE,N/A,CRASH_ValueError,False
logic.ml,970,metadata_max_stack,REJECTED,STACK_OVERFLOW,N/A,COMPLETED,False
logic.ml,971,metadata_max_stack,REJECTED,STACK_OVERFLOW,N/A,COMPLETED,False
logic.ml,972,bit_flip,ACCEPTED,,CLEAN,N/A,False
logic.ml,973,byte_replace,REJECTED,LOCAL_RANGE,N/A,CRASH_IndexError,False
logic.ml,974,insertion,REJECTED,BAD_OPCODE,N/A,CRASH_ValueError,False
logic.ml,975,insertion,REJECTED,BAD_OPCODE,N/A,CRASH_ValueError,False
logic.ml,976,truncation,REJECTED,FALLTHROUGH,N/A,CRASH_IndexError,False
logic.ml,977,insertion,REJECTED,BAD_OPCODE,N/A,CRASH_ValueError,False
logic.ml,978,operand_corruption,ACCEPTED,,CLEAN,N/A,False
logic.ml,979,opcode_swap,REJECTED,BAD_OPCODE,N/A,CRASH_ValueError,False
logic.ml,980,truncation,REJECTED,FALLTHROUGH,N/A,CRASH_IndexError,False
logic.ml,981,truncation,REJECTED,TRUNCATED,N/A,CRASH_error,False
logic.ml,982,opcode_swap,ACCEPTED,,CLEAN,N/A,False
logic.ml,983,truncation,REJECTED,FALLTHROUGH,N/A,CRASH_IndexError,False
logic.ml,984,insertion,REJECTED,BAD_OPCODE,N/A,CRASH_IndexError,False
logic.ml,985,metadata_entry_func,REJECTED,BAD_CALL,N/A,CRASH_TypeError,False
logic.ml,986,metadata_entry_func,ACCEPTED,,CLEAN,N/A,False
logic.ml,987,deletion,REJECTED,STACK_TYPE,N/A,COMPLETED,False
logic.ml,988,bit_flip,ACCEPTED,,CLEAN,N/A,False
logic.ml,989,deletion,REJECTED,BAD_RETURN,N/A,COMPLETED,False
logic.ml,990,byte_replace,REJECTED,BAD_OPCODE,N/A,CRASH_ValueError,False
logic.ml,991,bit_flip,ACCEPTED,,CLEAN,N/A,False
logic.ml,992,insertion,REJECTED,BAD_OPCODE,N/A,CRASH_IndexError,False
logic.ml,993,deletion,REJECTED,BAD_OPCODE,N/A,CRASH_ValueError,False
logic.ml,994,operand_corruption,REJECTED,BAD_OPCODE,N/A,COMPLETED,False
logic.ml,995,byte_replace,ACCEPTED,,CLEAN,N/A,False
logic.ml,996,byte_replace,REJECTED,LOCAL_RANGE,N/A,CRASH_IndexError,False
logic.ml,997,metadata_num_locals,REJECTED,LOCAL_RANGE,N/A,COMPLETED,False
logic.ml,998,truncation,REJECTED,FALLTHROUGH,N/A,CRASH_IndexError,False
logic.ml,999,truncation,REJECTED,TRUNCATED,N/A,CRASH_error,False
logic.ml,1000,truncation,REJECTED,FALLTHROUGH,N/A,CRASH_IndexError,False
prime.ml,1,operand_corruption,REJECTED,BAD_OPCODE,N/A,CRASH_ValueError,False
prime.ml,2,deletion,REJECTED,BAD_JUMP,N/A,CRASH_ValueError,False
prime.ml,3,byte_replace,REJECTED,LOCAL_RANGE,N/A,CRASH_IndexError,False
prime.ml,4,truncation,REJECTED,FALLTHROUGH,N/A,CRASH_IndexError,False
prime.ml,5,insertion,REJECTED,BAD_OPCODE,N/A,CRASH_IndexError,False
prime.ml,6,operand_corruption,REJECTED,BAD_OPCODE,N/A,CRASH_ValueError,False
prime.ml,7,insertion,REJECTED,BAD_OPCODE,N/A,CRASH_ValueError,False
prime.ml,8,bit_flip,REJECTED,BAD_JUMP,N/A,CRASH_IndexError,False
prime.ml,9,bit_flip,ACCEPTED,,CLEAN,N/A,False
prime.ml,10,bit_flip,REJECTED,BAD_OPCODE,N/A,CRASH_IndexError,False
prime.ml,11,truncation,REJECTED,TRUNCATED,N/A,CRASH_IndexError,False
prime.ml,12,bit_flip,REJECTED,LOCAL_RANGE,N/A,CRASH_IndexError,False
prime.ml,13,truncation,REJECTED,TRUNCATED,N/A,CRASH_IndexError,False
prime.ml,14,byte_replace,ACCEPTED,,CLEAN,N/A,False
prime.ml,15,deletion,REJECTED,BAD_OPCODE,N/A,CRASH_IndexError,False
prime.ml,16,bit_flip,REJECTED,BAD_CALL,N/A,CRASH_IndexError,False
prime.ml,17,insertion,REJECTED,BAD_OPCODE,N/A,CRASH_ValueError,False
prime.ml,18,insertion,REJECTED,BAD_OPCODE,N/A,CRASH_ValueError,False
prime.ml,19,truncation,REJECTED,BAD_JUMP,N/A,CRASH_IndexError,False
prime.ml,20,deletion,REJECTED,BAD_OPCODE,N/A,CRASH_ValueError,False
prime.ml,21,insertion,REJECTED,BAD_OPCODE,N/A,CRASH_ValueError,False
prime.ml,22,metadata_num_locals,REJECTED,LOCAL_RANGE,N/A,CRASH_IndexError,False
prime.ml,23,insertion,REJECTED,BAD_OPCODE,N/A,CRASH_ValueError,False
prime.ml,24,operand_corruption,REJECTED,BAD_OPCODE,N/A,COMPLETED,False
prime.ml,25,deletion,REJECTED,BAD_OPCODE,N/A,CRASH_ValueError,False
prime.ml,26,bit_flip,ACCEPTED,,CLEAN,N/A,False
prime.ml,27,bit_flip,ACCEPTED,,CLEAN,N/A,False
prime.ml,28,bit_flip,REJECTED,BAD_OPCODE,N/A,CRASH_ValueError,False
prime.ml,29,insertion,REJECTED,BAD_OPCODE,N/A,CRASH_ValueError,False
prime.ml,30,truncation,REJECTED,TRUNCATED,N/A,CRASH_IndexError,False
prime.ml,31,bit_flip,REJECTED,BAD_OPCODE,N/A,CRASH_ValueError,False
prime.ml,32,byte_replace,REJECTED,BAD_OPCODE,N/A,CRASH_ValueError,False
prime.ml,33,deletion,REJECTED,BAD_OPCODE,N/A,CRASH_ValueError,False
prime.ml,34,operand_corruption,ACCEPTED,,CLEAN,N/A,False
prime.ml,35,insertion,REJECTED,BAD_OPCODE,N/A,CRASH_ValueError,False
prime.ml,36,insertion,REJECTED,BAD_OPCODE,N/A,CRASH_IndexError,False
prime.ml,37,operand_corruption,REJECTED,BAD_OPCODE,N/A,COMPLETED,False
prime.ml,38,operand_corruption,REJECTED,BAD_OPCODE,N/A,COMPLETED,False
prime.ml,39,insertion,REJECTED,BAD_OPCODE,N/A,CRASH_IndexError,False
prime.ml,40,operand_corruption,REJECTED,BAD_OPCODE,N/A,CRASH_ValueError,False
prime.ml,41,deletion,REJECTED,BAD_JUMP,N/A,CRASH_IndexError,False
prime.ml,42,truncation,REJECTED,BAD_JUMP,N/A,CRASH_IndexError,False
prime.ml,43,bit_flip,ACCEPTED,,CLEAN,N/A,False
prime.ml,44,byte_replace,ACCEPTED,,CLEAN,N/A,False
prime.ml,45,insertion,REJECTED,BAD_OPCODE,N/A,CRASH_ValueError,False
prime.ml,46,byte_replace,ACCEPTED,,CLEAN,N/A,False
prime.ml,47,insertion,REJECTED,BAD_OPCODE,N/A,CRASH_ValueError,False
prime.ml,48,bit_flip,REJECTED,LOCAL_RANGE,N/A,CRASH_IndexError,False
prime.ml,49,opcode_swap,ACCEPTED,,CLEAN,N/A,False
prime.ml,50,byte_replace,ACCEPTED,,CLEAN,N/A,False
prime.ml,51,bit_flip,REJECTED,LOCAL_RANGE,N/A,CRASH_IndexError,False
prime.ml,52,insertion,REJECTED,BAD_OPCODE,N/A,CRASH_IndexError,False
prime.ml,53,bit_flip,REJECTED,STACK_TYPE,N/A,COMPLETED,False
prime.ml,54,metadata_max_stack,REJECTED,STACK_OVERFLOW,N/A,COMPLETED,False
prime.ml,55,metadata_entry_func,REJECTED,BAD_CALL,N/A,CRASH_IndexError,False
prime.ml,56,deletion,REJECTED,BAD_OPCODE,N/A,CRASH_IndexError,False
prime.ml,57,bit_flip,REJECTED,BAD_OPCODE,N/A,CRASH_ValueError,False
prime.ml,58,operand_corruption,REJECTED,BAD_OPCODE,N/A,CRASH_IndexError,False
prime.ml,59,truncation,REJECTED,TRUNCATED,N/A,CRASH_error,False
prime.ml,60,opcode_swap,REJECTED,LOCAL_RANGE,N/A,CRASH_IndexError,False
prime.ml,61,operand_corruption,REJECTED,BAD_JUMP,N/A,COMPLETED,False
prime.ml,62,insertion,REJECTED,BAD_OPCODE,N/A,CRASH_ValueError,False
prime.ml,63,metadata_entry_func,ACCEPTED,,CLEAN,N/A,False
prime.ml,64,deletion,REJECTED,BAD_OPCODE,N/A,CRASH_ValueError,False
prime.ml,65,opcode_swap,REJECTED,BAD_OPCODE,N/A,CRASH_IndexError,False
prime.ml,66,deletion,REJECTED,BAD_JUMP,N/A,CRASH_IndexError,False
prime.ml,67,truncation,REJECTED,TRUNCATED,N/A,CRASH_error,False
prime.ml,68,operand_corruption,REJECTED,LOCAL_RANGE,N/A,CRASH_IndexError,False
prime.ml,69,deletion,REJECTED,BAD_OPCODE,N/A,CRASH_ValueError,False
prime.ml,70,byte_replace,REJECTED,BAD_OPCODE,N/A,CRASH_ValueError,False
prime.ml,71,truncation,REJECTED,TRUNCATED,N/A,CRASH_IndexError,False
prime.ml,72,deletion,REJECTED,BAD_OPCODE,N/A,CRASH_ValueError,False
prime.ml,73,insertion,REJECTED,BAD_OPCODE,N/A,CRASH_ValueError,False
prime.ml,74,metadata_num_locals,REJECTED,LOCAL_RANGE,N/A,CRASH_IndexError,False
prime.ml,75,byte_replace,REJECTED,BAD_OPCODE,N/A,CRASH_ValueError,False
prime.ml,76,operand_corruption,REJECTED,BAD_OPCODE,N/A,CRASH_ValueError,False
prime.ml,77,truncation,REJECTED,TRUNCATED,N/A,CRASH_error,False
prime.ml,78,opcode_swap,REJECTED,BAD_OPCODE,N/A,CRASH_IndexError,False
prime.ml,79,operand_corruption,ACCEPTED,,CLEAN,N/A,False
prime.ml,80,operand_corruption,REJECTED,BAD_OPCODE,N/A,COMPLETED,False
prime.ml,81,opcode_swap,REJECTED,BAD_OPCODE,N/A,COMPLETED,False
prime.ml,82,metadata_num_locals,REJECTED,LOCAL_RANGE,N/A,CRASH_IndexError,False
prime.ml,83,operand_corruption,REJECTED,BAD_OPCODE,N/A,CRASH_ValueError,False
prime.ml,84,metadata_entry_func,REJECTED,BAD_CALL,N/A,CRASH_IndexError,False
prime.ml,85,truncation,REJECTED,TRUNCATED,N/A,CRASH_error,False
prime.ml,86,metadata_num_locals,REJECTED,LOCAL_RANGE,N/A,CRASH_IndexError,False
prime.ml,87,byte_replace,REJECTED,BAD_OPCODE,N/A,CRASH_ValueError,False
prime.ml,88,insertion,REJECTED,BAD_OPCODE,N/A,CRASH_IndexError,False
prime.ml,89,opcode_swap,REJECTED,LOCAL_RANGE,N/A,CRASH_IndexError,False
prime.ml,90,insertion,REJECTED,BAD_OPCODE,N/A,CRASH_ValueError,False
prime.ml,91,metadata_num_locals,REJECTED,LOCAL_RANGE,N/A,COMPLETED,False
prime.ml,92,operand_corruption,ACCEPTED,,CLEAN,N/A,False
prime.ml,93,byte_replace,REJECTED,BAD_OPCODE,N/A,CRASH_ValueError,False
prime.ml,94,opcode_swap,REJECTED,TRUNCATED,N/A,CRASH_error,False
prime.ml,95,metadata_max_stack,REJECTED,STACK_OVERFLOW,N/A,COMPLETED,False
prime.ml,96,operand_corruption,REJECTED,BAD_JUMP,N/A,CRASH_IndexError,False
prime.ml,97,bit_flip,ACCEPTED,,CLEAN,N/A,False
prime.ml,98,opcode_swap,REJECTED,BAD_OPCODE,N/A,CRASH_IndexError,False
prime.ml,99,bit_flip,REJECTED,LOCAL_RANGE,N/A,CRASH_IndexError,False
prime.ml,100,byte_replace,REJECTED,BAD_OPCODE,N/A,CRASH_ValueError,False
prime.ml,101,opcode_swap,ACCEPTED,,STEP_LIMIT,N/A,False
prime.ml,102,deletion,REJECTED,BAD_OPCODE,N/A,CRASH_IndexError,False
prime.ml,103,truncation,REJECTED,TRUNCATED,N/A,CRASH_error,False
prime.ml,104,bit_flip,ACCEPTED,,CLEAN,N/A,False
prime.ml,105,bit_flip,REJECTED,LOCAL_RANGE,N/A,CRASH_IndexError,False
prime.ml,106,metadata_entry_func,ACCEPTED,,CLEAN,N/A,False
prime.ml,107,truncation,REJECTED,TRUNCATED,N/A,CRASH_IndexError,False
prime.ml,108,operand_corruption,REJECTED,BAD_OPCODE,N/A,CRASH_ValueError,False
prime.ml,109,truncation,REJECTED,TRUNCATED,N/A,CRASH_IndexError,False
prime.ml,110,deletion,REJECTED,BAD_OPCODE,N/A,CRASH_error,False
prime.ml,111,deletion,REJECTED,BAD_OPCODE,N/A,CRASH_IndexError,False
prime.ml,112,bit_flip,ACCEPTED,,STEP_LIMIT,N/A,False
prime.ml,113,operand_corruption,REJECTED,BAD_OPCODE,N/A,CRASH_ValueError,False
prime.ml,114,truncation,REJECTED,TRUNCATED,N/A,CRASH_error,False
prime.ml,115,insertion,REJECTED,BAD_OPCODE,N/A,CRASH_ValueError,False
prime.ml,116,deletion,REJECTED,BAD_OPCODE,N/A,CRASH_IndexError,False
prime.ml,117,operand_corruption,REJECTED,BAD_OPCODE,N/A,CRASH_IndexError,False
prime.ml,118,metadata_max_stack,REJECTED,STACK_OVERFLOW,N/A,COMPLETED,False
prime.ml,119,bit_flip,REJECTED,LOCAL_RANGE,N/A,CRASH_IndexError,False
prime.ml,120,truncation,REJECTED,FALLTHROUGH,N/A,CRASH_IndexError,False
prime.ml,121,byte_replace,REJECTED,LOCAL_RANGE,N/A,CRASH_IndexError,False
prime.ml,122,opcode_swap,REJECTED,BAD_OPCODE,N/A,CRASH_IndexError,False
prime.ml,123,operand_corruption,REJECTED,BAD_OPCODE,N/A,CRASH_ValueError,False
prime.ml,124,deletion,REJECTED,BAD_JUMP,N/A,CRASH_error,False
prime.ml,125,truncation,REJECTED,TRUNCATED,N/A,CRASH_error,False
prime.ml,126,byte_replace,ACCEPTED,,STEP_LIMIT,N/A,False
prime.ml,127,deletion,REJECTED,TRUNCATED,N/A,CRASH_error,False
prime.ml,128,metadata_entry_func,ACCEPTED,,CLEAN,N/A,False
prime.ml,129,opcode_swap,REJECTED,BAD_OPCODE,N/A,CRASH_IndexError,False
prime.ml,130,byte_replace,ACCEPTED,,CLEAN,N/A,False
prime.ml,131,insertion,REJECTED,BAD_OPCODE,N/A,CRASH_ValueError,False
prime.ml,132,metadata_max_stack,ACCEPTED,,CLEAN,N/A,False
prime.ml,133,metadata_entry_func,REJECTED,BAD_CALL,N/A,CRASH_TypeError,False
prime.ml,134,metadata_entry_func,REJECTED,BAD_CALL,N/A,CRASH_TypeError,False
prime.ml,135,metadata_num_locals,REJECTED,LOCAL_RANGE,N/A,COMPLETED,False
prime.ml,136,opcode_swap,REJECTED,BAD_OPCODE,N/A,CRASH_IndexError,False
prime.ml,137,insertion,REJECTED,BAD_OPCODE,N/A,CRASH_ValueError,False
prime.ml,138,insertion,REJECTED,BAD_OPCODE,N/A,CRASH_IndexError,False
prime.ml,139,byte_replace,ACCEPTED,,CLEAN,N/A,False
prime.ml,140,insertion,REJECTED,BAD_CALL,N/A,CRASH_IndexError,False
prime.ml,141,truncation,REJECTED,TRUNCATED,N/A,CRASH_error,False
prime.ml,142,operand_corruption,ACCEPTED,,CLEAN,N/A,False
prime.ml,143,deletion,REJECTED,BAD_JUMP,N/A,CRASH_IndexError,False
prime.ml,144,metadata_max_stack,ACCEPTED,,CLEAN,N/A,False
prime.ml,145,metadata_num_locals,REJECTED,LOCAL_RANGE,N/A,COMPLETED,False
prime.ml,146,deletion,REJECTED,BAD_OPCODE,N/A,CRASH_ValueError,False
prime.ml,147,insertion,REJECTED,BAD_OPCODE,N/A,CRASH_IndexError,False
prime.ml,148,opcode_swap,REJECTED,BAD_OPCODE,N/A,COMPLETED,False
prime.ml,149,bit_flip,ACCEPTED,,CLEAN,N/A,False
prime.ml,150,operand_corruption,REJECTED,BAD_OPCODE,N/A,CRASH_IndexError,False
prime.ml,151,insertion,REJECTED,BAD_OPCODE,N/A,CRASH_IndexError,False
prime.ml,152,byte_replace,REJECTED,BAD_OPCODE,N/A,CRASH_ValueError,False
prime.ml,153,bit_flip,REJECTED,BAD_JUMP,N/A,CRASH_IndexError,False
prime.ml,154,deletion,REJECTED,BAD_OPCODE,N/A,CRASH_IndexError,False
prime.ml,155,operand_corruption,REJECTED,BAD_OPCODE,N/A,CRASH_IndexError,False
prime.ml,156,opcode_swap,REJECTED,STACK_TYPE,N/A,COMPLETED,False
prime.ml,157,truncation,REJECTED,BAD_JUMP,N/A,CRASH_IndexError,False
prime.ml,158,operand_corruption,REJECTED,BAD_OPCODE,N/A,COMPLETED,False
prime.ml,159,truncation,REJECTED,BAD_JUMP,N/A,CRASH_IndexError,False
prime.ml,160,deletion,REJECTED,BAD_OPCODE,N/A,CRASH_ValueError,False
prime.ml,161,operand_corruption,REJECTED,BAD_OPCODE,N/A,CRASH_ValueError,False
prime.ml,162,operand_corruption,REJECTED,BAD_OPCODE,N/A,COMPLETED,False
prime.ml,163,metadata_max_stack,REJECTED,STACK_OVERFLOW,N/A,COMPLETED,False
prime.ml,164,byte_replace,REJECTED,STACK_UNDERFLOW,N/A,CRASH_IndexError,False
prime.ml,165,insertion,REJECTED,BAD_JUMP,N/A,CRASH_IndexError,False
prime.ml,166,metadata_max_stack,REJECTED,STACK_OVERFLOW,N/A,COMPLETED,False
prime.ml,167,truncation,REJECTED,TRUNCATED,N/A,CRASH_error,False
prime.ml,168,operand_corruption,ACCEPTED,,STEP_LIMIT,N/A,False
prime.ml,169,metadata_num_locals,REJECTED,LOCAL_RANGE,N/A,COMPLETED,False
prime.ml,170,truncation,REJECTED,BAD_JUMP,N/A,CRASH_IndexError,False
prime.ml,171,bit_flip,REJECTED,BAD_OPCODE,N/A,CRASH_IndexError,False
prime.ml,172,metadata_max_stack,REJECTED,STACK_OVERFLOW,N/A,COMPLETED,False
prime.ml,173,truncation,REJECTED,TRUNCATED,N/A,CRASH_IndexError,False
prime.ml,174,byte_replace,REJECTED,LOCAL_RANGE,N/A,CRASH_IndexError,False
prime.ml,175,opcode_swap,REJECTED,BAD_OPCODE,N/A,COMPLETED,False
prime.ml,176,byte_replace,REJECTED,BAD_OPCODE,N/A,CRASH_ValueError,False
prime.ml,177,byte_replace,REJECTED,BAD_OPCODE,N/A,CRASH_ValueError,False
prime.ml,178,metadata_num_locals,REJECTED,LOCAL_RANGE,N/A,COMPLETED,False
prime.ml,179,metadata_num_locals,REJECTED,LOCAL_RANGE,N/A,CRASH_IndexError,False
prime.ml,180,byte_replace,REJECTED,BAD_JUMP,N/A,CRASH_ValueError,False
prime.ml,181,bit_flip,REJECTED,BAD_OPCODE,N/A,CRASH_ValueError,False
prime.ml,182,bit_flip,ACCEPTED,,CLEAN,N/A,False
prime.ml,183,metadata_max_stack,REJECTED,STACK_OVERFLOW,N/A,COMPLETED,False
prime.ml,184,insertion,REJECTED,BAD_OPCODE,N/A,CRASH_IndexError,False
prime.ml,185,deletion,REJECTED,BAD_JUMP,N/A,CRASH_TypeError,False
prime.ml,186,metadata_entry_func,REJECTED,BAD_CALL,N/A,CRASH_TypeError,False
prime.ml,187,deletion,REJECTED,BAD_JUMP,N/A,STEP_LIMIT,False
prime.ml,188,deletion,REJECTED,BAD_JUMP,N/A,CRASH_IndexError,False
prime.ml,189,truncation,REJECTED,TRUNCATED,N/A,CRASH_IndexError,False
prime.ml,190,byte_replace,ACCEPTED,,STEP_LIMIT,N/A,False
prime.ml,191,deletion,REJECTED,BAD_OPCODE,N/A,CRASH_ValueError,False
prime.ml,192,truncation,REJECTED,TRUNCATED,N/A,CRASH_error,False
prime.ml,193,deletion,REJECTED,BAD_OPCODE,N/A,CRASH_ValueError,False
prime.ml,194,deletion,REJECTED,BAD_JUMP,N/A,STEP_LIMIT,False
prime.ml,195,bit_flip,REJECTED,BAD_OPCODE,N/A,CRASH_ValueError,False
prime.ml,196,insertion,REJECTED,BAD_OPCODE,N/A,CRASH_ValueError,False
prime.ml,197,insertion,REJECTED,BAD_OPCODE,N/A,CRASH_ValueError,False
prime.ml,198,truncation,REJECTED,TRUNCATED,N/A,CRASH_error,False
prime.ml,199,opcode_swap,REJECTED,STACK_TYPE,N/A,STEP_LIMIT,False
prime.ml,200,operand_corruption,ACCEPTED,,STEP_LIMIT,N/A,False
prime.ml,201,insertion,REJECTED,BAD_OPCODE,N/A,CRASH_ValueError,False
prime.ml,202,opcode_swap,REJECTED,BAD_OPCODE,N/A,CRASH_IndexError,False
prime.ml,203,byte_replace,ACCEPTED,,STEP_LIMIT,N/A,False
prime.ml,204,opcode_swap,ACCEPTED,,CLEAN,N/A,False
prime.ml,205,byte_replace,REJECTED,LOCAL_RANGE,N/A,CRASH_IndexError,False
prime.ml,206,insertion,REJECTED,BAD_OPCODE,N/A,CRASH_IndexError,False
prime.ml,207,deletion,REJECTED,BAD_OPCODE,N/A,CRASH_IndexError,False
prime.ml,208,byte_replace,REJECTED,LOCAL_RANGE,N/A,CRASH_IndexError,False
prime.ml,209,insertion,REJECTED,BAD_OPCODE,N/A,CRASH_IndexError,False
prime.ml,210,bit_flip,REJECTED,BAD_OPCODE,N/A,CRASH_IndexError,False
prime.ml,211,deletion,REJECTED,BAD_JUMP,N/A,CRASH_IndexError,False
prime.ml,212,insertion,REJECTED,BAD_OPCODE,N/A,CRASH_ValueError,False
prime.ml,213,deletion,REJECTED,BAD_OPCODE,N/A,CRASH_ValueError,False
prime.ml,214,truncation,REJECTED,TRUNCATED,N/A,CRASH_error,False
prime.ml,215,truncation,REJECTED,TRUNCATED,N/A,CRASH_error,False
prime.ml,216,metadata_max_stack,REJECTED,STACK_OVERFLOW,N/A,COMPLETED,False
prime.ml,217,opcode_swap,REJECTED,STACK_TYPE,N/A,COMPLETED,False
prime.ml,218,metadata_max_stack,REJECTED,STACK_OVERFLOW,N/A,COMPLETED,False
prime.ml,219,bit_flip,ACCEPTED,,CLEAN,N/A,False
prime.ml,220,operand_corruption,ACCEPTED,,CLEAN,N/A,False
prime.ml,221,insertion,REJECTED,BAD_OPCODE,N/A,CRASH_ValueError,False
prime.ml,222,operand_corruption,REJECTED,BAD_OPCODE,N/A,COMPLETED,False
prime.ml,223,bit_flip,REJECTED,LOCAL_RANGE,N/A,CRASH_IndexError,False
prime.ml,224,deletion,REJECTED,BAD_OPCODE,N/A,CRASH_ValueError,False
prime.ml,225,truncation,REJECTED,BAD_JUMP,N/A,CRASH_IndexError,False
prime.ml,226,insertion,REJECTED,BAD_OPCODE,N/A,CRASH_IndexError,False
prime.ml,227,metadata_max_stack,REJECTED,STACK_OVERFLOW,N/A,COMPLETED,False
prime.ml,228,byte_replace,REJECTED,BAD_JUMP,N/A,CRASH_IndexError,False
prime.ml,229,operand_corruption,REJECTED,BAD_OPCODE,N/A,COMPLETED,False
prime.ml,230,byte_replace,REJECTED,LOCAL_RANGE,N/A,CRASH_IndexError,False
prime.ml,231,opcode_swap,REJECTED,BAD_OPCODE,N/A,CRASH_IndexError,False
prime.ml,232,deletion,REJECTED,BAD_JUMP,N/A,CRASH_IndexError,False
prime.ml,233,insertion,REJECTED,BAD_OPCODE,N/A,CRASH_ValueError,False
prime.ml,234,bit_flip,REJECTED,TRUNCATED,N/A,CRASH_IndexError,False
prime.ml,235,byte_replace,REJECTED,LOCAL_RANGE,N/A,CRASH_IndexError,False
prime.ml,236,insertion,REJECTED,BAD_OPCODE,N/A,CRASH_ValueError,False
prime.ml,237,metadata_entry_func,REJECTED,BAD_CALL,N/A,CRASH_TypeError,False
prime.ml,238,insertion,REJECTED,BAD_OPCODE,N/A,CRASH_IndexError,False
prime.ml,239,operand_corruption,REJECTED,BAD_OPCODE,N/A,CRASH_ValueError,False
prime.ml,240,byte_replace,ACCEPTED,,CLEAN,N/A,False
prime.ml,241,opcode_swap,REJECTED,BAD_OPCODE,N/A,CRASH_IndexError,False
prime.ml,242,byte_replace,REJECTED,BAD_OPCODE,N/A,CRASH_ValueError,False
prime.ml,243,deletion,REJECTED,BAD_OPCODE,N/A,CRASH_ValueError,False
prime.ml,244,operand_corruption,ACCEPTED,,STEP_LIMIT,N/A,False
prime.ml,245,truncation,REJECTED,TRUNCATED,N/A,CRASH_error,False
prime.ml,246,deletion,REJECTED,BAD_OPCODE,N/A,CRASH_ValueError,False
prime.ml,247,deletion,REJECTED,BAD_OPCODE,N/A,CRASH_IndexError,False
prime.ml,248,metadata_max_stack,REJECTED,STACK_OVERFLOW,N/A,COMPLETED,False
prime.ml,249,truncation,REJECTED,TRUNCATED,N/A,CRASH_error,False
prime.ml,250,bit_flip,ACCEPTED,,CLEAN,N/A,False
prime.ml,251,operand_corruption,REJECTED,BAD_OPCODE,N/A,COMPLETED,False
prime.ml,252,insertion,REJECTED,BAD_OPCODE,N/A,CRASH_ValueError,False
prime.ml,253,byte_replace,ACCEPTED,,CLEAN,N/A,False
prime.ml,254,bit_flip,ACCEPTED,,CLEAN,N/A,False
prime.ml,255,metadata_num_locals,REJECTED,LOCAL_RANGE,N/A,CRASH_IndexError,False
prime.ml,256,truncation,REJECTED,TRUNCATED,N/A,CRASH_IndexError,False
prime.ml,257,operand_corruption,REJECTED,BAD_OPCODE,N/A,CRASH_IndexError,False
prime.ml,258,insertion,REJECTED,BAD_OPCODE,N/A,CRASH_ValueError,False
prime.ml,259,bit_flip,REJECTED,BAD_OPCODE,N/A,CRASH_ValueError,False
prime.ml,260,metadata_entry_func,ACCEPTED,,CLEAN,N/A,False
prime.ml,261,metadata_entry_func,REJECTED,BAD_CALL,N/A,CRASH_TypeError,False
prime.ml,262,metadata_max_stack,REJECTED,STACK_OVERFLOW,N/A,COMPLETED,False
prime.ml,263,byte_replace,REJECTED,BAD_OPCODE,N/A,CRASH_ValueError,False
prime.ml,264,opcode_swap,REJECTED,TRUNCATED,N/A,CRASH_IndexError,False
prime.ml,265,bit_flip,REJECTED,LOCAL_RANGE,N/A,CRASH_IndexError,False
prime.ml,266,deletion,REJECTED,BAD_JUMP,N/A,CRASH_TypeError,False
prime.ml,267,insertion,REJECTED,BAD_OPCODE,N/A,CRASH_ValueError,False
prime.ml,268,bit_flip,ACCEPTED,,CLEAN,N/A,False
prime.ml,269,truncation,REJECTED,TRUNCATED,N/A,CRASH_IndexError,False
prime.ml,270,metadata_num_locals,REJECTED,LOCAL_RANGE,N/A,CRASH_IndexError,False
prime.ml,271,truncation,REJECTED,BAD_JUMP,N/A,CRASH_IndexError,False
prime.ml,272,truncation,REJECTED,FALLTHROUGH,N/A,CRASH_IndexError,False
prime.ml,273,opcode_swap,REJECTED,BAD_OPCODE,N/A,CRASH_ValueError,False
prime.ml,274,metadata_entry_func,ACCEPTED,,CLEAN,N/A,False
prime.ml,275,bit_flip,REJECTED,BAD_OPCODE,N/A,COMPLETED,False
prime.ml,276,byte_replace,ACCEPTED,,STEP_LIMIT,N/A,False
prime.ml,277,deletion,REJECTED,STACK_UNDERFLOW,N/A,CRASH_IndexError,False
prime.ml,278,truncation,REJECTED,TRUNCATED,N/A,CRASH_IndexError,False
prime.ml,279,opcode_swap,REJECTED,STACK_TYPE,N/A,COMPLETED,False
prime.ml,280,truncation,REJECTED,BAD_JUMP,N/A,CRASH_IndexError,False
prime.ml,281,metadata_entry_func,REJECTED,BAD_CALL,N/A,CRASH_IndexError,False
prime.ml,282,metadata_entry_func,REJECTED,BAD_CALL,N/A,CRASH_IndexError,False
prime.ml,283,insertion,REJECTED,BAD_OPCODE,N/A,CRASH_ValueError,False
prime.ml,284,opcode_swap,REJECTED,BAD_OPCODE,N/A,CRASH_IndexError,False
prime.ml,285,metadata_max_stack,REJECTED,STACK_OVERFLOW,N/A,COMPLETED,False
prime.ml,286,operand_corruption,REJECTED,BAD_OPCODE,N/A,CRASH_ValueError,False
prime.ml,287,bit_flip,ACCEPTED,,CLEAN,N/A,False
prime.ml,288,truncation,REJECTED,BAD_JUMP,N/A,CRASH_IndexError,False
prime.ml,289,metadata_max_stack,REJECTED,STACK_OVERFLOW,N/A,COMPLETED,False
prime.ml,290,metadata_num_locals,REJECTED,LOCAL_RANGE,N/A,CRASH_IndexError,False
prime.ml,291,opcode_swap,REJECTED,BAD_OPCODE,N/A,COMPLETED,False
prime.ml,292,metadata_num_locals,REJECTED,LOCAL_RANGE,N/A,CRASH_IndexError,False
prime.ml,293,truncation,REJECTED,TRUNCATED,N/A,CRASH_error,False
prime.ml,294,operand_corruption,REJECTED,BAD_OPCODE,N/A,CRASH_ValueError,False
prime.ml,295,deletion,REJECTED,BAD_JUMP,N/A,CRASH_ValueError,False
prime.ml,296,insertion,REJECTED,BAD_OPCODE,N/A,CRASH_ValueError,False
prime.ml,297,insertion,REJECTED,BAD_OPCODE,N/A,CRASH_IndexError,False
prime.ml,298,byte_replace,REJECTED,BAD_OPCODE,N/A,CRASH_ValueError,False
prime.ml,299,byte_replace,REJECTED,BAD_OPCODE,N/A,CRASH_ValueError,False
prime.ml,300,insertion,REJECTED,BAD_OPCODE,N/A,COMPLETED,False
prime.ml,301,metadata_entry_func,ACCEPTED,,CLEAN,N/A,False
prime.ml,302,deletion,REJECTED,BAD_JUMP,N/A,CRASH_IndexError,False
prime.ml,303,opcode_swap,REJECTED,BAD_OPCODE,N/A,CRASH_IndexError,False
prime.ml,304,deletion,REJECTED,BAD_OPCODE,N/A,CRASH_IndexError,False
prime.ml,305,metadata_entry_func,ACCEPTED,,CLEAN,N/A,False
prime.ml,306,operand_corruption,REJECTED,BAD_OPCODE,N/A,CRASH_ValueError,False
prime.ml,307,opcode_swap,REJECTED,BAD_OPCODE,N/A,CRASH_IndexError,False
prime.ml,308,insertion,REJECTED,BAD_OPCODE,N/A,CRASH_ValueError,False
prime.ml,309,opcode_swap,REJECTED,STACK_UNDERFLOW,N/A,CRASH_IndexError,False
prime.ml,310,deletion,REJECTED,BAD_OPCODE,N/A,CRASH_ValueError,False
prime.ml,311,deletion,REJECTED,BAD_OPCODE,N/A,CRASH_ValueError,False
prime.ml,312,bit_flip,ACCEPTED,,CLEAN,N/A,False
prime.ml,313,operand_corruption,REJECTED,BAD_OPCODE,N/A,COMPLETED,False
prime.ml,314,operand_corruption,ACCEPTED,,CLEAN,N/A,False
prime.ml,315,metadata_max_stack,ACCEPTED,,CLEAN,N/A,False
prime.ml,316,truncation,REJECTED,TRUNCATED,N/A,CRASH_IndexError,False
prime.ml,317,insertion,REJECTED,BAD_OPCODE,N/A,STEP_LIMIT,False
prime.ml,318,operand_corruption,ACCEPTED,,CLEAN,N/A,False
prime.ml,319,byte_replace,REJECTED,LOCAL_RANGE,N/A,CRASH_IndexError,False
prime.ml,320,operand_corruption,REJECTED,BAD_OPCODE,N/A,COMPLETED,False
prime.ml,321,byte_replace,REJECTED,BAD_OPCODE,N/A,CRASH_ValueError,False
prime.ml,322,metadata_num_locals,REJECTED,LOCAL_RANGE,N/A,CRASH_IndexError,False
prime.ml,323,truncation,REJECTED,TRUNCATED,N/A,CRASH_IndexError,False
prime.ml,324,metadata_num_locals,REJECTED,LOCAL_RANGE,N/A,CRASH_IndexError,False
prime.ml,325,bit_flip,REJECTED,BAD_JUMP,N/A,CRASH_ValueError,False
prime.ml,326,insertion,REJECTED,BAD_OPCODE,N/A,CRASH_ValueError,False
prime.ml,327,metadata_entry_func,ACCEPTED,,CLEAN,N/A,False
prime.ml,328,bit_flip,ACCEPTED,,CLEAN,N/A,False
prime.ml,329,operand_corruption,ACCEPTED,,CLEAN,N/A,False
prime.ml,330,deletion,REJECTED,BAD_OPCODE,N/A,CRASH_ValueError,False
prime.ml,331,deletion,REJECTED,BAD_OPCODE,N/A,CRASH_IndexError,False
prime.ml,332,metadata_num_locals,REJECTED,LOCAL_RANGE,N/A,COMPLETED,False
prime.ml,333,byte_replace,ACCEPTED,,CLEAN,N/A,False
prime.ml,334,metadata_max_stack,ACCEPTED,,CLEAN,N/A,False
prime.ml,335,insertion,REJECTED,BAD_OPCODE,N/A,CRASH_IndexError,False
prime.ml,336,deletion,REJECTED,BAD_OPCODE,N/A,CRASH_ValueError,False
prime.ml,337,operand_corruption,REJECTED,BAD_OPCODE,N/A,COMPLETED,False
prime.ml,338,opcode_swap,REJECTED,BAD_OPCODE,N/A,CRASH_IndexError,False
prime.ml,339,insertion,REJECTED,BAD_OPCODE,N/A,COMPLETED,False
prime.ml,340,insertion,REJECTED,BAD_OPCODE,N/A,CRASH_IndexError,False
prime.ml,341,metadata_entry_func,REJECTED,BAD_CALL,N/A,CRASH_TypeError,False
prime.ml,342,metadata_entry_func,ACCEPTED,,CLEAN,N/A,False
prime.ml,343,operand_corruption,REJECTED,BAD_OPCODE,N/A,CRASH_ValueError,False
prime.ml,344,truncation,REJECTED,TRUNCATED,N/A,CRASH_error,False
prime.ml,345,insertion,REJECTED,BAD_OPCODE,N/A,CRASH_ValueError,False
prime.ml,346,metadata_max_stack,ACCEPTED,,CLEAN,N/A,False
prime.ml,347,truncation,REJECTED,TRUNCATED,N/A,CRASH_IndexError,False
prime.ml,348,insertion,REJECTED,BAD_OPCODE,N/A,CRASH_ValueError,False
prime.ml,349,byte_replace,REJECTED,BAD_OPCODE,N/A,CRASH_ValueError,False
prime.ml,350,metadata_num_locals,REJECTED,LOCAL_RANGE,N/A,CRASH_IndexError,False
prime.ml,351,operand_corruption,ACCEPTED,,STEP_LIMIT,N/A,False
prime.ml,352,byte_replace,ACCEPTED,,CLEAN,N/A,False
prime.ml,353,opcode_swap,REJECTED,TRUNCATED,N/A,CRASH_error,False
prime.ml,354,bit_flip,REJECTED,BAD_OPCODE,N/A,CRASH_ValueError,False
prime.ml,355,metadata_num_locals,REJECTED,LOCAL_RANGE,N/A,COMPLETED,False
prime.ml,356,operand_corruption,REJECTED,BAD_OPCODE,N/A,CRASH_ValueError,False
prime.ml,357,insertion,REJECTED,BAD_OPCODE,N/A,CRASH_ValueError,False
prime.ml,358,truncation,REJECTED,BAD_JUMP,N/A,CRASH_IndexError,False
prime.ml,359,metadata_max_stack,REJECTED,STACK_OVERFLOW,N/A,COMPLETED,False
prime.ml,360,metadata_max_stack,REJECTED,STACK_OVERFLOW,N/A,COMPLETED,False
prime.ml,361,insertion,REJECTED,BAD_OPCODE,N/A,CRASH_ValueError,False
prime.ml,362,operand_corruption,ACCEPTED,,STEP_LIMIT,N/A,False
prime.ml,363,operand_corruption,REJECTED,BAD_OPCODE,N/A,CRASH_ValueError,False
prime.ml,364,truncation,REJECTED,TRUNCATED,N/A,CRASH_error,False
prime.ml,365,metadata_max_stack,REJECTED,STACK_OVERFLOW,N/A,COMPLETED,False
prime.ml,366,bit_flip,REJECTED,BAD_OPCODE,N/A,CRASH_ValueError,False
prime.ml,367,operand_corruption,ACCEPTED,,CLEAN,N/A,False
prime.ml,368,byte_replace,REJECTED,BAD_JUMP,N/A,CRASH_IndexError,False
prime.ml,369,truncation,REJECTED,TRUNCATED,N/A,CRASH_IndexError,False
prime.ml,370,insertion,REJECTED,BAD_OPCODE,N/A,STEP_LIMIT,False
prime.ml,371,metadata_entry_func,ACCEPTED,,CLEAN,N/A,False
prime.ml,372,deletion,REJECTED,BAD_OPCODE,N/A,CRASH_ValueError,False
prime.ml,373,opcode_swap,REJECTED,BAD_OPCODE,N/A,CRASH_IndexError,False
prime.ml,374,deletion,REJECTED,BAD_OPCODE,N/A,CRASH_ValueError,False
prime.ml,375,metadata_max_stack,ACCEPTED,,CLEAN,N/A,False
prime.ml,376,byte_replace,REJECTED,BAD_OPCODE,N/A,CRASH_ValueError,False
prime.ml,377,bit_flip,ACCEPTED,,CLEAN,N/A,False
prime.ml,378,deletion,REJECTED,FALLTHROUGH,N/A,CRASH_IndexError,False
prime.ml,379,operand_corruption,REJECTED,BAD_OPCODE,N/A,CRASH_ValueError,False
prime.ml,380,truncation,REJECTED,BAD_JUMP,N/A,CRASH_IndexError,False
prime.ml,381,deletion,REJECTED,BAD_JUMP,N/A,COMPLETED,False
prime.ml,382,truncation,REJECTED,TRUNCATED,N/A,CRASH_IndexError,False
prime.ml,383,deletion,REJECTED,BAD_JUMP,N/A,CRASH_error,False
prime.ml,384,deletion,REJECTED,BAD_OPCODE,N/A,CRASH_ValueError,False
prime.ml,385,metadata_max_stack,REJECTED,STACK_OVERFLOW,N/A,COMPLETED,False
prime.ml,386,opcode_swap,REJECTED,BAD_OPCODE,N/A,CRASH_IndexError,False
prime.ml,387,operand_corruption,ACCEPTED,,CLEAN,N/A,False
prime.ml,388,operand_corruption,REJECTED,BAD_OPCODE,N/A,CRASH_IndexError,False
prime.ml,389,bit_flip,REJECTED,LOCAL_RANGE,N/A,CRASH_IndexError,False
prime.ml,390,operand_corruption,REJECTED,BAD_OPCODE,N/A,CRASH_ValueError,False
prime.ml,391,truncation,REJECTED,TRUNCATED,N/A,CRASH_error,False
prime.ml,392,truncation,REJECTED,TRUNCATED,N/A,CRASH_error,False
prime.ml,393,metadata_num_locals,REJECTED,LOCAL_RANGE,N/A,CRASH_IndexError,False
prime.ml,394,opcode_swap,REJECTED,BAD_OPCODE,N/A,CRASH_ValueError,False
prime.ml,395,deletion,REJECTED,BAD_OPCODE,N/A,CRASH_IndexError,False
prime.ml,396,metadata_entry_func,REJECTED,BAD_CALL,N/A,CRASH_TypeError,False
prime.ml,397,truncation,REJECTED,TRUNCATED,N/A,CRASH_IndexError,False
prime.ml,398,truncation,REJECTED,TRUNCATED,N/A,CRASH_error,False
prime.ml,399,operand_corruption,REJECTED,BAD_OPCODE,N/A,CRASH_ValueError,False
prime.ml,400,truncation,REJECTED,TRUNCATED,N/A,CRASH_error,False
prime.ml,401,truncation,REJECTED,TRUNCATED,N/A,CRASH_error,False
prime.ml,402,deletion,REJECTED,BAD_OPCODE,N/A,CRASH_ValueError,False
prime.ml,403,byte_replace,REJECTED,BAD_OPCODE,N/A,CRASH_ValueError,False
prime.ml,404,operand_corruption,REJECTED,BAD_OPCODE,N/A,COMPLETED,False
prime.ml,405,deletion,REJECTED,BAD_JUMP,N/A,CRASH_IndexError,False
prime.ml,406,metadata_num_locals,REJECTED,LOCAL_RANGE,N/A,COMPLETED,False
prime.ml,407,deletion,REJECTED,BAD_JUMP,N/A,CRASH_error,False
prime.ml,408,insertion,REJECTED,BAD_OPCODE,N/A,CRASH_ValueError,False
prime.ml,409,operand_corruption,ACCEPTED,,CLEAN,N/A,False
prime.ml,410,metadata_entry_func,ACCEPTED,,CLEAN,N/A,False
prime.ml,411,truncation,REJECTED,BAD_JUMP,N/A,CRASH_IndexError,False
prime.ml,412,insertion,REJECTED,BAD_OPCODE,N/A,CRASH_ValueError,False
prime.ml,413,opcode_swap,ACCEPTED,,CLEAN,N/A,False
prime.ml,414,opcode_swap,REJECTED,BAD_OPCODE,N/A,CRASH_ValueError,False
prime.ml,415,opcode_swap,REJECTED,BAD_OPCODE,N/A,CRASH_IndexError,False
prime.ml,416,metadata_max_stack,REJECTED,STACK_OVERFLOW,N/A,COMPLETED,False
prime.ml,417,opcode_swap,ACCEPTED,,CLEAN,N/A,False
prime.ml,418,insertion,REJECTED,BAD_OPCODE,N/A,CRASH_ValueError,False
prime.ml,419,insertion,REJECTED,BAD_OPCODE,N/A,STEP_LIMIT,False
prime.ml,420,truncation,REJECTED,TRUNCATED,N/A,CRASH_IndexError,False
prime.ml,421,bit_flip,REJECTED,LOCAL_RANGE,N/A,CRASH_IndexError,False
prime.ml,422,byte_replace,REJECTED,BAD_OPCODE,N/A,CRASH_ValueError,False
prime.ml,423,insertion,REJECTED,BAD_OPCODE,N/A,CRASH_ValueError,False
prime.ml,424,opcode_swap,REJECTED,BAD_OPCODE,N/A,CRASH_IndexError,False
prime.ml,425,deletion,REJECTED,BAD_OPCODE,N/A,STEP_LIMIT,False
prime.ml,426,metadata_num_locals,REJECTED,LOCAL_RANGE,N/A,CRASH_IndexError,False
prime.ml,427,metadata_max_stack,REJECTED,STACK_OVERFLOW,N/A,COMPLETED,False
prime.ml,428,metadata_entry_func,REJECTED,BAD_CALL,N/A,CRASH_IndexError,False
prime.ml,429,metadata_entry_func,ACCEPTED,,CLEAN,N/A,False
prime.ml,430,byte_replace,REJECTED,BAD_OPCODE,N/A,CRASH_ValueError,False
prime.ml,431,truncation,REJECTED,FALLTHROUGH,N/A,CRASH_IndexError,False
prime.ml,432,truncation,REJECTED,BAD_JUMP,N/A,CRASH_IndexError,False
prime.ml,433,insertion,REJECTED,BAD_OPCODE,N/A,CRASH_IndexError,False
prime.ml,434,operand_corruption,ACCEPTED,,CLEAN,N/A,False
prime.ml,435,bit_flip,ACCEPTED,,CLEAN,N/A,False
prime.ml,436,byte_replace,REJECTED,BAD_OPCODE,N/A,CRASH_ValueError,False
prime.ml,437,metadata_entry_func,ACCEPTED,,CLEAN,N/A,False
prime.ml,438,insertion,REJECTED,BAD_OPCODE,N/A,CRASH_ValueError,False
prime.ml,439,byte_replace,REJECTED,BAD_OPCODE,N/A,CRASH_ValueError,False
prime.ml,440,insertion,REJECTED,BAD_OPCODE,N/A,CRASH_error,False
prime.ml,441,opcode_swap,REJECTED,BAD_OPCODE,N/A,CRASH_IndexError,False
prime.ml,442,deletion,REJECTED,BAD_OPCODE,N/A,CRASH_IndexError,False
prime.ml,443,deletion,REJECTED,BAD_JUMP,N/A,CRASH_ValueError,False
prime.ml,444,opcode_swap,REJECTED,BAD_OPCODE,N/A,CRASH_ValueError,False
prime.ml,445,metadata_num_locals,REJECTED,LOCAL_RANGE,N/A,CRASH_IndexError,False
prime.ml,446,operand_corruption,REJECTED,BAD_OPCODE,N/A,COMPLETED,False
prime.ml,447,operand_corruption,REJECTED,BAD_OPCODE,N/A,COMPLETED,False
prime.ml,448,bit_flip,REJECTED,BAD_OPCODE,N/A,CRASH_ValueError,False
prime.ml,449,deletion,REJECTED,BAD_OPCODE,N/A,CRASH_ValueError,False
prime.ml,450,insertion,REJECTED,BAD_OPCODE,N/A,CRASH_ValueError,False
prime.ml,451,bit_flip,REJECTED,BAD_OPCODE,N/A,COMPLETED,False
prime.ml,452,metadata_num_locals,REJECTED,LOCAL_RANGE,N/A,CRASH_IndexError,False
prime.ml,453,metadata_max_stack,REJECTED,STACK_OVERFLOW,N/A,COMPLETED,False
prime.ml,454,metadata_max_stack,ACCEPTED,,CLEAN,N/A,False
prime.ml,455,deletion,REJECTED,BAD_OPCODE,N/A,CRASH_IndexError,False
prime.ml,456,byte_replace,REJECTED,BAD_OPCODE,N/A,CRASH_ValueError,False
prime.ml,457,operand_corruption,REJECTED,BAD_OPCODE,N/A,COMPLETED,False
prime.ml,458,truncation,REJECTED,TRUNCATED,N/A,CRASH_error,False
prime.ml,459,operand_corruption,REJECTED,BAD_OPCODE,N/A,CRASH_IndexError,False
prime.ml,460,operand_corruption,REJECTED,BAD_OPCODE,N/A,CRASH_ValueError,False
prime.ml,461,opcode_swap,REJECTED,BAD_OPCODE,N/A,CRASH_IndexError,False
prime.ml,462,opcode_swap,REJECTED,BAD_OPCODE,N/A,CRASH_IndexError,False
prime.ml,463,bit_flip,REJECTED,BAD_OPCODE,N/A,CRASH_ValueError,False
prime.ml,464,byte_replace,ACCEPTED,,CLEAN,N/A,False
prime.ml,465,metadata_entry_func,REJECTED,BAD_CALL,N/A,CRASH_IndexError,False
prime.ml,466,operand_corruption,REJECTED,BAD_OPCODE,N/A,CRASH_ValueError,False
prime.ml,467,deletion,REJECTED,BAD_OPCODE,N/A,CRASH_IndexError,False
prime.ml,468,truncation,REJECTED,TRUNCATED,N/A,CRASH_error,False
prime.ml,469,metadata_num_locals,REJECTED,LOCAL_RANGE,N/A,COMPLETED,False
prime.ml,470,opcode_swap,REJECTED,BAD_OPCODE,N/A,CRASH_IndexError,False
prime.ml,471,metadata_num_locals,REJECTED,LOCAL_RANGE,N/A,COMPLETED,False
prime.ml,472,truncation,REJECTED,TRUNCATED,N/A,CRASH_error,False
prime.ml,473,deletion,REJECTED,BAD_JUMP,N/A,COMPLETED,False
prime.ml,474,metadata_num_locals,REJECTED,LOCAL_RANGE,N/A,CRASH_IndexError,False
prime.ml,475,truncation,REJECTED,TRUNCATED,N/A,CRASH_IndexError,False
prime.ml,476,insertion,REJECTED,BAD_OPCODE,N/A,CRASH_ValueError,False
prime.ml,477,deletion,REJECTED,BAD_OPCODE,N/A,CRASH_ValueError,False
prime.ml,478,opcode_swap,REJECTED,BAD_OPCODE,N/A,CRASH_IndexError,False
prime.ml,479,metadata_num_locals,REJECTED,LOCAL_RANGE,N/A,COMPLETED,False
prime.ml,480,operand_corruption,REJECTED,BAD_OPCODE,N/A,COMPLETED,False
prime.ml,481,truncation,REJECTED,TRUNCATED,N/A,CRASH_IndexError,False
prime.ml,482,insertion,REJECTED,BAD_OPCODE,N/A,CRASH_ValueError,False
prime.ml,483,metadata_max_stack,ACCEPTED,,CLEAN,N/A,False
prime.ml,484,metadata_max_stack,REJECTED,STACK_OVERFLOW,N/A,COMPLETED,False
prime.ml,485,bit_flip,REJECTED,LOCAL_RANGE,N/A,CRASH_IndexError,False
prime.ml,486,deletion,REJECTED,BAD_JUMP,N/A,CRASH_IndexError,False
prime.ml,487,opcode_swap,ACCEPTED,,CLEAN,N/A,False
prime.ml,488,insertion,REJECTED,BAD_OPCODE,N/A,CRASH_IndexError,False
prime.ml,489,deletion,REJECTED,BAD_JUMP,N/A,CRASH_error,False
prime.ml,490,metadata_num_locals,REJECTED,LOCAL_RANGE,N/A,CRASH_IndexError,False
prime.ml,491,opcode_swap,REJECTED,STACK_UNDERFLOW,N/A,CRASH_IndexError,False
prime.ml,492,truncation,REJECTED,TRUNCATED,N/A,CRASH_error,False
prime.ml,493,deletion,REJECTED,BAD_JUMP,N/A,CRASH_ValueError,False
prime.ml,494,byte_replace,REJECTED,BAD_OPCODE,N/A,CRASH_ValueError,False
prime.ml,495,deletion,REJECTED,BAD_OPCODE,N/A,STEP_LIMIT,False
prime.ml,496,insertion,REJECTED,BAD_OPCODE,N/A,CRASH_ValueError,False
prime.ml,497,opcode_swap,REJECTED,BAD_OPCODE,N/A,CRASH_IndexError,False
prime.ml,498,operand_corruption,REJECTED,BAD_OPCODE,N/A,CRASH_IndexError,False
prime.ml,499,byte_replace,REJECTED,BAD_OPCODE,N/A,CRASH_ValueError,False
prime.ml,500,deletion,REJECTED,BAD_OPCODE,N/A,CRASH_ValueError,False
prime.ml,501,deletion,REJECTED,TRUNCATED,N/A,CRASH_error,False
prime.ml,502,deletion,REJECTED,BAD_JUMP,N/A,CRASH_ValueError,False
prime.ml,503,metadata_num_locals,REJECTED,LOCAL_RANGE,N/A,COMPLETED,False
prime.ml,504,insertion,REJECTED,BAD_OPCODE,N/A,CRASH_ValueError,False
prime.ml,505,metadata_max_stack,REJECTED,STACK_OVERFLOW,N/A,COMPLETED,False
prime.ml,506,opcode_swap,REJECTED,BAD_OPCODE,N/A,CRASH_IndexError,False
prime.ml,507,truncation,REJECTED,TRUNCATED,N/A,CRASH_IndexError,False
prime.ml,508,metadata_max_stack,REJECTED,STACK_OVERFLOW,N/A,COMPLETED,False
prime.ml,509,metadata_entry_func,REJECTED,BAD_CALL,N/A,CRASH_TypeError,False
prime.ml,510,byte_replace,REJECTED,BAD_OPCODE,N/A,CRASH_ValueError,False
prime.ml,511,metadata_num_locals,REJECTED,LOCAL_RANGE,N/A,COMPLETED,False
prime.ml,512,bit_flip,ACCEPTED,,CLEAN,N/A,False
prime.ml,513,byte_replace,REJECTED,BAD_OPCODE,N/A,CRASH_ValueError,False
prime.ml,514,metadata_entry_func,ACCEPTED,,CLEAN,N/A,False
prime.ml,515,byte_replace,REJECTED,BAD_OPCODE,N/A,CRASH_ValueError,False
prime.ml,516,insertion,REJECTED,BAD_OPCODE,N/A,CRASH_IndexError,False
prime.ml,517,insertion,REJECTED,BAD_OPCODE,N/A,CRASH_ValueError,False
prime.ml,518,opcode_swap,REJECTED,BAD_JUMP,N/A,COMPLETED,False
prime.ml,519,insertion,REJECTED,BAD_OPCODE,N/A,CRASH_ValueError,False
prime.ml,520,opcode_swap,REJECTED,BAD_OPCODE,N/A,CRASH_IndexError,False
prime.ml,521,metadata_max_stack,REJECTED,STACK_OVERFLOW,N/A,COMPLETED,False
prime.ml,522,deletion,REJECTED,BAD_JUMP,N/A,CRASH_IndexError,False
prime.ml,523,truncation,REJECTED,TRUNCATED,N/A,CRASH_error,False
prime.ml,524,truncation,REJECTED,FALLTHROUGH,N/A,CRASH_IndexError,False
prime.ml,525,truncation,REJECTED,TRUNCATED,N/A,CRASH_error,False
prime.ml,526,insertion,REJECTED,BAD_OPCODE,N/A,CRASH_ValueError,False
prime.ml,527,byte_replace,REJECTED,BAD_OPCODE,N/A,CRASH_ValueError,False
prime.ml,528,opcode_swap,REJECTED,TRUNCATED,N/A,CRASH_IndexError,False
prime.ml,529,operand_corruption,REJECTED,LOCAL_RANGE,N/A,CRASH_IndexError,False
prime.ml,530,metadata_entry_func,REJECTED,BAD_CALL,N/A,CRASH_TypeError,False
prime.ml,531,metadata_max_stack,REJECTED,STACK_OVERFLOW,N/A,COMPLETED,False
prime.ml,532,bit_flip,REJECTED,BAD_JUMP,N/A,CRASH_IndexError,False
prime.ml,533,deletion,REJECTED,BAD_OPCODE,N/A,CRASH_ValueError,False
prime.ml,534,metadata_num_locals,REJECTED,LOCAL_RANGE,N/A,CRASH_IndexError,False
prime.ml,535,metadata_num_locals,REJECTED,LOCAL_RANGE,N/A,COMPLETED,False
prime.ml,536,bit_flip,REJECTED,BAD_OPCODE,N/A,CRASH_ValueError,False
prime.ml,537,truncation,REJECTED,TRUNCATED,N/A,CRASH_IndexError,False
prime.ml,538,byte_replace,REJECTED,BAD_OPCODE,N/A,CRASH_ValueError,False
prime.ml,539,insertion,REJECTED,BAD_OPCODE,N/A,CRASH_ValueError,False
prime.ml,540,bit_flip,REJECTED,LOCAL_RANGE,N/A,CRASH_IndexError,False
prime.ml,541,operand_corruption,REJECTED,BAD_OPCODE,N/A,CRASH_ValueError,False
prime.ml,542,metadata_num_locals,REJECTED,LOCAL_RANGE,N/A,CRASH_IndexError,False
prime.ml,543,truncation,REJECTED,TRUNCATED,N/A,CRASH_error,False
prime.ml,544,bit_flip,REJECTED,BAD_CALL,N/A,CRASH_IndexError,False
prime.ml,545,truncation,REJECTED,TRUNCATED,N/A,CRASH_IndexError,False
prime.ml,546,opcode_swap,REJECTED,BAD_OPCODE,N/A,CRASH_IndexError,False
prime.ml,547,opcode_swap,REJECTED,BAD_OPCODE,N/A,CRASH_IndexError,False
prime.ml,548,byte_replace,REJECTED,BAD_OPCODE,N/A,CRASH_ValueError,False
prime.ml,549,insertion,REJECTED,BAD_OPCODE,N/A,STEP_LIMIT,False
prime.ml,550,bit_flip,REJECTED,BAD_JUMP,N/A,CRASH_IndexError,False
prime.ml,551,opcode_swap,REJECTED,MERGE_MISMATCH,N/A,COMPLETED,False
prime.ml,552,insertion,REJECTED,BAD_OPCODE,N/A,CRASH_IndexError,False
prime.ml,553,operand_corruption,REJECTED,BAD_OPCODE,N/A,CRASH_ValueError,False
prime.ml,554,operand_corruption,REJECTED,BAD_OPCODE,N/A,CRASH_ValueError,False
prime.ml,555,truncation,REJECTED,TRUNCATED,N/A,CRASH_error,False
prime.ml,556,opcode_swap,REJECTED,BAD_OPCODE,N/A,COMPLETED,False
prime.ml,557,operand_corruption,REJECTED,BAD_JUMP,N/A,COMPLETED,False
prime.ml,558,deletion,REJECTED,BAD_OPCODE,N/A,CRASH_IndexError,False
prime.ml,559,truncation,REJECTED,TRUNCATED,N/A,CRASH_IndexError,False
prime.ml,560,bit_flip,REJECTED,STACK_UNDERFLOW,N/A,CRASH_IndexError,False
prime.ml,561,operand_corruption,REJECTED,BAD_OPCODE,N/A,CRASH_ValueError,False
prime.ml,562,bit_flip,ACCEPTED,,CLEAN,N/A,False
prime.ml,563,truncation,REJECTED,TRUNCATED,N/A,CRASH_error,False
prime.ml,564,opcode_swap,REJECTED,BAD_OPCODE,N/A,CRASH_IndexError,False
prime.ml,565,operand_corruption,REJECTED,BAD_OPCODE,N/A,CRASH_ValueError,False
prime.ml,566,bit_flip,REJECTED,BAD_OPCODE,N/A,CRASH_ValueError,False
prime.ml,567,byte_replace,REJECTED,BAD_OPCODE,N/A,CRASH_ValueError,False
prime.ml,568,insertion,REJECTED,BAD_OPCODE,N/A,CRASH_ValueError,False
prime.ml,569,truncation,REJECTED,TRUNCATED,N/A,CRASH_IndexError,False
prime.ml,570,byte_replace,REJECTED,BAD_OPCODE,N/A,CRASH_ValueError,False
prime.ml,571,truncation,REJECTED,BAD_JUMP,N/A,CRASH_IndexError,False
prime.ml,572,bit_flip,REJECTED,BAD_OPCODE,N/A,CRASH_ValueError,False
prime.ml,573,truncation,REJECTED,FALLTHROUGH,N/A,CRASH_IndexError,False
prime.ml,574,deletion,REJECTED,BAD_OPCODE,N/A,CRASH_IndexError,False
prime.ml,575,opcode_swap,REJECTED,BAD_OPCODE,N/A,CRASH_IndexError,False
prime.ml,576,opcode_swap,REJECTED,BAD_OPCODE,N/A,CRASH_IndexError,False
prime.ml,577,insertion,REJECTED,BAD_OPCODE,N/A,CRASH_ValueError,False
prime.ml,578,operand_corruption,ACCEPTED,,CLEAN,N/A,False
prime.ml,579,insertion,REJECTED,BAD_OPCODE,N/A,CRASH_ValueError,False
prime.ml,580,bit_flip,REJECTED,BAD_OPCODE,N/A,COMPLETED,False
prime.ml,581,opcode_swap,REJECTED,BAD_OPCODE,N/A,CRASH_ValueError,False
prime.ml,582,truncation,REJECTED,TRUNCATED,N/A,CRASH_error,False
prime.ml,583,truncation,REJECTED,TRUNCATED,N/A,CRASH_IndexError,False
prime.ml,584,insertion,REJECTED,BAD_OPCODE,N/A,CRASH_ValueError,False
prime.ml,585,insertion,REJECTED,BAD_OPCODE,N/A,CRASH_ValueError,False
prime.ml,586,bit_flip,REJECTED,BAD_OPCODE,N/A,CRASH_ValueError,False
prime.ml,587,truncation,REJECTED,TRUNCATED,N/A,CRASH_IndexError,False
prime.ml,588,truncation,REJECTED,TRUNCATED,N/A,CRASH_IndexError,False
prime.ml,589,metadata_max_stack,ACCEPTED,,CLEAN,N/A,False
prime.ml,590,insertion,REJECTED,BAD_OPCODE,N/A,STEP_LIMIT,False
prime.ml,591,opcode_swap,REJECTED,BAD_OPCODE,N/A,CRASH_ValueError,False
prime.ml,592,metadata_num_locals,REJECTED,LOCAL_RANGE,N/A,COMPLETED,False
prime.ml,593,truncation,REJECTED,TRUNCATED,N/A,CRASH_error,False
prime.ml,594,insertion,REJECTED,BAD_OPCODE,N/A,CRASH_IndexError,False
prime.ml,595,deletion,REJECTED,BAD_JUMP,N/A,CRASH_IndexError,False
prime.ml,596,deletion,REJECTED,BAD_JUMP,N/A,CRASH_IndexError,False
prime.ml,597,metadata_max_stack,REJECTED,STACK_OVERFLOW,N/A,COMPLETED,False
prime.ml,598,operand_corruption,ACCEPTED,,CLEAN,N/A,False
prime.ml,599,metadata_max_stack,REJECTED,STACK_OVERFLOW,N/A,COMPLETED,False
prime.ml,600,bit_flip,ACCEPTED,,CLEAN,N/A,False
prime.ml,601,deletion,REJECTED,BAD_JUMP,N/A,CRASH_IndexError,False
prime.ml,602,byte_replace,ACCEPTED,,CLEAN,N/A,False
prime.ml,603,metadata_max_stack,REJECTED,STACK_OVERFLOW,N/A,COMPLETED,False
prime.ml,604,deletion,REJECTED,BAD_JUMP,N/A,CRASH_ValueError,False
prime.ml,605,bit_flip,REJECTED,LOCAL_RANGE,N/A,CRASH_IndexError,False
prime.ml,606,operand_corruption,ACCEPTED,,STEP_LIMIT,N/A,False
prime.ml,607,insertion,REJECTED,BAD_OPCODE,N/A,CRASH_ValueError,False
prime.ml,608,operand_corruption,REJECTED,BAD_OPCODE,N/A,CRASH_ValueError,False
prime.ml,609,operand_corruption,REJECTED,BAD_OPCODE,N/A,CRASH_ValueError,False
prime.ml,610,byte_replace,ACCEPTED,,CLEAN,N/A,False
prime.ml,611,operand_corruption,REJECTED,BAD_JUMP,N/A,CRASH_ValueError,False
prime.ml,612,opcode_swap,REJECTED,BAD_OPCODE,N/A,CRASH_IndexError,False
prime.ml,613,metadata_max_stack,REJECTED,STACK_OVERFLOW,N/A,COMPLETED,False
prime.ml,614,opcode_swap,REJECTED,BAD_OPCODE,N/A,CRASH_IndexError,False
prime.ml,615,opcode_swap,REJECTED,BAD_OPCODE,N/A,COMPLETED,False
prime.ml,616,truncation,REJECTED,BAD_JUMP,N/A,CRASH_IndexError,False
prime.ml,617,metadata_max_stack,ACCEPTED,,CLEAN,N/A,False
prime.ml,618,opcode_swap,REJECTED,BAD_OPCODE,N/A,CRASH_IndexError,False
prime.ml,619,metadata_entry_func,ACCEPTED,,CLEAN,N/A,False
prime.ml,620,bit_flip,REJECTED,LOCAL_RANGE,N/A,CRASH_IndexError,False
prime.ml,621,bit_flip,REJECTED,LOCAL_RANGE,N/A,CRASH_IndexError,False
prime.ml,622,operand_corruption,ACCEPTED,,CLEAN,N/A,False
prime.ml,623,operand_corruption,REJECTED,LOCAL_RANGE,N/A,CRASH_IndexError,False
prime.ml,624,opcode_swap,REJECTED,BAD_OPCODE,N/A,CRASH_IndexError,False
prime.ml,625,deletion,REJECTED,BAD_JUMP,N/A,CRASH_IndexError,False
prime.ml,626,bit_flip,ACCEPTED,,CLEAN,N/A,False
prime.ml,627,insertion,REJECTED,BAD_OPCODE,N/A,CRASH_ValueError,False
prime.ml,628,operand_corruption,ACCEPTED,,CLEAN,N/A,False
prime.ml,629,truncation,REJECTED,TRUNCATED,N/A,CRASH_error,False
prime.ml,630,truncation,REJECTED,TRUNCATED,N/A,CRASH_IndexError,False
prime.ml,631,truncation,REJECTED,TRUNCATED,N/A,CRASH_error,False
prime.ml,632,metadata_max_stack,ACCEPTED,,CLEAN,N/A,False
prime.ml,633,opcode_swap,ACCEPTED,,CLEAN,N/A,False
prime.ml,634,bit_flip,REJECTED,BAD_OPCODE,N/A,CRASH_ValueError,False
prime.ml,635,truncation,REJECTED,TRUNCATED,N/A,CRASH_error,False
prime.ml,636,metadata_num_locals,REJECTED,LOCAL_RANGE,N/A,COMPLETED,False
prime.ml,637,bit_flip,ACCEPTED,,CLEAN,N/A,False
prime.ml,638,metadata_max_stack,REJECTED,STACK_OVERFLOW,N/A,COMPLETED,False
prime.ml,639,deletion,REJECTED,STACK_UNDERFLOW,N/A,STEP_LIMIT,False
prime.ml,640,bit_flip,REJECTED,BAD_OPCODE,N/A,CRASH_ValueError,False
prime.ml,641,operand_corruption,ACCEPTED,,CLEAN,N/A,False
prime.ml,642,bit_flip,REJECTED,MERGE_MISMATCH,N/A,CRASH_IndexError,False
prime.ml,643,deletion,REJECTED,BAD_OPCODE,N/A,CRASH_IndexError,False
prime.ml,644,deletion,REJECTED,BAD_JUMP,N/A,CRASH_IndexError,False
prime.ml,645,bit_flip,REJECTED,BAD_OPCODE,N/A,COMPLETED,False
prime.ml,646,byte_replace,REJECTED,BAD_OPCODE,N/A,COMPLETED,False
prime.ml,647,deletion,REJECTED,BAD_OPCODE,N/A,CRASH_ValueError,False
prime.ml,648,operand_corruption,REJECTED,BAD_OPCODE,N/A,CRASH_ValueError,False
prime.ml,649,insertion,REJECTED,BAD_OPCODE,N/A,CRASH_ValueError,False
prime.ml,650,bit_flip,REJECTED,LOCAL_RANGE,N/A,CRASH_IndexError,False
prime.ml,651,truncation,REJECTED,TRUNCATED,N/A,CRASH_IndexError,False
prime.ml,652,deletion,REJECTED,BAD_JUMP,N/A,STEP_LIMIT,False
prime.ml,653,byte_replace,REJECTED,STACK_UNDERFLOW,N/A,CRASH_IndexError,False
prime.ml,654,bit_flip,REJECTED,BAD_OPCODE,N/A,CRASH_ValueError,False
prime.ml,655,bit_flip,ACCEPTED,,CLEAN,N/A,False
prime.ml,656,deletion,REJECTED,BAD_JUMP,N/A,CRASH_IndexError,False
prime.ml,657,insertion,REJECTED,BAD_OPCODE,N/A,CRASH_ValueError,False
prime.ml,658,insertion,REJECTED,BAD_OPCODE,N/A,CRASH_ValueError,False
prime.ml,659,deletion,REJECTED,BAD_JUMP,N/A,CRASH_TypeError,False
prime.ml,660,deletion,REJECTED,BAD_OPCODE,N/A,CRASH_IndexError,False
prime.ml,661,byte_replace,ACCEPTED,,CLEAN,N/A,False
prime.ml,662,insertion,REJECTED,BAD_OPCODE,N/A,CRASH_IndexError,False
prime.ml,663,bit_flip,REJECTED,BAD_JUMP,N/A,CRASH_ValueError,False
prime.ml,664,operand_corruption,REJECTED,BAD_OPCODE,N/A,CRASH_ValueError,False
prime.ml,665,opcode_swap,ACCEPTED,,STEP_LIMIT,N/A,False
prime.ml,666,opcode_swap,REJECTED,BAD_OPCODE,N/A,COMPLETED,False
prime.ml,667,operand_corruption,ACCEPTED,,CLEAN,N/A,False
prime.ml,668,operand_corruption,REJECTED,BAD_OPCODE,N/A,CRASH_IndexError,False
prime.ml,669,metadata_max_stack,REJECTED,STACK_OVERFLOW,N/A,COMPLETED,False
prime.ml,670,deletion,REJECTED,BAD_OPCODE,N/A,CRASH_IndexError,False
prime.ml,671,opcode_swap,REJECTED,BAD_OPCODE,N/A,CRASH_IndexError,False
prime.ml,672,byte_replace,REJECTED,BAD_JUMP,N/A,CRASH_IndexError,False
prime.ml,673,deletion,REJECTED,BAD_OPCODE,N/A,CRASH_IndexError,False
prime.ml,674,deletion,REJECTED,BAD_OPCODE,N/A,CRASH_ValueError,False
prime.ml,675,bit_flip,REJECTED,BAD_OPCODE,N/A,CRASH_ValueError,False
prime.ml,676,truncation,REJECTED,TRUNCATED,N/A,CRASH_error,False
prime.ml,677,metadata_entry_func,ACCEPTED,,CLEAN,N/A,False
prime.ml,678,opcode_swap,REJECTED,BAD_OPCODE,N/A,CRASH_ValueError,False
prime.ml,679,metadata_num_locals,REJECTED,LOCAL_RANGE,N/A,COMPLETED,False
prime.ml,680,operand_corruption,REJECTED,TRUNCATED,N/A,COMPLETED,False
prime.ml,681,byte_replace,ACCEPTED,,CLEAN,N/A,False
prime.ml,682,insertion,REJECTED,BAD_OPCODE,N/A,STEP_LIMIT,False
prime.ml,683,operand_corruption,REJECTED,BAD_OPCODE,N/A,CRASH_ValueError,False
prime.ml,684,metadata_num_locals,REJECTED,LOCAL_RANGE,N/A,COMPLETED,False
prime.ml,685,bit_flip,REJECTED,LOCAL_RANGE,N/A,CRASH_IndexError,False
prime.ml,686,truncation,REJECTED,BAD_JUMP,N/A,CRASH_IndexError,False
prime.ml,687,opcode_swap,REJECTED,LOCAL_TYPE,N/A,VM_TRAP,False
prime.ml,688,opcode_swap,REJECTED,BAD_OPCODE,N/A,CRASH_IndexError,False
prime.ml,689,insertion,REJECTED,BAD_OPCODE,N/A,STEP_LIMIT,False
prime.ml,690,byte_replace,ACCEPTED,,CLEAN,N/A,False
prime.ml,691,metadata_num_locals,REJECTED,LOCAL_RANGE,N/A,CRASH_IndexError,False
prime.ml,692,opcode_swap,REJECTED,STACK_UNDERFLOW,N/A,COMPLETED,False
prime.ml,693,bit_flip,REJECTED,TRUNCATED,N/A,CRASH_IndexError,False
prime.ml,694,deletion,REJECTED,BAD_OPCODE,N/A,CRASH_ValueError,False
prime.ml,695,operand_corruption,ACCEPTED,,VM_TRAP,N/A,False
prime.ml,696,deletion,REJECTED,BAD_OPCODE,N/A,CRASH_ValueError,False
prime.ml,697,deletion,REJECTED,BAD_JUMP,N/A,CRASH_IndexError,False
prime.ml,698,metadata_num_locals,REJECTED,LOCAL_RANGE,N/A,COMPLETED,False
prime.ml,699,truncation,REJECTED,BAD_JUMP,N/A,CRASH_IndexError,False
prime.ml,700,byte_replace,ACCEPTED,,CLEAN,N/A,False
prime.ml,701,insertion,REJECTED,BAD_OPCODE,N/A,CRASH_ValueError,False
prime.ml,702,bit_flip,ACCEPTED,,CLEAN,N/A,False
prime.ml,703,operand_corruption,REJECTED,BAD_OPCODE,N/A,CRASH_ValueError,False
prime.ml,704,metadata_entry_func,REJECTED,BAD_CALL,N/A,CRASH_IndexError,False
prime.ml,705,insertion,REJECTED,BAD_OPCODE,N/A,CRASH_ValueError,False
prime.ml,706,bit_flip,REJECTED,LOCAL_UNSET,N/A,CRASH_TypeError,False
prime.ml,707,deletion,REJECTED,TRUNCATED,N/A,CRASH_error,False
prime.ml,708,metadata_num_locals,REJECTED,LOCAL_RANGE,N/A,COMPLETED,False
prime.ml,709,metadata_num_locals,REJECTED,LOCAL_RANGE,N/A,CRASH_IndexError,False
prime.ml,710,insertion,REJECTED,BAD_OPCODE,N/A,CRASH_ValueError,False
prime.ml,711,byte_replace,ACCEPTED,,CLEAN,N/A,False
prime.ml,712,deletion,REJECTED,BAD_OPCODE,N/A,CRASH_ValueError,False
prime.ml,713,operand_corruption,ACCEPTED,,CLEAN,N/A,False
prime.ml,714,byte_replace,REJECTED,BAD_OPCODE,N/A,CRASH_ValueError,False
prime.ml,715,byte_replace,REJECTED,BAD_OPCODE,N/A,CRASH_ValueError,False
prime.ml,716,metadata_entry_func,REJECTED,BAD_CALL,N/A,CRASH_TypeError,False
prime.ml,717,byte_replace,REJECTED,BAD_CALL,N/A,CRASH_IndexError,False
prime.ml,718,metadata_max_stack,ACCEPTED,,CLEAN,N/A,False
prime.ml,719,insertion,REJECTED,BAD_OPCODE,N/A,STEP_LIMIT,False
prime.ml,720,bit_flip,ACCEPTED,,CLEAN,N/A,False
prime.ml,721,metadata_entry_func,REJECTED,BAD_CALL,N/A,CRASH_TypeError,False
prime.ml,722,operand_corruption,ACCEPTED,,CLEAN,N/A,False
prime.ml,723,bit_flip,REJECTED,BAD_OPCODE,N/A,COMPLETED,False
prime.ml,724,operand_corruption,REJECTED,BAD_OPCODE,N/A,CRASH_ValueError,False
prime.ml,725,opcode_swap,REJECTED,BAD_OPCODE,N/A,CRASH_IndexError,False
prime.ml,726,bit_flip,REJECTED,BAD_OPCODE,N/A,CRASH_IndexError,False
prime.ml,727,metadata_entry_func,ACCEPTED,,CLEAN,N/A,False
prime.ml,728,metadata_num_locals,REJECTED,LOCAL_RANGE,N/A,CRASH_IndexError,False
prime.ml,729,operand_corruption,REJECTED,BAD_JUMP,N/A,CRASH_IndexError,False
prime.ml,730,bit_flip,REJECTED,BAD_OPCODE,N/A,CRASH_IndexError,False
prime.ml,731,byte_replace,REJECTED,LOCAL_RANGE,N/A,CRASH_IndexError,False
prime.ml,732,metadata_num_locals,REJECTED,LOCAL_RANGE,N/A,COMPLETED,False
prime.ml,733,opcode_swap,REJECTED,BAD_OPCODE,N/A,CRASH_IndexError,False
prime.ml,734,opcode_swap,REJECTED,STACK_UNDERFLOW,N/A,CRASH_IndexError,False
prime.ml,735,metadata_entry_func,REJECTED,BAD_CALL,N/A,CRASH_TypeError,False
prime.ml,736,byte_replace,REJECTED,LOCAL_RANGE,N/A,CRASH_IndexError,False
prime.ml,737,opcode_swap,REJECTED,FALLTHROUGH,N/A,CRASH_IndexError,False
prime.ml,738,deletion,REJECTED,BAD_JUMP,N/A,CRASH_ValueError,False
prime.ml,739,bit_flip,ACCEPTED,,CLEAN,N/A,False
prime.ml,740,operand_corruption,REJECTED,BAD_OPCODE,N/A,CRASH_ValueError,False
prime.ml,741,bit_flip,REJECTED,STACK_UNDERFLOW,N/A,CRASH_IndexError,False
prime.ml,742,opcode_swap,REJECTED,STACK_TYPE,N/A,COMPLETED,False
prime.ml,743,bit_flip,REJECTED,BAD_OPCODE,N/A,CRASH_ValueError,False
prime.ml,744,bit_flip,ACCEPTED,,CLEAN,N/A,False
prime.ml,745,opcode_swap,REJECTED,BAD_OPCODE,N/A,CRASH_IndexError,False
prime.ml,746,byte_replace,REJECTED,BAD_OPCODE,N/A,CRASH_ValueError,False
prime.ml,747,bit_flip,REJECTED,BAD_OPCODE,N/A,CRASH_ValueError,False
prime.ml,748,metadata_entry_func,REJECTED,BAD_CALL,N/A,CRASH_TypeError,False
prime.ml,749,truncation,REJECTED,TRUNCATED,N/A,CRASH_error,False
prime.ml,750,opcode_swap,REJECTED,BAD_OPCODE,N/A,CRASH_ValueError,False
prime.ml,751,bit_flip,ACCEPTED,,CLEAN,N/A,False
prime.ml,752,deletion,REJECTED,BAD_JUMP,N/A,CRASH_IndexError,False
prime.ml,753,operand_corruption,ACCEPTED,,CLEAN,N/A,False
prime.ml,754,operand_corruption,REJECTED,BAD_OPCODE,N/A,CRASH_IndexError,False
prime.ml,755,truncation,REJECTED,FALLTHROUGH,N/A,CRASH_IndexError,False
prime.ml,756,deletion,REJECTED,BAD_OPCODE,N/A,CRASH_ValueError,False
prime.ml,757,byte_replace,REJECTED,LOCAL_RANGE,N/A,CRASH_IndexError,False
prime.ml,758,truncation,REJECTED,TRUNCATED,N/A,CRASH_IndexError,False
prime.ml,759,insertion,REJECTED,BAD_OPCODE,N/A,CRASH_ValueError,False
prime.ml,760,truncation,REJECTED,BAD_JUMP,N/A,CRASH_IndexError,False
prime.ml,761,byte_replace,REJECTED,BAD_OPCODE,N/A,CRASH_ValueError,False
prime.ml,762,byte_replace,REJECTED,LOCAL_RANGE,N/A,CRASH_IndexError,False
prime.ml,763,truncation,REJECTED,TRUNCATED,N/A,CRASH_error,False
prime.ml,764,metadata_max_stack,REJECTED,STACK_OVERFLOW,N/A,COMPLETED,False
prime.ml,765,operand_corruption,REJECTED,BAD_OPCODE,N/A,CRASH_ValueError,False
prime.ml,766,insertion,REJECTED,BAD_OPCODE,N/A,CRASH_IndexError,False
prime.ml,767,deletion,REJECTED,BAD_OPCODE,N/A,CRASH_IndexError,False
prime.ml,768,opcode_swap,REJECTED,BAD_OPCODE,N/A,CRASH_IndexError,False
prime.ml,769,insertion,REJECTED,BAD_OPCODE,N/A,CRASH_ValueError,False
prime.ml,770,metadata_max_stack,REJECTED,STACK_OVERFLOW,N/A,COMPLETED,False
prime.ml,771,bit_flip,ACCEPTED,,CLEAN,N/A,False
prime.ml,772,truncation,REJECTED,TRUNCATED,N/A,CRASH_error,False
prime.ml,773,deletion,REJECTED,BAD_OPCODE,N/A,CRASH_ValueError,False
prime.ml,774,bit_flip,REJECTED,BAD_JUMP,N/A,CRASH_IndexError,False
prime.ml,775,operand_corruption,REJECTED,BAD_OPCODE,N/A,CRASH_ValueError,False
prime.ml,776,truncation,REJECTED,TRUNCATED,N/A,CRASH_IndexError,False
prime.ml,777,operand_corruption,REJECTED,BAD_OPCODE,N/A,CRASH_ValueError,False
prime.ml,778,bit_flip,REJECTED,BAD_JUMP,N/A,CRASH_ValueError,False
prime.ml,779,metadata_entry_func,REJECTED,BAD_CALL,N/A,CRASH_IndexError,False
prime.ml,780,bit_flip,REJECTED,STACK_OVERFLOW,N/A,COMPLETED,False
prime.ml,781,truncation,REJECTED,TRUNCATED,N/A,CRASH_error,False
prime.ml,782,operand_corruption,REJECTED,BAD_OPCODE,N/A,CRASH_IndexError,False
prime.ml,783,truncation,REJECTED,TRUNCATED,N/A,CRASH_IndexError,False
prime.ml,784,metadata_max_stack,ACCEPTED,,CLEAN,N/A,False
prime.ml,785,opcode_swap,REJECTED,STACK_UNDERFLOW,N/A,CRASH_IndexError,False
prime.ml,786,bit_flip,REJECTED,BAD_OPCODE,N/A,CRASH_IndexError,False
prime.ml,787,metadata_num_locals,REJECTED,LOCAL_RANGE,N/A,CRASH_IndexError,False
prime.ml,788,truncation,REJECTED,FALLTHROUGH,N/A,CRASH_IndexError,False
prime.ml,789,deletion,REJECTED,BAD_OPCODE,N/A,CRASH_IndexError,False
prime.ml,790,operand_corruption,ACCEPTED,,CLEAN,N/A,False
prime.ml,791,deletion,REJECTED,BAD_JUMP,N/A,CRASH_IndexError,False
prime.ml,792,truncation,REJECTED,TRUNCATED,N/A,CRASH_error,False
prime.ml,793,opcode_swap,REJECTED,BAD_OPCODE,N/A,CRASH_ValueError,False
prime.ml,794,bit_flip,REJECTED,BAD_OPCODE,N/A,CRASH_ValueError,False
prime.ml,795,metadata_num_locals,REJECTED,LOCAL_RANGE,N/A,COMPLETED,False
prime.ml,796,insertion,REJECTED,BAD_OPCODE,N/A,CRASH_ValueError,False
prime.ml,797,truncation,REJECTED,TRUNCATED,N/A,CRASH_IndexError,False
prime.ml,798,truncation,REJECTED,FALLTHROUGH,N/A,CRASH_IndexError,False
prime.ml,799,insertion,REJECTED,BAD_OPCODE,N/A,CRASH_ValueError,False
prime.ml,800,bit_flip,ACCEPTED,,CLEAN,N/A,False
prime.ml,801,bit_flip,REJECTED,BAD_OPCODE,N/A,COMPLETED,False
prime.ml,802,insertion,REJECTED,BAD_JUMP,N/A,CRASH_ValueError,False
prime.ml,803,truncation,REJECTED,TRUNCATED,N/A,CRASH_IndexError,False
prime.ml,804,insertion,REJECTED,BAD_OPCODE,N/A,CRASH_IndexError,False
prime.ml,805,metadata_max_stack,ACCEPTED,,CLEAN,N/A,False
prime.ml,806,insertion,REJECTED,BAD_OPCODE,N/A,CRASH_ValueError,False
prime.ml,807,truncation,REJECTED,TRUNCATED,N/A,CRASH_IndexError,False
prime.ml,808,opcode_swap,REJECTED,BAD_OPCODE,N/A,COMPLETED,False
prime.ml,809,bit_flip,REJECTED,LOCAL_RANGE,N/A,CRASH_IndexError,False
prime.ml,810,operand_corruption,ACCEPTED,,CLEAN,N/A,False
prime.ml,811,truncation,REJECTED,BAD_JUMP,N/A,CRASH_IndexError,False
prime.ml,812,operand_corruption,REJECTED,BAD_OPCODE,N/A,COMPLETED,False
prime.ml,813,insertion,REJECTED,BAD_OPCODE,N/A,STEP_LIMIT,False
prime.ml,814,deletion,REJECTED,BAD_OPCODE,N/A,CRASH_error,False
prime.ml,815,bit_flip,ACCEPTED,,CLEAN,N/A,False
prime.ml,816,operand_corruption,ACCEPTED,,CLEAN,N/A,False
prime.ml,817,operand_corruption,REJECTED,BAD_OPCODE,N/A,CRASH_IndexError,False
prime.ml,818,insertion,REJECTED,BAD_OPCODE,N/A,CRASH_IndexError,False
prime.ml,819,opcode_swap,REJECTED,STACK_TYPE,N/A,STEP_LIMIT,False
prime.ml,820,metadata_num_locals,REJECTED,LOCAL_RANGE,N/A,CRASH_IndexError,False
prime.ml,821,byte_replace,ACCEPTED,,CLEAN,N/A,False
prime.ml,822,byte_replace,REJECTED,LOCAL_RANGE,N/A,CRASH_IndexError,False
prime.ml,823,opcode_swap,REJECTED,BAD_OPCODE,N/A,CRASH_ValueError,False
prime.ml,824,deletion,REJECTED,BAD_OPCODE,N/A,CRASH_IndexError,False
prime.ml,825,truncation,REJECTED,TRUNCATED,N/A,CRASH_error,False
prime.ml,826,metadata_max_stack,REJECTED,STACK_OVERFLOW,N/A,COMPLETED,False
prime.ml,827,bit_flip,REJECTED,LOCAL_RANGE,N/A,CRASH_IndexError,False
prime.ml,828,deletion,REJECTED,BAD_OPCODE,N/A,CRASH_ValueError,False
prime.ml,829,deletion,REJECTED,BAD_OPCODE,N/A,CRASH_IndexError,False
prime.ml,830,operand_corruption,REJECTED,BAD_OPCODE,N/A,COMPLETED,False
prime.ml,831,metadata_max_stack,REJECTED,STACK_OVERFLOW,N/A,COMPLETED,False
prime.ml,832,deletion,REJECTED,BAD_JUMP,N/A,STEP_LIMIT,False
prime.ml,833,insertion,REJECTED,BAD_OPCODE,N/A,CRASH_IndexError,False
prime.ml,834,opcode_swap,REJECTED,BAD_OPCODE,N/A,CRASH_IndexError,False
prime.ml,835,operand_corruption,REJECTED,BAD_OPCODE,N/A,COMPLETED,False
prime.ml,836,byte_replace,REJECTED,BAD_OPCODE,N/A,CRASH_ValueError,False
prime.ml,837,opcode_swap,REJECTED,STACK_TYPE,N/A,COMPLETED,False
prime.ml,838,bit_flip,REJECTED,BAD_JUMP,N/A,CRASH_IndexError,False
prime.ml,839,byte_replace,REJECTED,LOCAL_RANGE,N/A,CRASH_IndexError,False
prime.ml,840,byte_replace,REJECTED,BAD_JUMP,N/A,CRASH_IndexError,False
prime.ml,841,insertion,REJECTED,BAD_OPCODE,N/A,CRASH_ValueError,False
prime.ml,842,truncation,REJECTED,FALLTHROUGH,N/A,CRASH_IndexError,False
prime.ml,843,deletion,REJECTED,BAD_OPCODE,N/A,CRASH_IndexError,False
prime.ml,844,opcode_swap,REJECTED,BAD_OPCODE,N/A,CRASH_IndexError,False
prime.ml,845,opcode_swap,REJECTED,BAD_OPCODE,N/A,CRASH_ValueError,False
prime.ml,846,operand_corruption,REJECTED,BAD_OPCODE,N/A,CRASH_IndexError,False
prime.ml,847,insertion,REJECTED,BAD_OPCODE,N/A,CRASH_ValueError,False
prime.ml,848,operand_corruption,REJECTED,BAD_OPCODE,N/A,COMPLETED,False
prime.ml,849,insertion,REJECTED,BAD_OPCODE,N/A,CRASH_ValueError,False
prime.ml,850,operand_corruption,REJECTED,BAD_OPCODE,N/A,CRASH_ValueError,False
prime.ml,851,deletion,REJECTED,BAD_OPCODE,N/A,CRASH_IndexError,False
prime.ml,852,deletion,REJECTED,BAD_JUMP,N/A,CRASH_IndexError,False
prime.ml,853,opcode_swap,REJECTED,STACK_UNDERFLOW,N/A,CRASH_IndexError,False
prime.ml,854,metadata_max_stack,ACCEPTED,,CLEAN,N/A,False
prime.ml,855,deletion,REJECTED,BAD_JUMP,N/A,STEP_LIMIT,False
prime.ml,856,byte_replace,REJECTED,LOCAL_RANGE,N/A,CRASH_IndexError,False
prime.ml,857,insertion,REJECTED,BAD_OPCODE,N/A,CRASH_ValueError,False
prime.ml,858,insertion,REJECTED,BAD_OPCODE,N/A,CRASH_ValueError,False
prime.ml,859,operand_corruption,ACCEPTED,,CLEAN,N/A,False
prime.ml,860,insertion,REJECTED,BAD_OPCODE,N/A,STEP_LIMIT,False
prime.ml,861,metadata_max_stack,ACCEPTED,,CLEAN,N/A,False
prime.ml,862,bit_flip,REJECTED,LOCAL_RANGE,N/A,CRASH_IndexError,False
prime.ml,863,insertion,REJECTED,BAD_OPCODE,N/A,CRASH_IndexError,False
prime.ml,864,operand_corruption,ACCEPTED,,CLEAN,N/A,False
prime.ml,865,deletion,REJECTED,BAD_OPCODE,N/A,CRASH_ValueError,False
prime.ml,866,metadata_max_stack,REJECTED,STACK_OVERFLOW,N/A,COMPLETED,False
prime.ml,867,metadata_max_stack,REJECTED,STACK_OVERFLOW,N/A,COMPLETED,False
prime.ml,868,deletion,REJECTED,BAD_JUMP,N/A,CRASH_IndexError,False
prime.ml,869,deletion,REJECTED,BAD_OPCODE,N/A,CRASH_ValueError,False
prime.ml,870,operand_corruption,REJECTED,BAD_OPCODE,N/A,CRASH_IndexError,False
prime.ml,871,opcode_swap,REJECTED,BAD_OPCODE,N/A,CRASH_IndexError,False
prime.ml,872,deletion,REJECTED,BAD_OPCODE,N/A,CRASH_ValueError,False
prime.ml,873,bit_flip,REJECTED,LOCAL_RANGE,N/A,CRASH_IndexError,False
prime.ml,874,metadata_max_stack,ACCEPTED,,CLEAN,N/A,False
prime.ml,875,byte_replace,REJECTED,LOCAL_RANGE,N/A,CRASH_IndexError,False
prime.ml,876,opcode_swap,REJECTED,BAD_OPCODE,N/A,CRASH_IndexError,False
prime.ml,877,opcode_swap,REJECTED,STACK_TYPE,N/A,COMPLETED,False
prime.ml,878,bit_flip,REJECTED,LOCAL_RANGE,N/A,CRASH_IndexError,False
prime.ml,879,truncation,REJECTED,FALLTHROUGH,N/A,CRASH_IndexError,False
prime.ml,880,metadata_max_stack,REJECTED,STACK_OVERFLOW,N/A,COMPLETED,False
prime.ml,881,deletion,REJECTED,BAD_OPCODE,N/A,CRASH_ValueError,False
prime.ml,882,deletion,REJECTED,BAD_OPCODE,N/A,CRASH_ValueError,False
prime.ml,883,opcode_swap,REJECTED,BAD_OPCODE,N/A,CRASH_IndexError,False
prime.ml,884,byte_replace,ACCEPTED,,STEP_LIMIT,N/A,False
prime.ml,885,operand_corruption,REJECTED,BAD_OPCODE,N/A,COMPLETED,False
prime.ml,886,truncation,REJECTED,TRUNCATED,N/A,CRASH_error,False
prime.ml,887,byte_replace,REJECTED,BAD_OPCODE,N/A,CRASH_ValueError,False
prime.ml,888,insertion,REJECTED,BAD_OPCODE,N/A,CRASH_ValueError,False
prime.ml,889,byte_replace,REJECTED,BAD_JUMP,N/A,CRASH_IndexError,False
prime.ml,890,opcode_swap,REJECTED,BAD_OPCODE,N/A,CRASH_IndexError,False
prime.ml,891,metadata_num_locals,REJECTED,LOCAL_RANGE,N/A,CRASH_IndexError,False
prime.ml,892,metadata_num_locals,REJECTED,LOCAL_RANGE,N/A,COMPLETED,False
prime.ml,893,byte_replace,REJECTED,LOCAL_RANGE,N/A,CRASH_IndexError,False
prime.ml,894,bit_flip,ACCEPTED,,CLEAN,N/A,False
prime.ml,895,byte_replace,ACCEPTED,,CLEAN,N/A,False
prime.ml,896,opcode_swap,REJECTED,BAD_OPCODE,N/A,CRASH_ValueError,False
prime.ml,897,insertion,REJECTED,BAD_OPCODE,N/A,CRASH_ValueError,False
prime.ml,898,truncation,REJECTED,TRUNCATED,N/A,CRASH_IndexError,False
prime.ml,899,bit_flip,ACCEPTED,,STEP_LIMIT,N/A,False
prime.ml,900,operand_corruption,REJECTED,BAD_OPCODE,N/A,CRASH_ValueError,False
prime.ml,901,byte_replace,ACCEPTED,,CLEAN,N/A,False
prime.ml,902,bit_flip,REJECTED,BAD_OPCODE,N/A,CRASH_ValueError,False
prime.ml,903,truncation,REJECTED,FALLTHROUGH,N/A,CRASH_IndexError,False
prime.ml,904,metadata_num_locals,REJECTED,LOCAL_RANGE,N/A,CRASH_IndexError,False
prime.ml,905,metadata_max_stack,REJECTED,STACK_OVERFLOW,N/A,COMPLETED,False
prime.ml,906,metadata_max_stack,REJECTED,STACK_OVERFLOW,N/A,COMPLETED,False
prime.ml,907,opcode_swap,REJECTED,BAD_OPCODE,N/A,CRASH_ValueError,False
prime.ml,908,bit_flip,ACCEPTED,,CLEAN,N/A,False
prime.ml,909,metadata_entry_func,REJECTED,BAD_CALL,N/A,CRASH_TypeError,False
prime.ml,910,byte_replace,ACCEPTED,,CLEAN,N/A,False
prime.ml,911,metadata_max_stack,REJECTED,STACK_OVERFLOW,N/A,COMPLETED,False
prime.ml,912,deletion,REJECTED,TRUNCATED,N/A,CRASH_error,False
prime.ml,913,bit_flip,REJECTED,BAD_OPCODE,N/A,COMPLETED,False
prime.ml,914,opcode_swap,REJECTED,BAD_OPCODE,N/A,CRASH_IndexError,False
prime.ml,915,truncation,REJECTED,TRUNCATED,N/A,CRASH_error,False
prime.ml,916,insertion,REJECTED,BAD_OPCODE,N/A,CRASH_ValueError,False
prime.ml,917,metadata_max_stack,REJECTED,STACK_OVERFLOW,N/A,COMPLETED,False
prime.ml,918,byte_replace,REJECTED,BAD_OPCODE,N/A,CRASH_ValueError,False
prime.ml,919,bit_flip,REJECTED,LOCAL_RANGE,N/A,CRASH_IndexError,False
prime.ml,920,deletion,REJECTED,BAD_OPCODE,N/A,CRASH_IndexError,False
prime.ml,921,byte_replace,REJECTED,LOCAL_RANGE,N/A,CRASH_IndexError,False
prime.ml,922,insertion,REJECTED,BAD_OPCODE,N/A,CRASH_ValueError,False
prime.ml,923,bit_flip,REJECTED,BAD_OPCODE,N/A,CRASH_ValueError,False
prime.ml,924,deletion,REJECTED,BAD_OPCODE,N/A,CRASH_ValueError,False
prime.ml,925,operand_corruption,REJECTED,LOCAL_RANGE,N/A,CRASH_IndexError,False
prime.ml,926,operand_corruption,REJECTED,BAD_OPCODE,N/A,COMPLETED,False
prime.ml,927,insertion,REJECTED,BAD_OPCODE,N/A,CRASH_ValueError,False
prime.ml,928,operand_corruption,ACCEPTED,,CLEAN,N/A,False
prime.ml,929,metadata_num_locals,REJECTED,LOCAL_RANGE,N/A,CRASH_IndexError,False
prime.ml,930,deletion,REJECTED,BAD_OPCODE,N/A,CRASH_IndexError,False
prime.ml,931,opcode_swap,ACCEPTED,,CLEAN,N/A,False
prime.ml,932,deletion,REJECTED,BAD_OPCODE,N/A,CRASH_ValueError,False
prime.ml,933,truncation,REJECTED,BAD_JUMP,N/A,CRASH_IndexError,False
prime.ml,934,bit_flip,ACCEPTED,,CLEAN,N/A,False
prime.ml,935,opcode_swap,REJECTED,BAD_OPCODE,N/A,CRASH_ValueError,False
prime.ml,936,opcode_swap,REJECTED,BAD_OPCODE,N/A,CRASH_IndexError,False
prime.ml,937,opcode_swap,REJECTED,STACK_UNDERFLOW,N/A,CRASH_IndexError,False
prime.ml,938,bit_flip,REJECTED,BAD_OPCODE,N/A,CRASH_ValueError,False
prime.ml,939,opcode_swap,REJECTED,STACK_TYPE,N/A,STEP_LIMIT,False
prime.ml,940,byte_replace,ACCEPTED,,STEP_LIMIT,N/A,False
prime.ml,941,truncation,REJECTED,TRUNCATED,N/A,CRASH_error,False
prime.ml,942,insertion,REJECTED,BAD_OPCODE,N/A,CRASH_ValueError,False
prime.ml,943,deletion,REJECTED,BAD_JUMP,N/A,CRASH_IndexError,False
prime.ml,944,insertion,REJECTED,BAD_OPCODE,N/A,CRASH_ValueError,False
prime.ml,945,truncation,REJECTED,TRUNCATED,N/A,CRASH_IndexError,False
prime.ml,946,truncation,REJECTED,TRUNCATED,N/A,CRASH_IndexError,False
prime.ml,947,insertion,REJECTED,BAD_OPCODE,N/A,CRASH_ValueError,False
prime.ml,948,metadata_max_stack,REJECTED,STACK_OVERFLOW,N/A,COMPLETED,False
prime.ml,949,deletion,REJECTED,BAD_JUMP,N/A,STEP_LIMIT,False
prime.ml,950,metadata_num_locals,REJECTED,LOCAL_RANGE,N/A,CRASH_IndexError,False
prime.ml,951,insertion,REJECTED,BAD_OPCODE,N/A,CRASH_IndexError,False
prime.ml,952,insertion,REJECTED,BAD_OPCODE,N/A,CRASH_ValueError,False
prime.ml,953,insertion,REJECTED,BAD_OPCODE,N/A,CRASH_ValueError,False
prime.ml,954,opcode_swap,REJECTED,BAD_OPCODE,N/A,CRASH_IndexError,False
prime.ml,955,operand_corruption,REJECTED,BAD_JUMP,N/A,CRASH_IndexError,False
prime.ml,956,operand_corruption,ACCEPTED,,STEP_LIMIT,N/A,False
prime.ml,957,byte_replace,REJECTED,BAD_OPCODE,N/A,CRASH_ValueError,False
prime.ml,958,deletion,REJECTED,BAD_OPCODE,N/A,CRASH_ValueError,False
prime.ml,959,deletion,REJECTED,BAD_OPCODE,N/A,CRASH_IndexError,False
prime.ml,960,insertion,REJECTED,BAD_OPCODE,N/A,CRASH_IndexError,False
prime.ml,961,bit_flip,ACCEPTED,,CLEAN,N/A,False
prime.ml,962,bit_flip,REJECTED,BAD_OPCODE,N/A,CRASH_ValueError,False
prime.ml,963,insertion,REJECTED,BAD_OPCODE,N/A,CRASH_IndexError,False
prime.ml,964,truncation,REJECTED,TRUNCATED,N/A,CRASH_error,False
prime.ml,965,truncation,REJECTED,TRUNCATED,N/A,CRASH_IndexError,False
prime.ml,966,insertion,REJECTED,BAD_OPCODE,N/A,COMPLETED,False
prime.ml,967,opcode_swap,REJECTED,BAD_OPCODE,N/A,CRASH_ValueError,False
prime.ml,968,opcode_swap,REJECTED,BAD_OPCODE,N/A,STEP_LIMIT,False
prime.ml,969,byte_replace,REJECTED,BAD_JUMP,N/A,CRASH_IndexError,False
prime.ml,970,truncation,REJECTED,FALLTHROUGH,N/A,CRASH_IndexError,False
prime.ml,971,truncation,REJECTED,TRUNCATED,N/A,CRASH_error,False
prime.ml,972,byte_replace,REJECTED,LOCAL_RANGE,N/A,CRASH_IndexError,False
prime.ml,973,metadata_max_stack,ACCEPTED,,CLEAN,N/A,False
prime.ml,974,insertion,REJECTED,BAD_OPCODE,N/A,CRASH_ValueError,False
prime.ml,975,byte_replace,REJECTED,BAD_OPCODE,N/A,CRASH_ValueError,False
prime.ml,976,truncation,REJECTED,TRUNCATED,N/A,CRASH_IndexError,False
prime.ml,977,opcode_swap,REJECTED,STACK_UNDERFLOW,N/A,COMPLETED,False
prime.ml,978,operand_corruption,REJECTED,BAD_OPCODE,N/A,COMPLETED,False
prime.ml,979,deletion,REJECTED,BAD_OPCODE,N/A,CRASH_ValueError,False
prime.ml,980,deletion,REJECTED,BAD_OPCODE,N/A,CRASH_ValueError,False
prime.ml,981,deletion,REJECTED,BAD_OPCODE,N/A,CRASH_ValueError,False
prime.ml,982,truncation,REJECTED,FALLTHROUGH,N/A,CRASH_IndexError,False
prime.ml,983,insertion,REJECTED,BAD_OPCODE,N/A,CRASH_ValueError,False
prime.ml,984,deletion,REJECTED,BAD_JUMP,N/A,CRASH_IndexError,False
prime.ml,985,insertion,REJECTED,BAD_OPCODE,N/A,CRASH_ValueError,False
prime.ml,986,metadata_num_locals,REJECTED,LOCAL_RANGE,N/A,COMPLETED,False
prime.ml,987,opcode_swap,REJECTED,BAD_OPCODE,N/A,CRASH_IndexError,False
prime.ml,988,metadata_num_locals,REJECTED,LOCAL_RANGE,N/A,CRASH_IndexError,False
prime.ml,989,insertion,REJECTED,BAD_OPCODE,N/A,CRASH_ValueError,False
prime.ml,990,truncation,REJECTED,BAD_JUMP,N/A,CRASH_IndexError,False
prime.ml,991,byte_replace,ACCEPTED,,CLEAN,N/A,False
prime.ml,992,bit_flip,REJECTED,BAD_OPCODE,N/A,CRASH_ValueError,False
prime.ml,993,operand_corruption,REJECTED,BAD_OPCODE,N/A,COMPLETED,False
prime.ml,994,insertion,REJECTED,BAD_OPCODE,N/A,CRASH_ValueError,False
prime.ml,995,insertion,REJECTED,BAD_OPCODE,N/A,CRASH_ValueError,False
prime.ml,996,truncation,REJECTED,TRUNCATED,N/A,CRASH_IndexError,False
prime.ml,997,bit_flip,REJECTED,BAD_OPCODE,N/A,COMPLETED,False
prime.ml,998,byte_replace,REJECTED,BAD_OPCODE,N/A,CRASH_ValueError,False
prime.ml,999,metadata_num_locals,REJECTED,LOCAL_RANGE,N/A,COMPLETED,False
prime.ml,1000,opcode_swap,REJECTED,FALLTHROUGH,N/A,CRASH_IndexError,False
